Workbook
Name A1J: 'CIRCUIT SIMULATION'!$DS$895

Sheet DATA TRANSFER
A816: Unity_DS3D (CPU_WS)
A819: Unity INPUTS from DS3D | I819: OUTPUT TO DS3D | R819: TO UNITY
A820: SR.No | B820: Variable | C820: Labels | D820: Units | E820: Data Type | F820: Value | G820: Remark | I820: SR.No | J820: Variable | K820: Labels | L820: Units | M820: Data Type | N820: Value | O820: Remark | P820: Do not touch | R820: Requirement | S820: Remarks
A821: 1 | B821: Active_Fault_Status | C821: Active Fault Status | D821: Code | E821: Integer | F821: 1 | G821: If Fault is active: 1, Fault Inactive: 0 | I821: 1 | J821: BlueArrowOut | K821: Fresh Air arrow | L821: Fresh Air blue arrow | M821: Integer | N821: 5 | O821: 0-10 (Speed) | P821: =IF('Mode Logic'!V18=1,5,0) | R821: Every Arrow with Speed
A822: 2 | B822: Current_Step_Number | C822: Current Step Number | D822: Step | E822: Integer | F822: 1 | G822: 1-based step index in procedure (0 = reset/unstarted) | I822: 2 | J822: Fan1 | K822: Condensor Fan RedArrow Set 1 | L822: Condensor Fan RedArrow Set 1 | M822: Integer | N822: 5 | O822: 0-10 (Speed) | P822: =IF('Mode Logic'!T18=1,5,0) | R822: Every Arrow Colour Control
A823: 3 | B823: Total_Steps | C823: Total Steps in Procedure | D823: Steps | E823: Integer | F823: 15 | G823: Total steps for active fault | I823: 3 | J823: Fan2 | K823: Evaporator Fan RedArrow Set 2 | L823: Evaporator Fan RedArrow Set 2 | M823: Integer | N823: 5 | O823: 0-10 (Speed) | P823: =IF('Mode Logic'!U18=1,5,0) | R823: Application Quit
A824: 4 | B824: Wrong_Attempts | C824: Wrong Attempts Counter | D824: Count | E824: Integer | F824: 0 | G824: Total number of times wrong steps were taken | I824: 4 | J824: GreenArrowIN1 | K824: Fresh Air Damper Right | L824: Fresh Air Damper Right | M824: Integer | N824: 0 | O824: 0-10 (Speed) | P824: =IF('Mode Logic'!P18=1,5,0) | R824: Fresh Air Damper Left Position
A825: 5 | B825: Fault_101_Status | C825: Fault 101: No HVAC operations | D825: State | E825: Boolean | F825: 0 | G825: 0: Inactive, 1: Active (14 steps) | I825: 5 | J825: GreenArrowIN2 | K825: Fresh Air Damper left | L825: Fresh Air Damper left | M825: Integer | N825: 0 | O825: 0-10 (Speed) | P825: =IF('Mode Logic'!P18=1,5,0) | R825: Fresh Air Damper Right Position
A826: 6 | B826: Fault_102_Status | C826: Fault 102: No ventilation | D826: State | E826: Boolean | F826: 0 | G826: 0: Inactive, 1: Active (22 steps) | I826: 6 | J826: YellowArrowIn | K826: Return Air Damper | L826: Return Air Damper | M826: Integer | N826: 5 | O826: 0-10 (Speed) | P826: =IF('Mode Logic'!Q18=1,5,0) | R826: Return Air Damper Position
A827: 7 | B827: Fault_103_Status | C827: Fault 103: Reduced ventilation | D827: State | E827: Boolean | F827: 0 | G827: 0: Inactive, 1: Active (15 steps) | I827: 7 | J827: RedArrow_Inlet | K827: Fresh Air arrow Colour | L827: Intensity | M827: Float | N827: 0 | O827: 0: Red, 1: Green, 2: Yellow, 3: Blue | R827: Fault Code | S827: Code to trigger the repective fault on Unity
A828: 8 | B828: Fault_104_Status | C828: Fault 104: Suction low and discharge low (C1) | D828: State | E828: Boolean | F828: 1 | G828: 0: Inactive, 1: Active (15 steps) | I828: 8 | J828: RedArrow_Outlet | K828: Condensor Fan RedArrow Set 1 Colour | L828: Intensity | M828: Float | N828: 0 | O828: 0: Red, 1: Green, 2: Yellow, 3: Blue | R828: Fault Reset Trigger | S828: Boolean in Excel toReset Entire Screen to Normal Mode
A829: 9 | B829: Fault_105_Status | C829: Fault 105: Suction low and discharge low (C2) | D829: State | E829: Boolean | F829: 0 | G829: 0: Inactive, 1: Active (14 steps) | I829: 9 | J829: BlueArrow_Outlet | K829: Evaporator Fan RedArrow Set 2 Colour | L829: Intensity | M829: Float | N829: 0 | O829: 0: Red, 1: Green, 2: Yellow, 3: Blue | R829: Show Hide Objects
A830: 10 | B830: Fault_106_Status | C830: Fault 106: High suction and high discharge | D830: State | E830: Boolean | F830: 0 | G830: 0: Inactive, 1: Active (26 steps) | I830: 10 | J830: GreenArrow_Inlet | K830: Fresh Air Inlet Color Intensity | L830: Intensity | M830: Float | N830: 0 | O830: 0-10 (Material color lerp) | R830: All Component Highlight | S830: As per discussion
A831: 11 | B831: Fault_107_Status | C831: Fault 107: Compressor not operating | D831: State | E831: Boolean | F831: 0 | G831: 0: Inactive, 1: Active (40 steps) | I831: 11 | J831: YellowArrow_Inlet | K831: Return Air Inlet Color Intensity | L831: Intensity | M831: Float | N831: 0 | O831: 0-10 (Material color lerp)
A832: 12 | B832: Fault_108_Status | C832: Fault 108: Reduced cooling | D832: State | E832: Boolean | F832: 0 | G832: 0: Inactive, 1: Active (33 steps) | I832: 12 | J832: FADL | K832: Fresh Air Damper Left Position | L832: Position | M832: Float | N832: 0 | O832: %
A833: 13 | B833: Fault_109_Status | C833: Fault 109: No Heating | D833: State | E833: Boolean | F833: 0 | G833: 0: Inactive, 1: Active (15 steps) | I833: 13 | J833: FADR | K833: Fresh Air Damper Right Position | L833: Position | M833: Float | N833: 0 | O833: %
A834: 14 | B834: Fault_110_Status | C834: Fault 110: Over Cooling | D834: State | E834: Boolean | F834: 0 | G834: 0: Inactive, 1: Active (8 steps) | I834: 14 | J834: RAD | K834: Return Air Damper Position | L834: Position | M834: Float | N834: 0 | O834: 0 &100%
A835: 15 | B835: Fault_111_Status | C835: Fault 111: Over Heating | D835: State | E835: Boolean | F835: 0 | G835: 0: Inactive, 1: Active (7 steps) | I835: 15 | J835: DS3D_OFF | K835: DS3D Application Quit | L835: DS3D OFF | M835: Integer | N835: 0 | O835: 0: Running, 1: Shutdown
A836: 16 | B836: Fault_112_Status | C836: Fault 112: No emergency ventilation | D836: State | E836: Boolean | F836: 0 | G836: 0: Inactive, 1: Active (14 steps) | I836: 16 | J836: Fault_Code_Trigger | K836: Fault Trigger Scenario Code | L836: Code | M836: Integer | N836: 104 | O836: Active Fault to Unity (101-114 active)
A837: 17 | B837: Fault_113_Status | C837: Fault 113: Smoke identified in saloon | D837: State | E837: Boolean | F837: 0 | G837: 0: Inactive, 1: Active (13 steps) | I837: 17 | J837: Fault_reset | K837: Fault Reset Trigger | L837: Command | M837: Integer | N837: 0 | O837: 0: Idle, 1: Reset
A838: 18 | B838: Fault_114_Status | C838: Fault 114: Compressor / Blower noisy | D838: State | E838: Boolean | F838: 0 | G838: 0: Inactive, 1: Active (36 steps) | I838: 18 | J838: ShowHideObjects | K838: Toggle Component Visibility | L838: State | M838: Boolean | N838: 0 | O838: 0: Hide, 1: Show
A839: 19 | B839: Fault_115_Status | C839: Fault 115: Spare Fault Scenario | D839: State | E839: Boolean | F839: 0 | G839: 0: Inactive, 1: Active (Reserved in Excel) | I839: 19 | J839: Compresor 1_Highlights | K839: Toggle Compressor Highlights Visibility | L839: State | M839: Boolean | N839: 1 | O839: 0: Hide Highlights, 1: Show Highlights
A840: 20 | B840: Fault_116_Status | C840: Fault 116: Spare Fault Scenario | D840: State | E840: Boolean | F840: 0 | G840: 0: Inactive, 1: Active (Reserved in Excel) | I840: 20 | J840: Compresor 2_Highlights | K840: Toggle Compressor Highlights Visibility | L840: State | M840: Boolean | N840: 1 | O840: 0: Hide Highlights, 1: Show Highlights
A841: 21 | C841: Spare | E841: Boolean | I841: 21 | J841: Compresor 3_Highlights | K841: Toggle Compressor Highlights Visibility | L841: State | M841: Boolean | N841: 1 | O841: 0: Hide Highlights, 1: Show Highlights
A842: 22 | C842: Spare | E842: Boolean | I842: 22 | J842: Compresor 4_Highlights | K842: Toggle Compressor Highlights Visibility | L842: State | M842: Boolean | N842: 1 | O842: 0: Hide Highlights, 1: Show Highlights
A843: 23 | C843: Spare | E843: Boolean | I843: 23 | J843: FAT_Sensor_Highlights | K843: Toggle FAT Sensor Highlight Visibility | L843: State | M843: Boolean | N843: 1 | O843: 0: Hide Highlights, 1: Show Highlights (Fresh Air Temp)
A844: 24 | C844: Spare | E844: Boolean | I844: 24 | J844: RAT_Sensor_Highlights | K844: Toggle RAT Sensor Highlight Visibility | L844: State | M844: Boolean | N844: 1 | O844: 0: Hide Highlights, 1: Show Highlights (Return Air Temp)
A845: 25 | C845: Spare | E845: Boolean | I845: 25 | J845: SAT_Sensor_Highlights | K845: Toggle SAT Sensor Highlight Visibility | L845: State | M845: Boolean | N845: 1 | O845: 0: Hide Highlights, 1: Show Highlights (Supply Air Temp)
A846: 26 | C846: Spare | E846: Boolean | I846: 26 | J846: Smoke_Detector_Highlights | K846: Toggle Smoke Detector Highlight Visibility | L846: State | M846: Boolean | N846: 1 | O846: 0: Hide Highlights, 1: Show Highlights (Smoke Detector)
A847: 27 | C847: Spare | E847: Boolean | I847: 27 | J847: Spare Sensor | K847: Spare | M847: Integer | N847: 0
A848: 28 | C848: Spare | E848: Boolean | I848: 28 | J848: Spare Sensor | K848: Spare | M848: Integer | N848: 0
A849: 29 | C849: Spare | E849: Boolean | I849: 29 | K849: Spare | M849: Integer | N849: 0
A850: 30 | C850: Spare | E850: Boolean | I850: 30 | K850: Spare | M850: Integer | N850: 0
A851: 31 | C851: Spare | E851: Boolean | I851: 31 | K851: Spare | M851: Integer | N851: 0
A852: 32 | C852: Spare | E852: Boolean | I852: 32 | K852: Spare | M852: Integer | N852: 0
A853: 33 | C853: Spare | E853: Boolean | I853: 33 | K853: Spare | M853: Integer | N853: 0
A854: 34 | B854: Telemetry_Event | C854: Telemetry Event Name | D854: String | E854: String | F854: fault_started | G854: fault_started / step_completed / fault_completed | I854: 34 | K854: Spare | M854: Integer | N854: 0
I855: 35 | K855: Spare | M855: Integer | N855: 0
I856: 36 | K856: Spare | M856: Integer | N856: 0
I857: 37 | K857: Spare | M857: Integer | N857: 0
I858: 38 | K858: Spare | M858: Integer | N858: 0
I859: 39 | K859: Spare | M859: Integer | N859: 0
I860: 40 | K860: Spare | M860: Integer | N860: 0
I861: 41 | K861: Spare | M861: Integer | N861: 0
I862: 42 | K862: Spare | M862: Integer | N862: 0
I863: 43 | K863: Spare | M863: Integer | N863: 0
I864: 44 | K864: Spare | M864: Integer | N864: 0
I865: 45 | K865: Spare | M865: Integer | N865: 0
I866: 46 | K866: Spare | M866: Integer | N866: 0
... I869: 49 | K869: Spare | M869: Integer | N869: 0

Sheet Set point Calc
A1: Ambient Temperature | B1: ='DATA TRANSFER'!F39 | E1: Temp | F1: Celcius | G1: Kelvin
A2: Setpoint | B2: ='DATA TRANSFER'!F37 | E2: T1 | F2: 18 | G2: 291.15
A3: RAT | B3: =Calculation!B36 | E3: T2 | F3: 25 | G3: 298.15
E4: T3 | F4: 43 | G4: 316.15
E5: T4 | F5: 10 | G5: 283.15
E6: T5 | F6: 11 | G6: 284.15
E7: T6 | F7: 12 | G7: 285.15
E8: T7 | F8: 30 | G8: 303.15
A12: Set point | B12: Amb<T1 | D12: T1<Amb<T2 | F12: T2<Amb<T3 | H12: Amb>T3 | J12: Final SP Value
B13: Status | C13: SP Value | D13: Status | E13: SP Value | F13: Status | G13: SP Value | H13: Status | I13: SP Value | J13: SP Value
B14: =IF(B1<F2,1,0) | C14: =IF(B1<F2,F2,0) | D14: =IF(AND(B1>F2,B1<F3),1,0) | E14: =IF(D14=1,1*(F3-B1)+18,0) | F14: =IF(AND(B1<F4,B1>F3),1,0) | G14: =IF(AND(B1<F4,B1>F3),F3,0) | H14: =IF(B1>F4,1,0) | I14: =IF(B1>F4,B1-18,0) | J14: =MAX(C14,E14,G14,I14)
A16: Cooling Circuit | B16: Amb<T4 | D16: Amb<T6 | F16: Amb>=T6 | H16: Final Status
B17: Cooling Circuit 1 | C17: Cooling Circuit 2 | D17: Cooling Circuit 1 | E17: Cooling Circuit 2 | F17: Cooling Circuit 1 | G17: Cooling Circuit 2 | H17: Cooling Circuit 1 | I17: Cooling Circuit 2
B18: 0 | C18: 0 | D18: 1 | E18: 0 | F18: 1 | G18: 1 | H18: =IF(OR(AND(B1>F5,B1<F7),B1>F8),1,0) | I18: =IF(B1>F8,1,0)
A21: Heater | B21: Amb<T5 | D21: Amb>T5 | F21: Amb>T7 | H21: Final Status
B22: OH Heater 1 | C22: OH Heater 2 | D22: OH Heater 1 | E22: OH Heater 2 | F22: OH Heater 1 | G22: OH Heater 2 | H22: OH Heater 1 | I22: OH Heater 2
B23: 1 | C23: 1 | D23: 1 | E23: 0 | F23: 0 | G23: 0 | H23: =IF(OR(AND(B1>F6,B1<F8),B1<F6),1,0) | I23: =IF(B1<F6,1,0)
DL171: ='DATA TRANSFER'!F37

Sheet Fault Logic
E1: =E2 | J1: =J2 | O1: =O2 | T1: =T2 | Y1: =Y2 | AD1: =AD2 | AI1: =AI2 | AN1: =AN2 | AS1: =AS2 | AX1: =AX2 | BC1: =BC2 | BH1: =BH2 | BM1: =BM2 | BR1: =BR2
B2: Components | C2: Status | E2: Fault 101 | F2: No HVAC Operation | G2: Steps Complete | H2: 4 | J2: Fault 102 | K2: No Ventilation | L2: Steps Complete | M2: 0 | O2: Fault 103 | P2: Reduced Ventilation | Q2: Steps Complete | R2: 8 | T2: Fault 104 | U2: Suction low and discharge low | V2: Steps Complete | W2: 1 | Y2: Fault 105 | Z2: Suction low and discharge low | AA2: Steps Complete | AB2: 8 | AD2: Fault 106 | AE2: High suction and high discharge | AF2: Steps Complete | AG2: 8 | AI2: Fault 107 | AJ2: Compressor not Operating | AK2: Steps Complete | AL2: 8 | AN2: Fault 108 | AO2: Reduced Cooling | AP2: Steps Complete | AQ2: 8 | AS2: Fault 109 | AT2: No Heating | AU2: Steps Complete | AV2: 8 | AX2: Fault 110 | AY2: Overcooling | AZ2: Steps Complete | BA2: 8 | BC2: Fault 111 | BD2: Overheating | BE2: Steps Complete | BF2: 8 | BH2: Fault 112 | BI2: No Emergency Ventilation | BJ2: Steps Complete | BK2: 8 | BM2: Fault 113 | BN2: Smoke Identified in Saloon | BO2: Steps Complete | BP2: 8 | BR2: Fault 114 | BS2: Compressor is excessively noisy | Condenser Fan or Supply air Blower is excessively noisy | Noisy TX valve | HVAC unit is noisy | BT2: Steps Complete | BU2: 2
B3: HVAC OFF | E3: Cause 1 | F3: =_xlfn.CONCAT("Faulty"," ",F26) | G3: =IF(H4=1,1,0) | H3: Cause Triggered | J3: Cause 1 | K3: =_xlfn.CONCAT("Faulty"," ",K34) | L3: =IF(M4=1,1,0) | M3: Cause Triggered | O3: Cause 1 | P3: =_xlfn.CONCAT("Faulty"," ",P27) | Q3: =IF(R4=1,1,0) | R3: Cause Triggered | T3: Cause 1 | U3: =U27 | V3: =IF(W4=1,1,0) | W3: Cause Triggered | Y3: Cause 1 | Z3: =_xlfn.CONCAT(Z26," ","Faulty") | AA3: =IF(AB4=1,1,0) | AB3: Cause Triggered | AD3: Cause 1 | AE3: =_xlfn.CONCAT(AE40," ","Faulty") | AF3: =IF(AG4=1,1,0) | AG3: Cause Triggered | AI3: Cause 1 | AJ3: =_xlfn.CONCAT(AJ59," ","Faulty") | AK3: =IF(AL4=1,1,0) | AL3: Cause Triggered | AN3: Cause 1 | AO3: =_xlfn.CONCAT(AO58," ","Faulty") | AP3: =IF(AQ4=1,1,0) | AQ3: Cause Triggered | AS3: Cause 1 | AT3: =_xlfn.CONCAT(AT34," ","Faulty") | AU3: =IF($AV$4=1,1,0) | AV3: Cause Triggered | AX3: Cause 1 | AY3: =_xlfn.CONCAT(AY27," ","Faulty") | AZ3: =IF(BA4=1,1,0) | BA3: Cause Triggered | BC3: Cause 1 | BD3: =_xlfn.CONCAT(BD21," ","Faulty") | BE3: =IF(BF4=1,1,0) | BF3: Cause Triggered | BH3: Cause 1 | BI3: =_xlfn.CONCAT(BI27," ","Faulty") | BJ3: =IF(BK4=1,1,0) | BK3: Cause Triggered | BM3: Cause 1 | BN3: =_xlfn.CONCAT(BN25," ","Faulty") | BO3: =IF(BP4=1,1,0) | BP3: Cause Triggered | BR3: Cause 1 | BS3: =_xlfn.CONCAT(BS85," ","Faulty") | BT3: =IF($BU$4=1,1,0) | BU3: Cause Triggered
B4: Control Panel Circuit Breakers | E4: Cause 2 | F4: =_xlfn.CONCAT("Faulty"," ",F27) | G4: =IF(H4=2,1,0) | H4: 1 | J4: Cause 2 | K4: =_xlfn.CONCAT("Faulty"," ",K35) | L4: =IF(M4=2,1,0) | M4: 1 | O4: Cause 2 | P4: =_xlfn.CONCAT("Faulty"," ",P28) | Q4: =IF(R4=2,1,0) | R4: 0 | T4: Cause 2 | U4: =_xlfn.CONCAT(U28," ","Faulty") | V4: =IF(W4=2,1,0) | W4: 1 | Y4: Cause 2 | Z4: =_xlfn.CONCAT(Z27," ","Faulty") | AA4: =IF(AB4=2,1,0) | AB4: 0 | AD4: Cause 2 | AE4: =_xlfn.CONCAT(AE41," ","Faulty") | AF4: =IF($AG$4=2,1,0) | AG4: 0 | AI4: Cause 2 | AJ4: =_xlfn.CONCAT(AJ60," ","Faulty") | AK4: =IF(AL4=2,1,0) | AL4: 0 | AN4: Cause 2 | AO4: =_xlfn.CONCAT(AO59," ","Damaged") | AP4: =IF($AQ$4=2,1,0) | AQ4: 0 | AS4: Cause 2 | AT4: =_xlfn.CONCAT(AT35," ","Faulty") | AU4: =IF($AV$4=2,1,0) | AV4: 0 | BA4: 0 | BC4: Cause 2 | BD4: =_xlfn.CONCAT(BD22," ","Faulty") | BE4: =IF(BF4=2,1,0) | BF4: 0 | BK4: 0 | BM4: Cause 2 | BN4: =_xlfn.CONCAT(BN26," ","Faulty") | BO4: =IF(BP4=2,1,0) | BP4: 0 | BR4: Cause 2 | BS4: =_xlfn.CONCAT(BS86," ","Faulty") | BT4: =IF($BU$4=1,1,0) | BU4: 0
B5: Supply Air Fan | J5: Cause 3 | K5: =_xlfn.CONCAT("Faulty"," ",K36) | L5: =IF(M4=3,1,0) | O5: Cause 3 | P5: Refrigerant Leak | Q5: =IF(R4=3,1,0) | AD5: Cause 3 | AE5: =_xlfn.CONCAT(AE42," ","Faulty") | AF5: =IF($AG$4=3,1,0) | AI5: Cause 3 | AJ5: =_xlfn.CONCAT(AJ61," ","Faulty") | AK5: =IF(AL4=3,1,0) | AN5: Cause 3 | AO5: =_xlfn.CONCAT(AO60," ","Faulty") | AP5: =IF($AQ$4=3,1,0) | AS5: Cause 3 | AT5: =_xlfn.CONCAT(AT36," ","Faulty") | AU5: =IF($AV$4=3,1,0) | BR5: Cause 3 | BS5: =_xlfn.CONCAT(BS87," ","Faulty") | BT5: =IF($BU$4=3,1,0)
B6: =K36 | E6: Sr No | F6: Fault Step | G6: Step Status | H6: Remarks | J6: Sr No | K6: Fault Step | L6: Step Status | M6: Remarks | O6: Sr No | P6: Fault Step | Q6: Step Status | R6: Remarks | T6: Sr No | U6: Fault Step | V6: Step Status | W6: Remarks | Y6: Sr No | Z6: Fault Step | AA6: Step Status | AB6: Remarks | AD6: Cause 4 | AE6: =_xlfn.CONCAT(AE43," ","Faulty") | AF6: =IF($AG$4=4,1,0) | AI6: Sr No | AJ6: Fault Step | AK6: Step Status | AL6: Remarks | AN6: Cause 4 | AO6: =_xlfn.CONCAT(AO61," ","Damaged") | AP6: =IF($AQ$4=4,1,0) | AS6: Cause 4 | AT6: =AT37 | AU6: =IF($AV$4=4,1,0) | AX6: Sr No | AY6: Fault Step | AZ6: Step Status | BA6: Remarks | BC6: Sr No | BD6: Fault Step | BE6: Step Status | BF6: Remarks | BH6: Sr No | BI6: Fault Step | BJ6: Step Status | BK6: Remarks | BM6: Sr No | BN6: Fault Step | BO6: Step Status | BP6: Remarks | BR6: Cause 4 | BS6: =_xlfn.CONCAT(BS88," ","Faulty") | BT6: =IF($BU$4=4,1,0)
B7: Compressor | C7: 1 | E7: 1 | F7: Loosen and remove 24 nos M8X20 bolts (8) along with washer set (7) to open evaporator cover (9). (Spanner) | G7: =IF($H$2>=E7,1,0) | H7: 1: Complete, 0: Incomplete | J7: 1 | K7: Loosen and remove 24 nos M8X20 bolts (8) along with washer set (7) to open evaporator cover (9). (Spanner) | L7: =IF($M$2>=J7,1,0) | M7: 1: Complete, 0: Incomplete | O7: 1 | P7: Loosen and remove 24 nos M8X20 bolts (8) along with washer set (7) to open evaporator cover (9). (Spanner) | Q7: =IF($R$2>=O7,1,0) | R7: 1: Complete, 0: Incomplete | T7: 1 | U7: Loosen and remove 24 nos M8X20 bolts (8) along with washer set (7) to open evaporator cover (9). (Spanner) | V7: =IF($W$2>=T7,1,0) | W7: 1: Complete, 0: Incomplete | Y7: 1 | Z7: Remove Condenser Mesh with lifting device (Lifting Device) | AA7: =IF($AB$2>=Y7,1,0) | AB7: 1: Complete, 0: Incomplete | AD7: Sr No | AE7: Fault Step | AF7: Step Status | AG7: Remarks | AI7: 1 | AJ7: Loosen and remove 24 nos M8X20 bolts (8) along with washer set (7) to open evaporator cover (9). (Spanner) | AK7: =IF($AL$2>=AI7,1,0) | AL7: 1: Complete, 0: Incomplete | AN7: Cause 5 | AO7: =_xlfn.CONCAT(AO62," ","Faulty") | AP7: =IF($AQ$4=5,1,0) | AS7: Cause 5 | AT7: =_xlfn.CONCAT(AT38," ","Faulty") | AU7: =IF($AV$4=5,1,0) | AX7: 1 | AY7: Loosen and remove 24 nos M8X20 bolts (8) along with washer set (7) to open evaporator cover (9). (Spanner) | AZ7: =IF($BA$2>=AX7,1,0) | BA7: 1: Complete, 0: Incomplete | BC7: 1 | BD7: Loosen and remove 24 nos M8X20 bolts (8) along with washer set (7) to open evaporator cover (9). (Spanner) | BE7: =IF(BF$2>=BC7,1,0) | BF7: 1: Complete, 0: Incomplete | BH7: 1 | BI7: Loosen and remove 24 nos M8X20 bolts (8) along with washer set (7) to open evaporator cover (9). (Spanner) | BJ7: =IF($BK$2>=BH7,1,0) | BK7: 1: Complete, 0: Incomplete | BM7: 1 | BN7: Loosen and remove 24 nos M8X20 bolts (8) along with washer set (7) to open evaporator cover (9). (Spanner) | BO7: =IF($BP$2>=BM7,1,0) | BP7: 1: Complete, 0: Incomplete | BR7: Cause 5 | BS7: =_xlfn.CONCAT(BS89," ","Faulty") | BT7: =IF($BU$4=5,1,0)
B8: Supply Air Fan Circuit | E8: =E7+1 | F8: Remove hinge pins to remove the evaporator cover (9) from HVAC unit. (Pliers) | G8: =IF($H$2>=E8,1,0) | J8: =J7+1 | K8: Remove hinge pins to remove the evaporator cover (9) from HVAC unit. (Pliers) | L8: =IF($M$2>=J8,1,0) | O8: =O7+1 | P8: Remove hinge pins to remove the evaporator cover (9) from HVAC unit. (Pliers) | Q8: =IF($R$2>=O8,1,0) | T8: =T7+1 | U8: Remove hinge pins to remove the evaporator cover (9) from HVAC unit. (Pliers) | V8: =IF($W$2>=T8,1,0) | Y8: =Y7+1 | Z8: Remove Condenser Coil & Filter with lifting device (Lifting Device) | AA8: =IF($AB$2>=Y8,1,0) | AD8: 1 | AE8: Unscrew Fan cover bolt (Spanner) | AF8: =IF($AG$2>=AD8,1,0) | AG8: 1: Complete, 0: Incomplete | AI8: =AI7+1 | AJ8: Remove hinge pins to remove the evaporator cover (9) from HVAC unit. (Pliers) | AK8: =IF($AL$2>=AI8,1,0) | AN8: Cause 6 | AO8: =_xlfn.CONCAT(AO63," ","Faulty") | AP8: =IF($AQ$4=6,1,0) | AS8: Sr No | AT8: Fault Step | AU8: Step Status | AV8: Remarks | AX8: =AX7+1 | AY8: Remove hinge pins to remove the evaporator cover (9) from HVAC unit. (Pliers) | AZ8: =IF($BA$2>=AX8,1,0) | BC8: =BC7+1 | BD8: Remove hinge pins to remove the evaporator cover (9) from HVAC unit. (Pliers) | BE8: =IF(BF$2>=BC8,1,0) | BH8: =BH7+1 | BI8: Remove hinge pins to remove the evaporator cover (9) from HVAC unit. (Pliers) | BJ8: =IF($BK$2>=BH8,1,0) | BM8: =BM7+1 | BN8: Remove hinge pins to remove the evaporator cover (9) from HVAC unit. (Pliers) | BO8: =IF($BP$2>=BM8,1,0) | BR8: Cause 6 | BS8: =_xlfn.CONCAT(BS90," ","Faulty") | BT8: =IF($BU$4=6,1,0)
B9: Supply Air Filter | E9: =E8+1 | F9: Remove the evaporator cover (9) from HVAC unit using suitable lifting device. (None) | G9: =IF($H$2>=E9,1,0) | J9: =J8+1 | K9: Remove the evaporator cover (9) from HVAC unit using suitable lifting device. (None) | L9: =IF($M$2>=J9,1,0) | O9: =O8+1 | P9: Remove the evaporator cover (9) from HVAC unit using suitable lifting device. (None) | Q9: =IF($R$2>=O9,1,0) | T9: =T8+1 | U9: Remove the evaporator cover (9) from HVAC unit using suitable lifting device. (None) | V9: =IF($W$2>=T9,1,0) | Y9: =Y8+1 | Z9: Check for leaks using Electronic leak detector (Electronic Leak Detector) | AA9: =IF($AB$2>=Y9,1,0) | AD9: =AD8+1 | AE9: Open fan cover (Insulated Gloves) | AF9: =IF($AG$2>=AD9,1,0) | AI9: =AI8+1 | AJ9: Remove the evaporator cover (9) from HVAC unit using suitable lifting device. (None) | AK9: =IF($AL$2>=AI9,1,0) | AN9: Sr No | AO9: Fault Step | AP9: Step Status | AQ9: Remarks | AS9: 1 | AT9: Loosen and remove 24 nos M8X20 bolts (8) along with washer set (7) to open evaporator cover (9). (Spanner) | AU9: =IF($AV$2>=AS9,1,0) | AV9: 1: Complete, 0: Incomplete | AX9: =AX8+1 | AY9: Remove the evaporator cover (9) from HVAC unit using suitable lifting device. (None) | AZ9: =IF($BA$2>=AX9,1,0) | BC9: =BC8+1 | BD9: Remove the evaporator cover (9) from HVAC unit using suitable lifting device. (None) | BE9: =IF(BF$2>=BC9,1,0) | BH9: =BH8+1 | BI9: Remove the evaporator cover (9) from HVAC unit using suitable lifting device. (None) | BJ9: =IF($BK$2>=BH9,1,0) | BM9: =BM8+1 | BN9: Remove the evaporator cover (9) from HVAC unit using suitable lifting device. (None) | BO9: =IF($BP$2>=BM9,1,0) | BR9: Cause 7 | BS9: =_xlfn.CONCAT(BS91," ","Faulty") | BT9: =IF($BU$4=7,1,0)
B10: Evaporator Coil Damage | E10: =E9+1 | F10: Remove electrical control panel assembly (Spanner) | G10: =IF($H$2>=E10,1,0) | J10: =J9+1 | K10: Remove electrical control panel assembly (Spanner) | L10: =IF($M$2>=J10,1,0) | O10: =O9+1 | P10: Open supply air blower (Spanner) | Q10: =IF($R$2>=O10,1,0) | T10: =T9+1 | U10: Check the evaporator coil (1) for any damages to the fins. (Visual Inspection Lamp) | V10: =IF($W$2>=T10,1,0) | Y10: =Y9+1 | Z10: Open Filter Drier Cover (Screwdriver) | AA10: =IF($AB$2>=Y10,1,0) | AD10: =AD9+1 | AE10: Unscrews Fan Motor Bolt (Spanner) | AF10: =IF($AG$2>=AD10,1,0) | AI10: =AI9+1 | AJ10: Remove electrical control panel assembly (Spanner) | AK10: =IF($AL$2>=AI10,1,0) | AN10: 1 | AO10: Unscrew bottom panel (Spanner) | AP10: =IF($AQ$2>=AN10,1,0) | AQ10: 1: Complete, 0: Incomplete | AS10: =AS9+1 | AT10: Remove hinge pins to remove the evaporator cover (9) from HVAC unit. (Pliers) | AU10: =IF($AV$2>=AS10,1,0) | AX10: =AX9+1 | AY10: Open supply air cover (Spanner) | AZ10: =IF($BA$2>=AX10,1,0) | BC10: =BC9+1 | BD10: Check the temperature sensors for any damage (Clamp Thermometer) | BE10: =IF(BF$2>=BC10,1,0) | BH10: =BH9+1 | BI10: Remove electrical control panel assembly (Spanner) | BJ10: =IF($BK$2>=BH10,1,0) | BM10: =BM9+1 | BN10: Remove the fresh air dampers (Spanner) | BO10: =IF($BP$2>=BM10,1,0) | BR10: Cause 8 | BS10: =_xlfn.CONCAT(BS92," ","Faulty") | BT10: =IF($BU$4=8,1,0)
B11: TX Valve | E11: =E10+1 | F11: Check all circuit breakers and close. (Multimeter) | G11: =IF($H$2>=E11,1,0) | J11: =J10+1 | K11: Check all circuit breakers and close. (Multimeter) | L11: =IF($M$2>=J11,1,0) | O11: =O10+1 | P11: Clean the supply air blower (1) with compressed air. (Compressed Air Gun) | Q11: =IF($R$2>=O11,1,0) | T11: =T10+1 | U11: Check and defrost evaporator coil. (Visual Inspection) | V11: =IF($W$2>=T11,1,0) | Y11: =Y10+1 | Z11: Remove Filter Drier (Insulated Gloves) | AA11: =IF($AB$2>=Y11,1,0) | AD11: =AD10+1 | AE11: Remove Fan Motor (Insulated Gloves) | AF11: =IF($AG$2>=AD11,1,0) | AI11: =AI10+1 | AJ11: Check all circuit breakers and close. (Multimeter) | AK11: =IF($AL$2>=AI11,1,0) | AN11: =AN10+1 | AO11: Remove bottom panel (Insulated Gloves) | AP11: =IF($AQ$2>=AN11,1,0) | AS11: =AS10+1 | AT11: Remove the evaporator cover (9) from HVAC unit using suitable lifting device. (None) | AU11: =IF($AV$2>=AS11,1,0) | AX11: =AX10+1 | AY11: Remove FAT Bolt (Spanner) | AZ11: =IF($BA$2>=AX11,1,0) | BC11: =BC10+1 | BD11: RAT Damaged (Visual Inspection) | BE11: =IF(BF$2>=BC11,1,0) | BH11: =BH10+1 | BI11: Check all circuit breakers and close. (Multimeter) | BJ11: =IF($BK$2>=BH11,1,0) | BM11: =BM10+1 | BN11: Replace the fresh air dampers (Visual Inspection) | BO11: =IF($BP$2>=BM11,1,0) | BR11: Cause 9 | BS11: =_xlfn.CONCAT(BS93," ","Faulty") | BT11: =IF($BU$4=9,1,0)
B12: Filter Drier | E12: =E11+1 | F12: Unplug the connected wires (Screwdriver) | G12: =IF($H$2>=E12,1,0) | J12: =J11+1 | K12: Unplug the connected wires (Screwdriver) | L12: =IF($M$2>=J12,1,0) | O12: =O11+1 | P12: Rotate supply air blower (1) motor with hand and ensure that only a light force is required to rotate it. (Insulated Hand Gloves) | Q12: =IF($R$2>=O12,1,0) | T12: =T11+1 | U12: Use a fin comb to straighten any bent fins. (Fin Comb) | V12: =IF($W$2>=T12,1,0) | Y12: =Y11+1 | Z12: Replace Filter Drier (None) | AA12: =IF($AB$2>=Y12,1,0) | AD12: =AD11+1 | AE12: Replace Fan Motor (None) | AF12: =IF($AG$2>=AD12,1,0) | AI12: =AI11+1 | AJ12: Unplug the connected wires (Screwdriver) | AK12: =IF($AL$2>=AI12,1,0) | AN12: =AN11+1 | AO12: Unscrew return air damper (Spanner) | AP12: =IF($AQ$2>=AN12,1,0) | AS12: =AS11+1 | AT12: Remove electrical control panel assembly (Spanner) | AU12: =IF($AV$2>=AS12,1,0) | AX12: =AX11+1 | AY12: Replace with new FAT Sensor (None) | AZ12: =IF($BA$2>=AX12,1,0) | BC12: =BC11+1 | BD12: Unbolt the return air temperature sensor (Spanner) | BE12: =IF(BF$2>=BC12,1,0) | BH12: =BH11+1 | BI12: Unplug the connected wires (Screwdriver) | BJ12: =IF($BK$2>=BH12,1,0) | BM12: =BM11+1 | BN12: Unscrew fresh air filter bolt (Screwdriver) | BO12: =IF($BP$2>=BM12,1,0) | BR12: Sr No | BS12: Fault Step | BT12: Step Status | BU12: Remarks
B13: Condensor Fan Motor | E13: =E12+1 | F13: Remove electrical plugs. (Insulated Gloves) | G13: =IF($H$2>=E13,1,0) | J13: =J12+1 | K13: Remove electrical plugs. (Insulated Gloves) | L13: =IF($M$2>=J13,1,0) | O13: =O12+1 | P13: Remove supply air blower (Screwdriver) | Q13: =IF($R$2>=O13,1,0) | T13: =T12+1 | U13: Wash the evaporator coil (1) with warm to hot water and a small quantity of detergent. The hot water softens the bristles helps the grease to dissolve and removes the chlorides. (Bristle Brush) | V13: =IF($W$2>=T13,1,0) | Y13: =Y12+1 | Z13: Check LP/HP (Manifold Gauge Set) | AA13: =IF($AB$2>=Y13,1,0) | AD13: =AD12+1 | AE13: Clean the condenser fan with dry compressed air (Compressed Air) | AF13: =IF($AG$2>=AD13,1,0) | AI13: =AI12+1 | AJ13: Remove electrical plugs. (Insulated Gloves) | AK13: =IF($AL$2>=AI13,1,0) | AN13: =AN12+1 | AO13: Remove return air damper (Insulated Gloves) | AP13: =IF($AQ$2>=AN13,1,0) | AS13: =AS12+1 | AT13: Check all circuit breakers and close. (Multimeter) | AU13: =IF($AV$2>=AS13,1,0) | AX13: =AX12+1 | AY13: Secure with FAT bolt (None) | AZ13: =IF($BA$2>=AX13,1,0) | BC13: =BC12+1 | BD13: Remove the return air temperature sensor (None) | BE13: =IF(BF$2>=BC13,1,0) | BH13: =BH12+1 | BI13: Remove electrical plugs. (Insulated Gloves) | BJ13: =IF($BK$2>=BH13,1,0) | BM13: =BM12+1 | BN13: Replace fresh air filter (Visual Inspection) | BO13: =IF($BP$2>=BM13,1,0) | BR13: 1 | BS13: Run HVAC 20 mins. (None) | BT13: =IF($BU$2>=BR13,1,0) | BU13: 1: Complete, 0: Incomplete
B14: Condensor Fan Circuit Breaker | E14: =E13+1 | F14: Replace the plugs (Visual Inspection) | G14: =IF($H$2>=E14,1,0) | J14: =J13+1 | K14: Replace the plugs (Visual Inspection) | L14: =IF($M$2>=J14,1,0) | O14: =O13+1 | P14: Replace supply air blower (Visual Inspection) | Q14: =IF($R$2>=O14,1,0) | T14: =T13+1 | U14: Clean the drain tray (2) with wet cloth (Wet Cloth) | V14: =IF($W$2>=T14,1,0) | Y14: =Y13+1 | Z14: Loosen and remove 24 nos M8X20 bolts (8) along with washer set (7) to open evaporator cover (9). (Spanner) | AA14: =IF($AB$2>=Y14,1,0) | AD14: =AD13+1 | AE14: Unscrew condenser fan bolt (Spanner) | AF14: =IF($AG$2>=AD14,1,0) | AI14: =AI13+1 | AJ14: Replace the plugs (Visual Inspection) | AK14: =IF($AL$2>=AI14,1,0) | AN14: =AN13+1 | AO14: Loosen and remove 24 nos M8X20 bolts (8) along with washer set (7) to open evaporator cover (9). (Spanner) | AP14: =IF($AQ$2>=AN14,1,0) | AS14: =AS13+1 | AT14: Unplug the connected wires (Screwdriver) | AU14: =IF($AV$2>=AS14,1,0) | AX14: =AX13+1 | AY14: Remove SAT Bolt (Spanner) | AZ14: =IF($BA$2>=AX14,1,0) | BC14: =BC13+1 | BD14: Replace the return air temperature sensor (None) | BE14: =IF(BF$2>=BC14,1,0) | BH14: =BH13+1 | BI14: Replace the plugs (Visual Inspection) | BJ14: =IF($BK$2>=BH14,1,0) | BM14: =BM13+1 | BN14: Remove fresh air damper motor (Screwdriver) | BO14: =IF($BP$2>=BM14,1,0) | BR14: =BR13+1 | BS14: Unusual noise from compressor assembly (None) | BT14: =IF($BU$2>=BR14,1,0)
B15: Condensor Coil | E15: =E14+1 | F15: Connect the electrical plugs. (Screwdriver) | G15: =IF($H$2>=E15,1,0) | J15: =J14+1 | K15: Connect the electrical plugs. (Screwdriver) | L15: =IF($M$2>=J15,1,0) | O15: =O14+1 | P15: Close air supply blower (Visual Inspection) | Q15: =IF($R$2>=O15,1,0) | T15: =T14+1 | U15: Ensure that there is no condensate or debris left over on the drain tray (2). (Vacuum Cleaner) | V15: =IF($W$2>=T15,1,0) | Y15: =Y14+1 | Z15: Remove hinge pins to remove the evaporator cover (9) from HVAC unit. (Pliers) | AA15: =IF($AB$2>=Y15,1,0) | AD15: =AD14+1 | AE15: Remove condenser fan (Insulated Gloves) | AF15: =IF($AG$2>=AD15,1,0) | AI15: =AI14+1 | AJ15: Connect the electrical plugs. (Screwdriver) | AK15: =IF($AL$2>=AI15,1,0) | AN15: =AN14+1 | AO15: Remove hinge pins to remove the evaporator cover (9) from HVAC unit. (Pliers) | AP15: =IF($AQ$2>=AN15,1,0) | AS15: =AS14+1 | AT15: Remove electrical plugs. (Insulated Gloves) | AU15: =IF($AV$2>=AS15,1,0) | AX15: =AX14+1 | AY15: Remove SAT Sensor (None) | AZ15: =IF($BA$2>=AX15,1,0) | BC15: =BC14+1 | BD15: Secure the RAT sensor bolt (None) | BE15: =IF(BF$2>=BC15,1,0) | BH15: =BH14+1 | BI15: Connect the electrical plugs. (Screwdriver) | BJ15: =IF($BK$2>=BH15,1,0) | BM15: =BM14+1 | BN15: Replace fresh air damper motor (Visual Inspection) | BO15: =IF($BP$2>=BM15,1,0) | BR15: =BR14+1 | BS15: Unscrew bolt compressor unit cover (Spanner) | BT15: =IF($BU$2>=BR15,1,0)
B16: Refrigerent Level | E16: =E15+1 | F16: Close electrical control panel assembly (None) | G16: =IF($H$2>=E16,1,0) | J16: =J15+1 | K16: Close electrical control panel assembly (None) | L16: =IF($M$2>=J16,1,0) | O16: =O15+1 | P16: Unscrew bottom panel (Spanner) | Q16: =IF($R$2>=O16,1,0) | T16: =T15+1 | U16: Remove the grommet on the drain hole cover. (Pliers) | V16: =IF($W$2>=T16,1,0) | Y16: =Y15+1 | Z16: Remove the evaporator cover (9) from HVAC unit using suitable lifting device. (None) | AA16: =IF($AB$2>=Y16,1,0) | AD16: =AD15+1 | AE16: Replace condenser fan (None) | AF16: =IF($AG$2>=AD16,1,0) | AI16: =AI15+1 | AJ16: Close electrical control panel assembly (None) | AK16: =IF($AL$2>=AI16,1,0) | AN16: =AN15+1 | AO16: Remove the evaporator cover (9) from HVAC unit using suitable lifting device. (None) | AP16: =IF($AQ$2>=AN16,1,0) | AS16: =AS15+1 | AT16: Replace the plugs (Visual Inspection) | AU16: =IF($AV$2>=AS16,1,0) | AX16: =AX15+1 | AY16: Replace with new SAT Sensor (None) | AZ16: =IF($BA$2>=AX16,1,0) | BC16: =BC15+1 | BD16: Tighten the fastener of RAT (Spanner) | BE16: =IF(BF$2>=BC16,1,0) | BH16: =BH15+1 | BI16: Close electrical control panel assembly (None) | BJ16: =IF($BK$2>=BH16,1,0) | BM16: =BM15+1 | BN16: Clean Smoke Detector (Bristle Brush) | BO16: =IF($BP$2>=BM16,1,0) | BR16: =BR15+1 | BS16: Compressor Cover Removal (None) | BT16: =IF($BU$2>=BR16,1,0)
B17: RAT Sensor | E17: =E16+1 | F17: Open supply air cover (Spanner) | G17: =IF($H$2>=E17,1,0) | J17: =J16+1 | K17: Open supply air blower (Spanner) | L17: =IF($M$2>=J17,1,0) | O17: =O16+1 | P17: Remove bottom panel (Insulated Gloves) | Q17: =IF($R$2>=O17,1,0) | T17: =T16+1 | U17: Place the hose inside the hole and use high pressure to remove the debris from the drain hole. (None) | V17: =IF($W$2>=T17,1,0) | Y17: =Y16+1 | Z17: Check temperature of solenoid valve using clamp thermometer (Clamp Thermometer) | AA17: =IF($AB$2>=Y17,1,0) | AD17: =AD16+1 | AE17: Remove the condenser coil cover (Lifting Device) | AF17: =IF($AG$2>=AD17,1,0) | AI17: =AI16+1 | AJ17: Unscrew bolt compressor unit cover (Spanner) | AK17: =IF($AL$2>=AI17,1,0) | AN17: =AN16+1 | AO17: Remove Heat bank screws (Spanner) | AP17: =IF($AQ$2>=AN17,1,0) | AS17: =AS16+1 | AT17: Tighten loose connection of circuit breakers (Screwdriver) | AU17: =IF($AV$2>=AS17,1,0) | AX17: =AX16+1 | AY17: Secure with SAT Bolt (None) | AZ17: =IF($BA$2>=AX17,1,0) | BC17: =BC16+1 | BD17: Check working (Visual Inspection) | BE17: =IF(BF$2>=BC17,1,0) | BH17: =BH16+1 | BI17: DB9 Connection Clarification Pending (None) | BJ17: =IF($BK$2>=BH17,1,0) | BM17: =BM16+1 | BN17: Remove Smoke Detector Bolts (Spanner) | BO17: =IF($BP$2>=BM17,1,0) | BR17: =BR16+1 | BS17: Check hp lp pressure using manifold gauge set (None) | BT17: =IF($BU$2>=BR17,1,0)
B18: Evaporator Coil | E18: =E17+1 | F18: Clean the supply air cover (1) with compressed air. (Compressed Air Gun) | G18: =IF($H$2>=E18,1,0) | J18: =J17+1 | K18: Clean the supply air blower (1) with compressed air. (Compressed Air Gun) | L18: =IF($M$2>=J18,1,0) | O18: =O17+1 | P18: Unscrew return air damper (Spanner) | Q18: =IF($R$2>=O18,1,0) | T18: =T17+1 | U18: Ensure that draining is done completely through the drain tube (3). (Compressed Air Gun) | V18: =IF($W$2>=T18,1,0) | Y18: =Y17+1 | Z18: Unscrew solenoid valve using spanner (Spanner) | AA18: =IF($AB$2>=Y18,1,0) | AD18: =AD17+1 | AE18: Clean condenser coil (Bristle Brush) | AF18: =IF($AG$2>=AD18,1,0) | AI18: =AI17+1 | AJ18: Compressor Cover Removal (None) | AK18: =IF($AL$2>=AI18,1,0) | AN18: =AN17+1 | AO18: Remove Heat bank assembly (Insulated Gloves) | AP18: =IF($AQ$2>=AN18,1,0) | AS18: =AS17+1 | AT18: Circuit Breaker Cleaning (Bristle Brush) | AU18: =IF($AV$2>=AS18,1,0) | AX18: =AX17+1 | AY18: Unbolt the return air temperature sensor (Spanner) | AZ18: =IF($BA$2>=AX18,1,0) | BH18: =BH17+1 | BI18: Remove Converter Bolts (Spanner) | BJ18: =IF($BK$2>=BH18,1,0) | BM18: =BM17+1 | BN18: Remove Smoke Detector unit (Visual Inspection) | BO18: =IF($BP$2>=BM18,1,0) | BR18: =BR17+1 | BS18: Unscrew compressor bolt (Spanner) | BT18: =IF($BU$2>=BR18,1,0)
B19: Condensor Coil | E19: =E18+1 | F19: Rotate supply air cover (1) motor with hand and ensure that only a light force is required to rotate it. (Insulated Hand Gloves) | G19: =IF($H$2>=E19,1,0) | J19: =J18+1 | K19: Rotate supply air blower (1) motor with hand and ensure that only a light force is required to rotate it. (Insulated Hand Gloves) | L19: =IF($M$2>=J19,1,0) | O19: =O18+1 | P19: Remove return air damper (Insulated Gloves) | Q19: =IF($R$2>=O19,1,0) | T19: =T18+1 | U19: Check for leaks in TX Valve (Electronic Leak Detector) | V19: =IF($W$2>=T19,1,0) | Y19: =Y18+1 | Z19: Remove solenoid valve (Visual Inspection) | AA19: =IF($AB$2>=Y19,1,0) | AD19: =AD18+1 | AE19: Straighten any bent fins with a fin comb (Fin Comb) | AF19: =IF($AG$2>=AD19,1,0) | AI19: =AI18+1 | AJ19: Clean the dust on the component with a soft bristle brush (with the metal part insulated) (Bristle Brush) | AK19: =IF($AL$2>=AI19,1,0) | AN19: =AN18+1 | AO19: Replace Heat bank assembly (None) | AP19: =IF($AQ$2>=AN19,1,0) | AS19: =AS18+1 | AT19: Close electrical control panel assembly (None) | AU19: =IF($AV$2>=AS19,1,0) | AX19: =AX18+1 | AY19: Remove the return air temperature sensor (None) | AZ19: =IF($BA$2>=AX19,1,0) | BH19: =BH18+1 | BI19: Converter Removal (Lifting Device) | BJ19: =IF($BK$2>=BH19,1,0) | BM19: =BM18+1 | BN19: Replace Smoke Detector unit (Visual Inspection) | BO19: =IF($BP$2>=BM19,1,0) | BR19: =BR18+1 | BS19: Remove the compressor (Insulated Gloves) | BT19: =IF($BU$2>=BR19,1,0)
B20: Solenoid Valve | E20: =E19+1 | F20: Remove supply air blower (Screwdriver) | G20: =IF($H$2>=E20,1,0) | J20: =J19+1 | K20: Remove supply air blower (Screwdriver) | L20: =IF($M$2>=J20,1,0) | O20: =O19+1 | P20: Check moisture indicator on the sight glass (1) to find any excessive moisture in the system. (Electronic Leak Detector) | Q20: =IF($R$2>=O20,1,0) | T20: =T19+1 | U20: Fix TX valve with spanner (Spanner) | V20: =IF($W$2>=T20,1,0) | Y20: =Y19+1 | Z20: Replace solenoid valve (Visual Inspection) | AA20: =IF($AB$2>=Y20,1,0) | AD20: =AD19+1 | AE20: Clean the coil with compressed air (Compressed Air) | AF20: =IF($AG$2>=AD20,1,0) | AI20: =AI19+1 | AJ20: Ensure compressor is not over heated (Clamp Thermometer) | AK20: =IF($AL$2>=AI20,1,0) | AN20: =AN19+1 | AO20: Use a fin comb to straighten any bent fins. (Fin Comb) | AP20: =IF($AQ$2>=AN20,1,0) | AS20: =AS19+1 | AT20: Check Heat Bank (Clamp Thermometer) | AU20: =IF($AV$2>=AS20,1,0) | AX20: =AX19+1 | AY20: Replace the return air temperature sensor (None) | AZ20: =IF($BA$2>=AX20,1,0) | BC20: Sr. No. | BD20: Components Affected | BH20: =BH19+1 | BI20: Check for short circuit using multimeter (Visual Inspection) | BJ20: =IF($BK$2>=BH20,1,0) | BM20: =BM19+1 | BN20: Secure Smoke Detector Bolts (None) | BO20: =IF($BP$2>=BM20,1,0) | BR20: =BR19+1 | BS20: Replace the compressor (None) | BT20: =IF($BU$2>=BR20,1,0)
B21: Heater | E21: =E20+1 | F21: Replace supply air blower (Visual Inspection) | G21: =IF($H$2>=E21,1,0) | J21: =J20+1 | K21: Replace supply air blower (Visual Inspection) | L21: =IF($M$2>=J21,1,0) | O21: =O20+1 | P21: Locate the leak (Spanner) | Q21: =IF($R$2>=O21,1,0) | T21: =T20+1 | U21: Remove TX valve if necessary (Visual Inspection) | V21: =IF($W$2>=T21,1,0) | Y21: =Y20+1 | Z21: Screw solenoid valve using spanner (Visual Inspection) | AA21: =IF($AB$2>=Y21,1,0) | AD21: =AD20+1 | AE21: Loosen and remove 24 nos M8X20 bolts (8) along with washer set (7) to open evaporator cover (9). (Spanner) | AF21: =IF($AG$2>=AD21,1,0) | AI21: =AI20+1 | AJ21: Unscrew Fan bolt (Spanner) | AK21: =IF($AL$2>=AI21,1,0) | AN21: =AN20+1 | AO21: Wash the evaporator coil (1) with warm to hot water and a small quantity of detergent. The hot water softens the bristles helps the grease to dissolve and removes the chlorides. (Bristle Brush) | AP21: =IF($AQ$2>=AN21,1,0) | AS21: =AS20+1 | AT21: Heat bank damaged (None) | AU21: =IF($AV$2>=AS21,1,0) | AX21: =AX20+1 | AY21: Secure the RAT sensor bolt (None) | AZ21: =IF($BA$2>=AX21,1,0) | BC21: 1 | BD21: RAT Sensor | BE21: =IF(BE11=1,0,1) | BF21: Open: 1, Close: 0 | BH21: =BH20+1 | BI21: Put converter back to it place (Visual Inspection) | BJ21: =IF($BK$2>=BH21,1,0) | BM21: =BM20+1 | BN21: Check working (Visual Inspection) | BO21: =IF($BP$2>=BM21,1,0) | BR21: =BR20+1 | BS21: Compressor Cover close (None) | BT21: =IF($BU$2>=BR21,1,0)
B22: Electrical Connections | E22: =E21+1 | F22: Check working (Visual Inspection) | G22: =IF($H$2>=E22,1,0) | J22: =J21+1 | K22: Close air supply blower (Visual Inspection) | L22: =IF($M$2>=J22,1,0) | O22: =O21+1 | P22: Repair the leak (None) | Q22: =IF($R$2>=O22,1,0) | T22: =T21+1 | U22: Replace TX valve if necessary (Visual Inspection) | V22: =IF($W$2>=T22,1,0) | Y22: =Y21+1 | Z22: Check HVAC working (Visual Inspection) | AA22: =IF($AB$2>=Y22,1,0) | AD22: =AD21+1 | AE22: Remove hinge pins to remove the evaporator cover (9) from HVAC unit. (Pliers) | AF22: =IF($AG$2>=AD22,1,0) | AI22: =AI21+1 | AJ22: Open fan cover (Insulated Gloves) | AK22: =IF($AL$2>=AI22,1,0) | AN22: =AN21+1 | AO22: Clean the drain tray (2) with wet cloth (Wet Cloth) | AP22: =IF($AQ$2>=AN22,1,0) | AS22: =AS21+1 | AT22: Remove Heat bank screws (Spanner) | AU22: =IF($AV$2>=AS22,1,0) | AX22: =AX21+1 | AY22: Tighten the fastener of RAT (Spanner) | AZ22: =IF($BA$2>=AX22,1,0) | BC22: 2 | BD22: HOT 1 Switch | BH22: =BH21+1 | BI22: Secure converter with bolts (Visual Inspection) | BJ22: =IF($BK$2>=BH22,1,0) | BR22: =BR21+1 | BS22: Screw bolt compressor unit cover (None) | BT22: =IF($BU$2>=BR22,1,0)
B23: Temperature Sensor | J23: =J22+1 | K23: Unscrew fresh air filter bolt (Screwdriver) | L23: =IF($M$2>=J23,1,0) | O23: =O22+1 | P23: Check working (Visual Inspection) | Q23: =IF($R$2>=O23,1,0) | T23: =T22+1 | U23: Check working (Visual Inspection) | V23: =IF($W$2>=T23,1,0) | AD23: =AD22+1 | AE23: Remove the evaporator cover (9) from HVAC unit using suitable lifting device. (None) | AF23: =IF($AG$2>=AD23,1,0) | AI23: =AI22+1 | AJ23: Unscrews Fan Motor Bolt (Spanner) | AK23: =IF($AL$2>=AI23,1,0) | AN23: =AN22+1 | AO23: Ensure that there is no condensate or debris left over on the drain tray (2). (Vacuum Cleaner) | AP23: =IF($AQ$2>=AN23,1,0) | AS23: =AS22+1 | AT23: Remove Heat bank assembly (Insulated Gloves) | AU23: =IF($AV$2>=AS23,1,0) | AX23: =AX22+1 | AY23: Check working (Visual Inspection) | AZ23: =IF($BA$2>=AX23,1,0) | BH23: =BH22+1 | BI23: Check working (Visual Inspection) | BJ23: =IF($BK$2>=BH23,1,0) | BR23: =BR22+1 | BS23: Loosen and remove 24 nos M8X20 bolts (8) along with washer set (7) to open evaporator cover (9). (Spanner) | BT23: =IF($BU$2>=BR23,1,0)
B24: RAT Sensor | J24: =J23+1 | K24: Replace fresh air filter (Visual Inspection) | L24: =IF($M$2>=J24,1,0) | AD24: =AD23+1 | AE24: Open supply air blower (Spanner) | AF24: =IF($AG$2>=AD24,1,0) | AI24: =AI23+1 | AJ24: Remove Fan Motor (Insulated Gloves) | AK24: =IF($AL$2>=AI24,1,0) | AN24: =AN23+1 | AO24: Remove the grommet on the drain hole cover. (Pliers) | AP24: =IF($AQ$2>=AN24,1,0) | AS24: =AS23+1 | AT24: Replace Heat bank assembly (None) | AU24: =IF($AV$2>=AS24,1,0) | BD24: Cause 1 & Rectified | BE24: =IF(AND(BE17=1,BF4=1),1,0) | BM24: Sr. No. | BN24: Components Affected | BR24: =BR23+1 | BS24: Remove hinge pins to remove the evaporator cover (9) from HVAC unit. (Pliers) | BT24: =IF($BU$2>=BR24,1,0)
B25: Smoke Detector | E25: Sr. No. | F25: Components Affected | G25: Status | H25: Remarks | J25: =J24+1 | K25: Clean the fresh air dampers (1) and damper motor (2) with dry compressed air. (Bristle Brush) | L25: =IF($M$2>=J25,1,0) | Y25: Sr. No. | Z25: Components Affected | AD25: =AD24+1 | AE25: Clean the supply air blower (1) with compressed air. (Compressed Air Gun) | AF25: =IF($AG$2>=AD25,1,0) | AI25: =AI24+1 | AJ25: Replace Fan Motor (None) | AK25: =IF($AL$2>=AI25,1,0) | AN25: =AN24+1 | AO25: Place the hose inside the hole and use high pressure to remove the debris from the drain hole. (None) | AP25: =IF($AQ$2>=AN25,1,0) | AS25: =AS24+1 | AT25: Clean Heat bank (Compressed Air Gun) | AU25: =IF($AV$2>=AS25,1,0) | BD25: Cause 2 & Rectified | BE25: =IF(AND(BE17=1,BF4=2),1,0) | BF25: Not present | BM25: 1 | BN25: Fresh Air Damper | BO25: =IF(BO11=1,0,1) | BP25: Open: 1, Close: 0 | BR25: =BR24+1 | BS25: Remove the evaporator cover (9) from HVAC unit using suitable lifting device. (None) | BT25: =IF($BU$2>=BR25,1,0)
E26: 1 | F26: Control Panel Circuit Breakers | G26: =IF(G3=1,0,IF(G11=1,0,1)) | H26: Open: 1, Close: 0 | J26: =J25+1 | K26: Remove the fresh air dampers (Spanner) | L26: =IF($M$2>=J26,1,0) | O26: Sr. No. | P26: Components Affected | T26: Sr. No. | U26: Components Affected | Y26: 1 | Z26: Filter Drier | AA26: =IF(AA11=1,0,1) | AB26: Open: 1, Close: 0 | AD26: =AD25+1 | AE26: Rotate supply air blower (1) motor with hand and ensure that only a light force is required to rotate it. (Insulated Hand Gloves) | AF26: =IF($AG$2>=AD26,1,0) | AI26: =AI25+1 | AJ26: Clean the condenser fan with dry compressed air (Compressed Air) | AK26: =IF($AL$2>=AI26,1,0) | AN26: =AN25+1 | AO26: Fix TX valve with spanner (Spanner) | AP26: =IF($AQ$2>=AN26,1,0) | AS26: =AS25+1 | AT26: Unbolt the return air temperature sensor (Spanner) | AU26: =IF($AV$2>=AS26,1,0) | AX26: Sr. No. | AY26: Components Affected | BD26: Fault Reset Logic | BE26: =IF(OR(BE24:BE25),1,0) | BH26: Sr. No. | BI26: Components Affected | BM26: 2 | BN26: Smoke Detector | BR26: =BR25+1 | BS26: Remove electrical control panel assembly (Spanner) | BT26: =IF($BU$2>=BR26,1,0)
E27: =E26+1 | F27: Supply Air Blower | G27: =IF(OR(G3:G4),0,1) | J27: =J26+1 | K27: Replace the fresh air dampers (Visual Inspection) | L27: =IF($M$2>=J27,1,0) | O27: 1 | P27: Supply Air Filter | Q27: =IF(Q11=1,0,1) | R27: Open: 1, Close: 0 | T27: 1 | U27: Evaporator Coil Damage | V27: =IF(V11=1,0,1) | W27: Open: 1, Close: 0 | Y27: 2 | Z27: Piping Section | AD27: =AD26+1 | AE27: Remove supply air blower (Screwdriver) | AF27: =IF($AG$2>=AD27,1,0) | AI27: =AI26+1 | AJ27: Unscrew condenser fan bolt (Spanner) | AK27: =IF($AL$2>=AI27,1,0) | AN27: =AN26+1 | AO27: Remove TX valve if necessary (Visual Inspection) | AP27: =IF($AQ$2>=AN27,1,0) | AS27: =AS26+1 | AT27: Remove the return air temperature sensor (None) | AU27: =IF($AV$2>=AS27,1,0) | AX27: 1 | AY27: Temperature Sensor | AZ27: =IF(AZ11=1,0,1) | BA27: Open: 1, Close: 0 | BH27: 1 | BI27: Electrical Connections | BJ27: =IF(BJ11=1,0,1) | BK27: Open: 1, Close: 0 | BR27: =BR26+1 | BS27: Check all circuit breakers and close. (Multimeter) | BT27: =IF($BU$2>=BR27,1,0)
J28: =J27+1 | K28: Remove fresh air damper motor (Screwdriver) | L28: =IF($M$2>=J28,1,0) | O28: =O27+1 | P28: Supply Air Blower | T28: 2 | U28: TX Valve | AD28: =AD27+1 | AE28: Replace supply air blower (Visual Inspection) | AF28: =IF($AG$2>=AD28,1,0) | AI28: =AI27+1 | AJ28: Remove condenser fan (Insulated Gloves) | AK28: =IF($AL$2>=AI28,1,0) | AN28: =AN27+1 | AO28: Replace TX valve if necessary (Visual Inspection) | AP28: =IF($AQ$2>=AN28,1,0) | AS28: =AS27+1 | AT28: Replace the return air temperature sensor (None) | AU28: =IF($AV$2>=AS28,1,0) | BN28: Cause 1 & Rectified | BO28: =IF(AND(BO15=1,BP4=1),1,0) | BR28: =BR27+1 | BS28: Unplug the connected wires (Screwdriver) | BT28: =IF($BU$2>=BR28,1,0)
F29: Cause 1 & Rectified | G29: =IF(AND(H4=1,G11=1),1,0) | J29: =J28+1 | K29: Replace fresh air damper motor (Visual Inspection) | L29: =IF($M$2>=J29,1,0) | O29: =O28+1 | P29: Refrigerent Level | AD29: =AD28+1 | AE29: Close air supply blower (Visual Inspection) | AF29: =IF($AG$2>=AD29,1,0) | AI29: =AI28+1 | AJ29: Replace condenser fan (None) | AK29: =IF($AL$2>=AI29,1,0) | AN29: =AN28+1 | AO29: Remove the condenser coil cover (Lifting Device) | AP29: =IF($AQ$2>=AN29,1,0) | AS29: =AS28+1 | AT29: Bolt the RAT (None) | AU29: =IF($AV$2>=AS29,1,0) | AY29: Cause 1 & Rectified | AZ29: =IF(AND(AZ23=1,$BA$4=1),1,0) | BI29: Cause 1 & Rectified | BJ29: =IF(AND(BJ23=1,$BK$4=1),1,0) | BN29: Cause 2 & Rectified | BO29: =IF(AND(BO21=1,BP8=2),1,0) | BR29: =BR28+1 | BS29: Remove electrical plugs. (Insulated Gloves) | BT29: =IF($BU$2>=BR29,1,0)
F30: Cause 2 & Rectified | G30: =IF(AND(H4=2,G22=1),1,0) | J30: =J29+1 | K30: Check working (Visual Inspection) | L30: =IF($M$2>=J30,1,0) | Z30: Cause 1 & Rectified | AA30: =IF(AND(AA12=1,AB4=1),1,0) | AD30: =AD29+1 | AE30: Unscrew bottom panel (Spanner) | AF30: =IF($AG$2>=AD30,1,0) | AI30: =AI29+1 | AJ30: Remove the condenser coil cover (Lifting Device) | AK30: =IF($AL$2>=AI30,1,0) | AN30: =AN29+1 | AO30: Clean condenser coil (Bristle Brush) | AP30: =IF($AQ$2>=AN30,1,0) | AS30: =AS29+1 | AT30: Check working (Visual Inspection) | AU30: =IF($AV$2>=AS30,1,0) | AY30: Fault Reset Logic | AZ30: =IF(OR(AZ29),1,0) | BI30: Fault Reset Logic | BJ30: =IF(OR(BJ29),1,0) | BN30: Fault Reset Logic | BO30: =IF(OR(BO28:BO29),1,0) | BR30: =BR29+1 | BS30: Replace the plugs (Visual Inspection) | BT30: =IF($BU$2>=BR30,1,0)
F31: Fault Reset Logic | G31: =IF(OR(G29:G30),1,0) | H31: 1: Reset | P31: Cause 1 & Rectified | Q31: =IF(AND(Q15=1,R4=1),1,0) | U31: Cause 1 & Rectified | V31: =IF(AND(V11=1,W4=1),1,0) | Z31: Cause 2 & Rectified | AA31: =IF(AND(AA22=1,AB4=2),1,0) | AD31: =AD30+1 | AE31: Remove bottom panel (Insulated Gloves) | AF31: =IF($AG$2>=AD31,1,0) | AI31: =AI30+1 | AJ31: Clean condenser coil (Bristle Brush) | AK31: =IF($AL$2>=AI31,1,0) | AN31: =AN30+1 | AO31: Straighten any bent fins with a fin comb (Fin Comb) | AP31: =IF($AQ$2>=AN31,1,0) | BR31: =BR30+1 | BS31: Connect the electrical plugs. (Screwdriver) | BT31: =IF($BU$2>=BR31,1,0)
P32: Cause 2 & Rectified | Q32: =IF(AND(Q15=1,R4=2),1,0) | U32: Cause 2 & Rectified | V32: =IF(AND(V23=1,W4=2),1,0) | Z32: Fault Reset Logic | AA32: =IF(OR(AA30:AA31),1,0) | AD32: =AD31+1 | AE32: Unscrew return air damper (Spanner) | AF32: =IF($AG$2>=AD32,1,0) | AI32: =AI31+1 | AJ32: Straighten any bent fins with a fin comb (Fin Comb) | AK32: =IF($AL$2>=AI32,1,0) | AN32: =AN31+1 | AO32: Clean the coil with compressed air (Compressed Air) | AP32: =IF($AQ$2>=AN32,1,0) | BR32: =BR31+1 | BS32: Close electrical control panel assembly (None) | BT32: =IF($BU$2>=BR32,1,0)
J33: Sr. No. | K33: Components Affected | P33: Cause 3 & Rectified | Q33: =IF(AND(R4=3,Q23=1),1,0) | U33: Fault Reset Logic | V33: =IF(OR(V31:V32),1,0) | AD33: =AD32+1 | AE33: Remove return air damper (Insulated Gloves) | AF33: =IF($AG$2>=AD33,1,0) | AI33: =AI32+1 | AJ33: Clean the coil with compressed air (Compressed Air) | AK33: =IF($AL$2>=AI33,1,0) | AN33: =AN32+1 | AO33: Close HVAC components (None) | AP33: =IF($AQ$2>=AN33,1,0) | AS33: Sr. No. | AT33: Components Affected | BR33: =BR32+1 | BS33: Remove Heat bank screws (Spanner) | BT33: =IF($BU$2>=BR33,1,0)
J34: 1 | K34: Air Blower Circuit Breakers | L34: =IF(OR(L11=1,L3=1),0,1) | M34: Open: 1, Close: 0 | P34: Fault Reset Logic | Q34: =IF(OR(Q31:Q33),1,0) | AD34: =AD33+1 | AE34: Check moisture indicator on the sight glass (1) to find any excessive moisture in the system. (Electronic Leak Detector) | AF34: =IF($AG$2>=AD34,1,0) | AI34: =AI33+1 | AJ34: Loosen and remove 24 nos M8X20 bolts (8) along with washer set (7) to open evaporator cover (9). (Spanner) | AK34: =IF($AL$2>=AI34,1,0) | AN34: =AN33+1 | AO34: Unscrew bolt compressor unit cover (Spanner) | AP34: =IF($AQ$2>=AN34,1,0) | AS34: 1 | AT34: Heater Circuit Breaker | AU34: =IF(AU13=1,0,1) | AV34: Open: 1, Close: 0 | BR34: =BR33+1 | BS34: Remove Heat bank assembly (Insulated Gloves) | BT34: =IF($BU$2>=BR34,1,0)
J35: =J34+1 | K35: Supply Air Blower | L35: =IF(OR(L3:L4),0,1) | AD35: =AD34+1 | AE35: Locate the leak and repair (Spanner) | AF35: =IF($AG$2>=AD35,1,0) | AI35: =AI34+1 | AJ35: Remove hinge pins to remove the evaporator cover (9) from HVAC unit. (Pliers) | AK35: =IF($AL$2>=AI35,1,0) | AN35: =AN34+1 | AO35: Compressor Cover Removal (None) | AP35: =IF($AQ$2>=AN35,1,0) | AS35: 2 | AT35: Heater | BR35: =BR34+1 | BS35: Replace Heat bank assembly (None) | BT35: =IF($BU$2>=BR35,1,0)
J36: =J35+1 | K36: Fresh Air Damper | AD36: =AD35+1 | AE36: Check working (Visual Inspection) | AF36: =IF($AG$2>=AD36,1,0) | AI36: =AI35+1 | AJ36: Remove the evaporator cover (9) from HVAC unit using suitable lifting device. (None) | AK36: =IF($AL$2>=AI36,1,0) | AN36: =AN35+1 | AO36: Check compressor of excessive noise or leaks (None) | AP36: =IF($AQ$2>=AN36,1,0) | AS36: 3 | AT36: RAT Sensor | BR36: =BR35+1 | BS36: Clean Heat bank (Compressed Air Gun) | BT36: =IF($BU$2>=BR36,1,0)
AI37: =AI36+1 | AJ37: Open supply air blower (Spanner) | AK37: =IF($AL$2>=AI37,1,0) | AN37: =AN36+1 | AO37: Unscrew compressor bolt (Spanner) | AP37: =IF($AQ$2>=AN37,1,0) | AS37: 4 | AT37: Heater Circuit Breaker Manual Reset Required | BR37: =BR36+1 | BS37: Secure the Heat bank screws (None) | BT37: =IF($BU$2>=BR37,1,0)
K38: Cause 1 & Rectified | L38: =IF(AND(L11=1,M4=1),1,0) | AI38: =AI37+1 | AJ38: Clean the supply air blower (1) with compressed air. (Compressed Air Gun) | AK38: =IF($AL$2>=AI38,1,0) | AN38: =AN37+1 | AO38: Remove the compressor (Insulated Gloves) | AP38: =IF($AQ$2>=AN38,1,0) | AS38: 5 | AT38: Electrical Connections | BR38: =BR37+1 | BS38: Run HVAC 20 mins. (None) | BT38: =IF($BU$2>=BR38,1,0)
K39: Cause 2 & Rectified | L39: =IF(AND(L16=1,M4=2),1,0) | AD39: Sr. No. | AE39: Components Affected | AI39: =AI38+1 | AJ39: Rotate supply air blower (1) motor with hand and ensure that only a light force is required to rotate it. (Insulated Hand Gloves) | AK39: =IF($AL$2>=AI39,1,0) | AN39: =AN38+1 | AO39: Replace the compressor (None) | AP39: =IF($AQ$2>=AN39,1,0) | BR39: =BR38+1 | BS39: Unusual noise from compressor assembly (None) | BT39: =IF($BU$2>=BR39,1,0)
K40: Cause 3 & Rectified | L40: =IF(AND(M4=3,L30=1),1,0) | AD40: 1 | AE40: Condensor Fan Motor | AF40: =IF(AF12=1,0,1) | AG40: Open: 1, Close: 0 | AI40: =AI39+1 | AJ40: Remove supply air blower (Screwdriver) | AK40: =IF($AL$2>=AI40,1,0) | AN40: =AN39+1 | AO40: Check hp lp pressure using manifold gauge set (None) | AP40: =IF($AQ$2>=AN40,1,0) | AT40: Cause 1 & Rectified | AU40: =IF(AND(AU19=1,$AV$4=1),1,0) | BR40: =BR39+1 | BS40: Unscrew bolt compressor unit cover (Spanner) | BT40: =IF($BU$2>=BR40,1,0)
K41: Fault Reset Logic | L41: =IF(OR(L38:L40),1,0) | M41: 1: Reset | AD41: 2 | AE41: Condensor Fan Circuit Breaker | AI41: =AI40+1 | AJ41: Replace supply air blower (Visual Inspection) | AK41: =IF($AL$2>=AI41,1,0) | AN41: =AN40+1 | AO41: Unscrew Fan bolt (Spanner) | AP41: =IF($AQ$2>=AN41,1,0) | AT41: Cause 2 & Rectified | AU41: =IF(AND(AU25=1,$AV$4=2),1,0) | BR41: =BR40+1 | BS41: Compressor Cover Removal (None) | BT41: =IF($BU$2>=BR41,1,0)
AD42: 3 | AE42: Condensor Coil | AI42: =AI41+1 | AJ42: Close air supply blower (Visual Inspection) | AK42: =IF($AL$2>=AI42,1,0) | AN42: =AN41+1 | AO42: Open fan cover (Insulated Gloves) | AP42: =IF($AQ$2>=AN42,1,0) | AT42: Cause 3 & Rectified | AU42: =IF(AND(AU15=1,$AV$4=3),1,0) | BR42: =BR41+1 | BS42: Check hp lp pressure using manifold gauge set (None) | BT42: =IF($BU$2>=BR42,1,0)
AD43: 4 | AE43: Refrigerent Level | AI43: =AI42+1 | AJ43: Unscrew bottom panel (Spanner) | AK43: =IF($AL$2>=AI43,1,0) | AN43: =AN42+1 | AO43: Remove the compressor (Insulated Gloves) | AP43: =IF($AQ$2>=AN43,1,0) | AT43: Cause 4 & Rectified | AU43: =IF(AND(AU16=1,$AV$4=4),1,0) | BR43: =BR42+1 | BS43: Compressor Cover close (None) | BT43: =IF($BU$2>=BR43,1,0)
AI44: =AI43+1 | AJ44: Remove bottom panel (Insulated Gloves) | AK44: =IF($AL$2>=AI44,1,0) | AN44: =AN43+1 | AO44: Replace the compressor (None) | AP44: =IF($AQ$2>=AN44,1,0) | AT44: Cause 5 & Rectified | AU44: =IF(AND(AU17=1,$AV$4=5),1,0) | BR44: =BR43+1 | BS44: Screw bolt compressor unit cover (None) | BT44: =IF($BU$2>=BR44,1,0)
AE45: Cause 1 & Rectified | AF45: =IF(AND(AF16=1,AG4=1),1,0) | AI45: =AI44+1 | AJ45: Unscrew return air damper (Spanner) | AK45: =IF($AL$2>=AI45,1,0) | AN45: =AN44+1 | AO45: Close HVAC components (None) | AP45: =IF($AQ$2>=AN45,1,0) | AT45: Fault Reset Logic | AU45: =IF(OR(AU40:AU44),1,0) | BR45: =BR44+1 | BS45: Unscrew bottom panel (Spanner) | BT45: =IF($BU$2>=BR45,1,0)
AE46: Cause 2 & Rectified | AF46: =IF(AND(AF21=1,AG4=2),1,0) | AI46: =AI45+1 | AJ46: Remove return air damper (Insulated Gloves) | AK46: =IF($AL$2>=AI46,1,0) | AN46: =AN45+1 | AO46: Loosen and remove 24 nos M8X20 bolts (8) along with washer set (7) to open evaporator cover (9). (Spanner) | AP46: =IF($AQ$2>=AN46,1,0) | BR46: =BR45+1 | BS46: Remove bottom panel (Insulated Gloves) | BT46: =IF($BU$2>=BR46,1,0)
AE47: Cause 3 & Rectified | AF47: =IF(AND(AF28=1,AG4=3),1,0) | AI47: =AI46+1 | AJ47: Check moisture indicator on the sight glass (1) to find any excessive moisture in the system. (Electronic Leak Detector) | AK47: =IF($AL$2>=AI47,1,0) | AN47: =AN46+1 | AO47: Remove hinge pins to remove the evaporator cover (9) from HVAC unit. (Pliers) | AP47: =IF($AQ$2>=AN47,1,0) | BR47: =BR46+1 | BS47: Unscrew return air damper (Spanner) | BT47: =IF($BU$2>=BR47,1,0)
AE48: Cause 4 & Rectified | AF48: =IF(AND(AF36=1,AG4=4),1,0) | AI48: =AI47+1 | AJ48: Locate the leak and repair (Spanner) | AK48: =IF($AL$2>=AI48,1,0) | AN48: =AN47+1 | AO48: Remove the evaporator cover (9) from HVAC unit using suitable lifting device. (None) | AP48: =IF($AQ$2>=AN48,1,0) | BR48: =BR47+1 | BS48: Remove return air damper (Insulated Gloves) | BT48: =IF($BU$2>=BR48,1,0)
AE49: Fault Reset Logic | AF49: =IF(OR(AF45:AF48),1,0) | AI49: =AI48+1 | AJ49: Unbolt the return air temperature sensor (Spanner) | AK49: =IF($AL$2>=AI49,1,0) | AN49: =AN48+1 | AO49: Check temperature of solenoid valve using clamp thermometer (Clamp Thermometer) | AP49: =IF($AQ$2>=AN49,1,0) | BR49: =BR48+1 | BS49: Unscrew Fan cover bolt (Spanner) | BT49: =IF($BU$2>=BR49,1,0)
AI50: =AI49+1 | AJ50: Remove the return air temperature sensor (None) | AK50: =IF($AL$2>=AI50,1,0) | AN50: =AN49+1 | AO50: Unscrew solenoid valve using spanner (Spanner) | AP50: =IF($AQ$2>=AN50,1,0) | BR50: =BR49+1 | BS50: Open fan cover (Insulated Gloves) | BT50: =IF($BU$2>=BR50,1,0)
AI51: =AI50+1 | AJ51: Replace the return air temperature sensor (None) | AK51: =IF($AL$2>=AI51,1,0) | AN51: =AN50+1 | AO51: Remove solenoid valve (Visual Inspection) | AP51: =IF($AQ$2>=AN51,1,0) | BR51: =BR50+1 | BS51: Clean the condenser fan with dry compressed air (Compressed Air) | BT51: =IF($BU$2>=BR51,1,0)
AI52: =AI51+1 | AJ52: Secure the RAT sensor bolt (None) | AK52: =IF($AL$2>=AI52,1,0) | AN52: =AN51+1 | AO52: Replace solenoid valve (Visual Inspection) | AP52: =IF($AQ$2>=AN52,1,0) | BR52: =BR51+1 | BS52: Unscrew condenser fan bolt (Spanner) | BT52: =IF($BU$2>=BR52,1,0)
AI53: =AI52+1 | AJ53: Check the temperature sensors for any damage (Clamp Thermometer) | AK53: =IF($AL$2>=AI53,1,0) | AN53: =AN52+1 | AO53: Screw solenoid valve using spanner (Visual Inspection) | AP53: =IF($AQ$2>=AN53,1,0) | BR53: =BR52+1 | BS53: Remove condenser fan (Insulated Gloves) | BT53: =IF($BU$2>=BR53,1,0)
AI54: =AI53+1 | AJ54: Place external calibrated temperature sensor close to the return air temperature sensor. (Calibrated Thermometer) | AK54: =IF($AL$2>=AI54,1,0) | AN54: =AN53+1 | AO54: Close HVAC components (None) | AP54: =IF($AQ$2>=AN54,1,0) | BR54: =BR53+1 | BS54: Replace condenser fan (None) | BT54: =IF($BU$2>=BR54,1,0)
AI55: =AI54+1 | AJ55: Check working (Visual Inspection) | AK55: =IF($AL$2>=AI55,1,0) | BR55: =BR54+1 | BS55: Close fan cover (None) | BT55: =IF($BU$2>=BR55,1,0)
BR56: =BR55+1 | BS56: Secure Fan cover bolt (None) | BT56: =IF($BU$2>=BR56,1,0)
AN57: Sr. No. | AO57: Components Affected | BR57: =BR56+1 | BS57: Run HVAC 20 mins. (None) | BT57: =IF($BU$2>=BR57,1,0)
AI58: Sr. No. | AJ58: Components Affected | AN58: 1 | AO58: Refrigerent Level | AP58: =IF(AP14=1,0,1) | AQ58: Open: 1, Close: 0 | BR58: =BR57+1 | BS58: Loosen and remove 24 nos M8X20 bolts (8) along with washer set (7) to open evaporator cover (9). (Spanner) | BT58: =IF($BU$2>=BR58,1,0)
AI59: 1 | AJ59: Circuit Breaker | AK59: =IF(AK11=1,0,1) | AL59: Open: 1, Close: 0 | AN59: 2 | AO59: Evaporator Coil | BR59: =BR58+1 | BS59: Remove hinge pins to remove the evaporator cover (9) from HVAC unit. (Pliers) | BT59: =IF($BU$2>=BR59,1,0)
AI60: 2 | AJ60: Condensor Fan Motor | AN60: 3 | AO60: TX Valve | BR60: =BR59+1 | BS60: Remove the evaporator cover (9) from HVAC unit using suitable lifting device. (None) | BT60: =IF($BU$2>=BR60,1,0)
AI61: 3 | AJ61: RAT Sensor | AN61: 4 | AO61: Condensor Coil | BR61: =BR60+1 | BS61: Unusual noise from supply air blower (None) | BT61: =IF($BU$2>=BR61,1,0)
AN62: 5 | AO62: Compressor | BR62: =BR61+1 | BS62: Open supply air cover (Spanner) | BT62: =IF($BU$2>=BR62,1,0)
AJ63: Cause 1 & Rectified | AK63: =IF(AND(AK16=1,AL4=1),1,0) | AN63: 6 | AO63: Solenoid Valve | BR63: =BR62+1 | BS63: Remove supply air blower (Screwdriver) | BT63: =IF($BU$2>=BR63,1,0)
AJ64: Cause 2 & Rectified | AK64: =IF(AND(AK29=1,AL4=2),1,0) | BR64: =BR63+1 | BS64: Replace supply air blower (Visual Inspection) | BT64: =IF($BU$2>=BR64,1,0)
AJ65: Cause 3 & Rectified | AK65: =IF(AND(AK55=1,AL4=3),1,0) | AO65: Cause 1 & Rectified | AQ65: Not preent | BR65: =BR64+1 | BS65: Close supply air cover (None) | BT65: =IF($BU$2>=BR65,1,0)
AJ66: Fault Reset Logic | AK66: =IF(OR(AK63:AK65),1,0) | AO66: Cause 2 & Rectified | AP66: =IF(AND(AP21=1,$AQ$4=2),1,0) | BR66: =BR65+1 | BS66: Check for leaks in TX Valve (Electronic Leak Detector) | BT66: =IF($BU$2>=BR66,1,0)
AO67: Cause 3 & Rectified | AP67: =IF(AND(AP27=1,$AQ$4=3),1,0) | BR67: =BR66+1 | BS67: Close the evaporator cover (None) | BT67: =IF($BU$2>=BR67,1,0)
AO68: Cause 4 & Rectified | AP68: =IF(AND(AP33=1,$AQ$4=4),1,0) | BR68: =BR67+1 | BS68: Fix hinge pins to close the evaporator cover (None) | BT68: =IF($BU$2>=BR68,1,0)
AO69: Cause 5 & Rectified | AP69: =IF(AND(AP44=1,$AQ$4=5),1,0) | BR69: =BR68+1 | BS69: Secure 24 nos M8X20 bolts (to close evaporator cover (None) | BT69: =IF($BU$2>=BR69,1,0)
AO70: Cause 6 & Rectified | AP70: =IF(AND(AP54=1,$AQ$4=6),1,0) | BR70: =BR69+1 | BS70: Remove Condenser Mesh with lifting device (Lifting Device) | BT70: =IF($BU$2>=BR70,1,0)
AO71: Fault Reset Logic | AP71: =IF(OR(AP65:AP70),1,0) | BR71: =BR70+1 | BS71: Remove Condenser Coil & Filter with lifting device (Lifting Device) | BT71: =IF($BU$2>=BR71,1,0)
BR72: =BR71+1 | BS72: Open Filter Drier Cover (Screwdriver) | BT72: =IF($BU$2>=BR72,1,0)
BR73: =BR72+1 | BS73: Remove Filter Drier (Insulated Gloves) | BT73: =IF($BU$2>=BR73,1,0)
BR74: =BR73+1 | BS74: Replace Filter Drier (Visual Inspection) | BT74: =IF($BU$2>=BR74,1,0)
BR75: =BR74+1 | BS75: Close Filter Drier Cover (None) | BT75: =IF($BU$2>=BR75,1,0)
BR76: =BR75+1 | BS76: Place Condenser Coil & Filter with lifting device (None) | BT76: =IF($BU$2>=BR76,1,0)
BR77: =BR76+1 | BS77: Place Condenser Mesh with lifting device (None) | BT77: =IF($BU$2>=BR77,1,0)
BR78: =BR77+1 | BS78: Run HVAC 20 mins. (None) | BT78: =IF($BU$2>=BR78,1,0)
BR79: =BR78+1 | BS79: Unusual noise from HVAC Unit (None) | BT79: =IF($BU$2>=BR79,1,0)
BR80: =BR79+1 | BS80: Tighten HVAC unit connection (Spanner) | BT80: =IF($BU$2>=BR80,1,0)
BR81: =BR80+1 | BS81: Check working (None) | BT81: =IF($BU$2>=BR81,1,0)
BR84: Sr. No. | BS84: Components Affected
BR85: 1 | BS85: Compressor | BT85: =IF(BT17=1,0,1) | BU85: Open: 1, Close: 0
BR86: 2 | BS86: Compresor Motor Heater Circuit Breaker
BR87: 3 | BS87: Compresor Motor Heater Electrical Connections
BR88: 4 | BS88: Compressor Bolts
BR89: 5 | BS89: Refrigerent Level
BR90: 6 | BS90: Condensor Fan Obstruction
BR91: 7 | BS91: Supply Air Blower
BR92: 8 | BS92: Filter Drier
BR93: 9 | BS93: HVAC unit Component Bolts
BS95: Cause 1 & Rectified | BT95: =IF(AND(BT22=1,$BT$4=1),1,0)
BS96: Cause 2 & Rectified | BT96: =IF(AND(BT37=1,$BT$4=2),1,0)
BS97: Cause 3 & Rectified | BT97: =IF(AND(BT37=1,$BT$4=3),1,0)
BS98: Cause 4 & Rectified | BT98: =IF(AND(BT77=1,$BT$4=4),1,0)
BS99: Cause 5 & Rectified | BT99: =IF(AND(BT67=1,$BT$4=5),1,0)
BS100: Cause 6 & Rectified | BT100: =IF(AND(BT65=1,$BT$4=6),1,0)
BS101: Cause 7 & Rectified | BT101: =IF(AND(BT65=1,$BT$4=7),1,0)
BS102: Cause 8 & Rectified | BT102: =IF(AND(BT75=1,$BT$4=8),1,0)
BS103: Cause 9 & Rectified | BT103: =IF(AND(BT81=1,$BT$4=9),1,0)
...

Sheet Calculation
A1: Inputs | I1: Sr. No | J1: Item | K1: Heat Load (W) | L1: Qty | M1: Total Heat Load (W)
A2: c | B2: 1 | C2: KJ/Kg | E2: Outputs | I2: 1 | J2: Passenger | K2: 72.84 | L2: 340 | M2: =K2*L2
A3: Set Point | B3: ='LFD OLD'!F5+273 | C3: K | E3: Return Air | F3: =B18-J32 | G3: C | I3: 2 | J3: Solar Gain | K3: 2336 | L3: 1 | M3: =K3*L3
A4: Ambient Temp | B4: ='LFD OLD'!F7+273 | C4: K | I4: 3 | J4: Transmission Gain | K4: 2882 | L4: 1 | M4: =K4*L4
A5: Supply Temp | B5: ='LFD OLD'!F8+273 | C5: K | I5: 4 | J5: Internal Equipment | K5: 2500 | L5: 1 | M5: =K5*L5
A6: Time | B6: 0.8 | C6: s | E6: Supply Air Temp | F6: =IF(B14=1,(F3+B3-273)/2,F3) | I6: 5 | J6: Fan Motor Load | K6: 4000 | L6: 1 | M6: =K6*L6
A7: Loading | B7: ='DATA TRANSFER'!F40 | C7: pax | I7: 6 | J7: Fresh Air Load | K7: 6663 | L7: 1 | M7: =K7*L7
A8: Heat Load Damper | B8: 0.8 | C8: 0-1 | E8: Damper Pos | F8: =B7*25+25*IF('DATA TRANSFER'!CP18=1,0,1)*IF('DATA TRANSFER'!AE22=0,0,1) | I8: 7 | J8: Door Opening Load | K8: 525 | L8: 1 | M8: =K8*L8
A9: Comp 1 | B9: ='Mode Logic'!L18 | C9: On/off | F9: =IF('DATA TRANSFER'!AE24=1,100,Calculation!F8) | L9: Total Heat Load | M9: =SUM(M2:M8) | N9: W
A10: Comp 2 | B10: ='Mode Logic'!M18 | C10: On/off | D10: HVAC 1 DMA | N10: =M9/1000
A11: Comp 3 | B11: ='Mode Logic'!N18 | C11: On/off
A12: Comp 4 | B12: ='Mode Logic'!O18 | C12: On/off | I12: Fresh Air Load
A13: Heater | B13: ='DATA TRANSFER'!M24 | C13: On/off | I13: Air Flow | J13: =IF(B17=1,3037,0)/3600 | K13: m^3/s
A14: FAD | B14: ='DATA TRANSFER'!M16 | I14: Delta T | J14: =B9-B7 | K14: K
A15: Cooling | B15: =IF(AND(B9:B12),47,IF(OR(B9:B12),10,IF(B13=1,-9,0))) | C15: KW | E15: =MAX(IF(TCMS!D24>0,Calculation!O40+TCMS!D24,O40),'Set point Calc'!J14)
B16: =B15*1000 | C16: W | I16: Heat Load | J16: =J13*J14 | K16: KW
J17: =J16*1000 | K17: W
A18: Internal Temp(RAT) | B18: ='DATA TRANSFER'!F38 | C18: C | L18: ='Mode Logic'!M18
A19: Time Elapsed since Preconditioning | B19: ='DATA TRANSFER'!F36 | C19: mins | D19: Need to add timer start once preconditioning is triggered | I19: Total Heat Load
I20: 1 | J20: Heat Load | K20: =M9 | L20: W
I21: 2 | J21: Freah Air | K21: =J17*G8/100 | L21: W
I22: 3 | J22: Operational | L22: W
A23: Comp 1 | B23: ='DATA TRANSFER'!M41 | C23: On/off | I23: Total Heat Load | K23: =SUM(K20:K22)
A24: Comp 2 | B24: ='DATA TRANSFER'!M42 | C24: On/off | D24: HVAC 1 DMB
A25: Comp 3 | B25: ='DATA TRANSFER'!M43 | C25: On/off
A26: Comp 4 | B26: ='DATA TRANSFER'!M46 | C26: On/off | I26: Change in Temp
A27: Heater | B27: 1 | C27: On/off | I27: 1 | J27: Delta W | K27: =B16-K23 | L27: W
A28: FAD | B28: 1 | I28: 2 | J28: Time | K28: =B6 | L28: s | N28: DM1 HVAC1
A29: Cooling | B29: =IF(AND(B23:B26),47,IF(OR(B23:B26),10,IF(B27=1,-9,0))) | C29: KW | I29: 3 | J29: c | K29: 1 | L29: Kj/Kg.K
B30: =B29*1000 | C30: W | I30: 4 | J30: m | K30: 1000 | L30: Kg
B32: DMA | C32: TCA | D32: DMB | I32: Change | J32: =(1/1000)*(K27*K28)/(K29*K30) | K32: C
A33: Set Point | B33: =MAX(IF(TCMS!D24>0,Calculation!O40+TCMS!D24,O40),'Set point Calc'!J14) | C33: =IF(TCMS!E24>0,Calculation!P40+TCMS!E24,P40) | D33: =IF(TCMS!F24>0,Calculation!Q40+TCMS!F24,Q40)
A34: Ambient Temp | B34: ='DATA TRANSFER'!F39 | C34: =B34 | D34: =C34
A35: RAT | B35: ='DATA TRANSFER'!Q584 | C35: ='DATA TRANSFER'!G38 | D35: ='DATA TRANSFER'!H38 | I35: Change in Temp
A36: New RAT | B36: =B35-B90 | C36: =C35-C90 | D36: =D35-B90 | I36: 1 | J36: Delta W | K36: =B15-K23 | L36: W
I37: 2 | J37: Time | K37: =B15 | L37: s | N37: DM1 HVAC2
A38: Pre-Cool | B38: =IF('Mode Logic'!B27=1,1,0) | C38: =B38 | D38: =C38 | E38: =IF(B48=1,0,IF(OR(B38=1,B39=1,B40=1),0,IF('Mode Logic'!B30=1,1,0)))*IF(B50=1,0,1) | F38: ='DATA TRANSFER'!F38 | I38: 3 | J38: c | K38: 1 | L38: Kj/Kg.K
A39: Pre-heat | B39: =IF('Mode Logic'!B26=1,1,0) | C39: =B39 | D39: =C39 | I39: 4 | J39: m | K39: 1000 | L39: Kg
A40: Auto Cool 1 (Cooling Circuits Disabled) | B40: =IF(B48=1,0,IF(B38=0,IF('Mode Logic'!B29=1,1,0)))*IF(B50=1,0,1) | C40: =B40 | D40: =IF(OR(D48=0,D38=0,D50=0),1,IF(AND(D35>=D33+1.5,D35<D33+2.5),1,0)) | E40: FAT<T4 | G40: =IF(OR(B48=0,B38=0,B50=0),1,IF(AND(B35>=B33+1.5,B35<B33+2.5),1,0))
A41: Auto Cool 2 | B41: =IF(B48=1,0,IF(OR(B38=1,B39=1,B40=1),0,IF('Mode Logic'!B30=1,1,0)))*IF(B50=1,0,1) | C41: =B41 | D41: =IF(OR(D48=1,D38=1,D50=1),0,IF(AND(D35>=D33,D35<D33+1),1,0)) | I41: Change | J41: =(1/1000)*(K36*K37)/(K38*K39) | K41: C
A42: Auto Cool 3 | B42: =IF(B48=1,0,IF(OR(B38=1,B39=1,B40=1,B41=1),0,IF('Mode Logic'!B31=1,1,0)))*IF(OR(B50=1,B49),0,1) | C42: =B42 | D42: =IF(OR(D48=1,D38=1,D50=1,N1=1,N2=1),0,IF(AND(D35>=D33+2.5,D35<D33+3.5),1,0)) | E42: =IF(OR(B48=1,B38=1,B50=1,L1=1,L2=1),0,IF(AND(B35>=B33+2.5,B35<B33+3.5),1,0))
A43: Temp reference for Internal Smoke | B43: 45 | C43: 45 | D43: 45
A44: Internal Smoke GUI input | B44: ='DATA TRANSFER'!F28
A45: External Smoke GUI input | B45: ='DATA TRANSFER'!F29
E47: =IF(B44=1,IF(OR(B35<B43,'DATA TRANSFER'!Q585=1,'DATA TRANSFER'!$F$12=1),1,0),IF('DATA TRANSFER'!F31=1,IF(OR(B35<B34,'DATA TRANSFER'!Q585=1,'DATA TRANSFER'!$F$12=1),1,0),IF(OR(B35<B33,'DATA TRANSFER'!Q585=1,'DATA TRANSFER'!$F$12=1),1,0)))
A48: Vent | B48: =IF(B44=1,IF(OR(B35<B43,'DATA TRANSFER'!Q585=1,'DATA TRANSFER'!$F$12=1),1,0),IF('DATA TRANSFER'!F31=1,IF(OR(B35<B34,'DATA TRANSFER'!Q585=1,'DATA TRANSFER'!$F$12=1),1,0),IF(OR(B35<B33,'DATA TRANSFER'!Q585=1,'DATA TRANSFER'!$F$12=1),1,0))) | C48: =B48 | D48: =IF(AND(OR('DATA TRANSFER'!H38<25,'DATA TRANSFER'!H59=1,'DATA TRANSFER'!$CP$37=1),D49=0),1,0) | E48: =IF('DATA TRANSFER'!F31=1,IF(OR(B35<B34,'DATA TRANSFER'!Q585=1,'DATA TRANSFER'!$F$12=1),1,0),IF(OR(B35<B33,'DATA TRANSFER'!Q585=1,'DATA TRANSFER'!$F$12=1),1,0)) | F48: =IF('DATA TRANSFER'!F31=1,IF(OR(B35<B34,'DATA TRANSFER'!Q585=1,'DATA TRANSFER'!$F$12=1),1,0),IF(OR(B35<B33,'DATA TRANSFER'!Q585=1,'DATA TRANSFER'!$F$12=1),1,0)) | G48: =IF(AND(OR('DATA TRANSFER'!F38<25,'DATA TRANSFER'!DF14=1,'DATA TRANSFER'!F46),B49=0),1,0)
A49: Int Smoke | B49: 0 | C49: =B49 | D49: =C49 | E49: =IF(OR(B35<B33,'DATA TRANSFER'!Q585=1,'DATA TRANSFER'!$F$12=1),1,0)
A50: Ext Smoke | B50: 0 | C50: =B50 | D50: =C50 | F50: close external damper-FAD | G50: =IF(OR(B51,C51,D51,),1,0) | I50: DM A | J50: TCA | K50: DM B
A51: FAD | B51: =IF(OR(TCMS!D27=1,1,TCMS!D28=1,1),1,0) | C51: =B51 | D51: =IF(OR(TCMS!F27=1,1,TCMS!F28=1,1),1,0) | F51: close internal damper-RAD | G51: =IF(OR(B52:D52),1,0) | I51: =IF('DATA TRANSFER'!Q584=1,IF((Calculation!B36>=(Calculation!B33+0.5)),0,1),IF(AND('DATA TRANSFER'!$F$13=1,Calculation!B36<=Calculation!B33),1,0)) | J51: =IF('DATA TRANSFER'!DG14=1, IF(Calculation!C36>=Calculation!C33+0.5,1, IF(Calculation!C36<=Calculation!C33-0.5,0,'DATA TRANSFER'!DG15)),'DATA TRANSFER'!DG15) | K51: =IF('DATA TRANSFER'!DH14=1, IF(Calculation!D36>=Calculation!D33+0.5,1, IF(Calculation!D36<=Calculation!D33-0.5,0,'DATA TRANSFER'!DH15)),'DATA TRANSFER'!DH15)
A52: RAD | B52: =IF(OR(B49=1,'DATA TRANSFER'!F563=0),0,1) | C52: =B52 | D52: =IF(OR(TCMS!F27=2,1,TCMS!F28=2,1),1,0)
B54: DM1 | D54: T2 | F54: DM6
B55: HVAC 1 | C55: HVAC 2 | D55: HVAC 1 | E55: HVAC 2 | F55: HVAC 1 | G55: HVAC 2
A56: Fault | B56: 0 | C56: =B56 | D56: {=IF(OR('DATA TRANSFER'!$AD$61:$AH$61=1),1,0)} | E56: {=IF(OR('DATA TRANSFER'!$AD$61:$AH$61=1),1,0)} | F56: {=IF(OR('DATA TRANSFER'!$AD$61:$AH$61=1),1,0)} | G56: {=IF(OR('DATA TRANSFER'!$AD$61:$AH$61=1),1,0)}
A57: Pre-Cool | B57: =B38 | C57: =B57 | D57: =C38 | E57: =C38 | F57: =D38 | G57: =D38
A58: Pre-heat | B58: =B39 | C58: =B58 | D58: =C39 | E58: =C39 | F58: =D39 | G58: =D39
A59: Auto Cool 1 (Cooling Circuits Disabled) | B59: =B40 | C59: =B59 | D59: =C40 | E59: =C40 | F59: =D40 | G59: =D40
A60: Auto Cool 2 | B60: =B41 | C60: =B60 | D60: =C40 | E60: =C40 | F60: =D41 | G60: =D41
A61: Auto Cool 5 | B61: =B42 | C61: =B61 | D61: =C42 | E61: =C42 | F61: =D42 | G61: =D42
A62: Heat Mode | B62: 0
A63: Dehumidification Mode | B63: 0
A64: Emergency Vent Mode | B64: ='LFD OLD'!R45
A65: Heater | B65: =VLOOKUP(1,'Mode Logic'!B26:E36,3,FALSE)
A66: Condensor Fan | B66: =VLOOKUP(1,'Mode Logic'!B26:E36,4,FALSE) | C66: =B66
A67: Vent | B67: =B48 | C67: =B67 | D67: =C48 | E67: =D48 | F67: =D48 | G67: =D48
A68: Int Smoke | B68: =B49 | C68: =B68 | D68: =C49 | E68: =C49 | F68: =D49 | G68: =D49
A69: Ext Smoke | B69: =B50 | C69: =B69 | D69: =C50 | E69: =C50 | F69: =D50 | G69: =D50
A70: FAD | B70: =B51 | C70: =B70 | D70: =C51 | E70: =C51 | F70: =D51 | G70: =D51
A71: RAD | B71: =B52 | C71: =B71 | D71: =C52 | E71: =C52 | F71: =D52 | G71: =D52
A73: Comp 1 | B73: =IF(B56=0,IF(VLOOKUP(1,'Mode Logic'!B26:K37,7,FALSE),1,0)) | C73: =B73 | D73: =IF(D56=0,IF(OR(D57:D66,D69),1,0)) | E73: =IF(E56=0,IF(OR(E57:E66,E69),1,0)) | F73: =IF(F56=0,IF(OR(F57:F66,F69),1,0)) | G73: =IF(G56=0,IF(OR(G57:G66,G69),1,0))
A74: Comp 2 | B74: =IF(B56=0,IF(VLOOKUP(1,'Mode Logic'!B26:K37,8,FALSE),1,0)) | C74: =B74 | D74: =IF(D56=0,IF(OR(D57:D66,D69),1,0)) | E74: =IF(E56=0,IF(OR(E57:E66,E69),1,0)) | F74: =IF(F56=0,IF(OR(F57:F66,F69),1,0)) | G74: =IF(G56=0,IF(OR(G57:G66,G69),1,0))
A75: Comp 3 | B75: =IF(B56=0,IF(VLOOKUP(1,'Mode Logic'!B26:K37,9,FALSE),1,0)) | C75: =B75 | D75: =IF(D56=0,IF(OR(D57:D66,D69),1,0)) | E75: =IF(E56=0,IF(OR(E57:E66,E69),1,0)) | F75: =IF(F56=0,IF(OR(F57:F66,F69),1,0)) | G75: =IF(G56=0,IF(OR(G57:G66,G69),1,0))
A76: Comp 4 | B76: =IF(B56=0,IF(VLOOKUP(1,'Mode Logic'!B26:K37,10,FALSE),1,0)) | C76: =B76 | D76: =IF(D56=0,IF(OR(D57:D66,D69),1,0)) | E76: =IF(E56=0,IF(OR(E57:E66,E69),1,0)) | F76: =IF(F56=0,IF(OR(F57:F66,F69),1,0)) | G76: =IF(G56=0,IF(OR(G57:G66,G69),1,0))
A77: FAD | B77: =IF(B56=0,IF(VLOOKUP(1,'Mode Logic'!B26:N37,11,FALSE),1,0)) | C77: =B77
A78: RAD | B78: =B52 | C78: =B78
A80: Pax Heat Load | B80: =$M$9 | C80: =$M$9 | D80: =$M$9 | E80: =$M$9 | F80: =$M$9 | G80: =$M$9
A81: FAD Load | B81: =IF(B77=1,$J$17*$F$8/100,0) | C81: =IF(C77=1,$J$17*$F$8/100,0) | D81: =IF(D77=1,$J$17*$F$8/100,0) | E81: =IF(E77=1,$J$17*$F$8/100,0) | F81: =IF(F77=1,$J$17*$F$8/100,0) | G81: =IF(G77=1,$J$17*$F$8/100,0)
A82: Operational Heat | B82: =$K$23
A83: Total | B83: =SUM(B80:B82)*$B$8 | C83: =SUM(C80:C82)*$B$8 | D83: =SUM(D80:D82)*$B$8 | E83: =SUM(E80:E82)*$B$8 | F83: =SUM(F80:F82)*$B$8 | G83: =SUM(G80:G82)*$B$8
A85: Cooling | B85: =IF(AND(B73:B76),75000,IF(OR(B73:B76),70000,0)) | C85: =IF(AND(C73:C76),47000,IF(OR(C73:C76),10000,0)) | D85: =IF(AND(D73:D76),47000,IF(OR(D73:D76),10000,0)) | E85: =IF(AND(E73:E76),47000,IF(OR(E73:E76),10000,0)) | F85: =IF(AND(F73:F76),47000,IF(OR(F73:F76),10000,0)) | G85: =IF(AND(G73:G76),47000,IF(OR(G73:G76),10000,0))
A86: Delta W | B86: =B85-B83 | C86: =C85-C83 | D86: =D85-D84 | E86: =E85-E84 | F86: =F85-F84 | G86: =G85-G84
A87: Time | B87: =$B$6 | C87: =$B$6 | D87: =$B$6 | E87: =$B$6 | F87: =$B$6 | G87: =$B$6
A89: Total Delta W | B89: =B86+C86 | C89: =D86+E86 | D89: =F86+G86
A90: Change | B90: =((1/1000)*((B89*$B$6)/($K$29*$K$30))) | C90: =((1/1000)*((C89*$B$6)/($K$29*$K$30))) | D90: =((1/1000)*((D89*$B$6)/($K$29*$K$30)))
A92: HVAC SYSTEM COMMANDS SCREEN | F92: REMOTE CBs COMMANDS
A94: ISOLATE DMA HVAC 1 | B94: ISOLATE TCA HVAC 1 | C94: ISOLATE DMB HVAC 1 | D94: HW ISOLATE | F94: DMA HVAC 1 CB TRIP | G94: TCA HVAC 1 CB TRIP | H94: DMB HVAC 1 CB TRIP | I94: HW OFF DUE TO CB TRIP
A95: =--AND(TCMS!C97=1,TCMS!C100=1,(TCMS!C97+TCMS!C100+TCMS!D97+TCMS!D100+TCMS!E97+TCMS!E100)=2,'DATA TRANSFER'!F46) | B95: =--AND(TCMS!D97=1,TCMS!D100=1,(TCMS!C97+TCMS!C100+TCMS!D97+TCMS!D100+TCMS!E97+TCMS!E100)=2) | C95: =--AND(TCMS!E97=1,TCMS!E100=1,(TCMS!C97+TCMS!C100+TCMS!D97+TCMS!D100+TCMS!E97+TCMS!E100)=2) | F95: =IF((TCMS!C105=0),1,0) | I95: =IF(OR(C95,D95,E95,F95,G95,H95,C98,D98,E98,F98,G98,H98),1,0)
A97: FAULT DMA HVAC 1 | B97: FAULT TCA | C97: FAULT DMB | F97: DMA HVAC 2 CB TRIP | G97: TCA HVAC 2 CB TRIP | H97: DMB HVAC 2 CB TRIP
A100: AUTO DMA | B100: AUTO TCA | C100: AUTO DMB
A101: =IF(OR(TCMS!E62=1,TCMS!E65=1),1,0) | B101: =IF(OR(TCMS!E62=1,TCMS!E65=1),1,0) | C101: =IF(OR(TCMS!E62=1,TCMS!E65=1),1,0)
A103: RESET DMA | B103: RESET TCA | C103: RESET DMB | D103: HW RESET
A104: =TCMS!C103 | C104: =TCMS!C103 | D104: =IF(OR(A104,C104),1,0)
A106: VENT MODE DMA | B106: VENT MODE TCA | C106: VENT MODE DMB | D106: HW IN VENT MODE
A109: SET POINT DMA | B109: SET POINT TCA | C109: SET POINT DMB
A110: =IF(AND(TCMS!D74=1,TCMS!D75=1),1,0) | B110: =IF(AND(TCMS!E74=1,TCMS!E75=1),1,0) | C110: =IF(AND(TCMS!F74=1,TCMS!F75=1),1,0) | D110: =IF(OR(A110:C110),1,0)
A112: RESET SMOKE DMA | B112: RESET SMOKE TCA | C112: RESET SMOKE DMB | D112: HW SMOKE RESET
A115: ISOLATE DMA HVAC 2 | B115: ISOLATE TCA HVAC 2 | C115: ISOLATE DMB HVAC 2
A120: FAULT DMA HVAC 1 | B120: FAULT TCA | C120: FAULT DMB
A137: cooling level | B137: cooling capacity (kw) | C137: w
A138: 1 | B138: 10 | C138: 10000
A139: 2 | B139: 11 | C139: 11000
...

Sheet Calc again
A1: Inputs | I1: Sr. No | J1: Item | K1: Heat Load (W) | L1: Qty | M1: Total Heat Load (W)
E2: Outputs | I2: 1 | J2: Passenger | K2: 72.84 | L2: 340 | M2: =K2*L2
A3: Set Point | B3: =Calculation!B33+273 | C3: K | E3: Return Air | F3: =B18-J32 | G3: C | I3: 2 | J3: Solar Gain | K3: 2336 | L3: 1 | M3: =K3*L3
A4: Ambient Temp | B4: =Calculation!B34+273 | C4: K | I4: 3 | J4: Transmission Gain | K4: 2882 | L4: 1 | M4: =K4*L4
A5: Supply Temp | B5: ='DATA TRANSFER'!F39+273 | C5: K | I5: 4 | J5: Internal Equipment | K5: 2500 | L5: 1 | M5: =K5*L5
A6: Time | B6: 0.8 | C6: s | E6: Supply Air Temp | F6: =IF(B14=1,(F3+B3-273)/2,F3) | I6: 5 | J6: Fan Motor Load | K6: 4000 | L6: 1 | M6: =K6*L6
A7: Loading | B7: =MAX(D13:D16) | C7: pax | I7: 6 | J7: Fresh Air Load | K7: 6663 | L7: 1 | M7: =K7*L7
A8: Heat Load Damper | B8: =IF(B7=0,0.8,IF(B7=1,0.7,IF(B7=2,0.5,0.45))) | C8: 0-1 | E8: Damper Pos | F8: ='DATA TRANSFER'!AE13 | I8: 7 | J8: Door Opening Load | K8: 525 | L8: 1 | M8: =K8*L8
A9: Comp 1 | B9: ='Mode Logic'!L18 | C9: On/off | F9: =IF('DATA TRANSFER'!AE24=1,100,Calculation!F8) | L9: Total Heat Load | M9: =SUM(M2:M8) | N9: W
A10: Comp 2 | B10: ='Mode Logic'!M18 | C10: On/off | D10: HVAC 1 DMA | N10: =M9/1000
A11: Comp 3 | B11: ='Mode Logic'!N18 | C11: On/off
A12: Comp 4 | B12: ='Mode Logic'!O18 | C12: On/off | D12: Status | E12: Loading | F12: Number of Passenger | G12: Design Heat Load (kW) | I12: Fresh Air Load
A13: Heater 1 | B13: ='DATA TRANSFER'!M24 | C13: On/off | D13: =IF(AND('DATA TRANSFER'!F40<=100,'DATA TRANSFER'!F40>81),4,0) | E13: AW0 | F13: 340 | G13: 88.7 | I13: Air Flow | J13: =IF(B17=1,3037,0)/3600 | K13: m^3/s
A14: FAD | B14: ='DATA TRANSFER'!M16 | D14: =IF(AND('DATA TRANSFER'!F40<=81,'DATA TRANSFER'!F40>59),3,0) | E14: AW1 | F14: 274 | G14: 73.9 | I14: Delta T | J14: =B9-B7 | K14: K
A15: Cooling | B15: =IF(AND(B9:B12),47,IF(OR(B9:B12),10,IF(B13=1,-9,0))) | C15: KW | D15: =IF(AND('DATA TRANSFER'!F40<=59,'DATA TRANSFER'!F40>15),2,0) | E15: AW2 | F15: 200 | G15: 57.7
A16: Cooling | B16: =B15*1000 | C16: W | D16: =IF('DATA TRANSFER'!F40<=15,1,0) | E16: AW3 | F16: 52 | G16: 27 | I16: Heat Load | J16: =J13*J14 | K16: KW
A17: Heater 2 | B17: ='DATA TRANSFER'!M30 | J17: =J16*1000 | K17: W
A18: Internal Temp(RAT) | B18: ='DATA TRANSFER'!F38 | C18: C | L18: ='Mode Logic'!M18
A19: Time Elapsed since Preconditioning | B19: ='DATA TRANSFER'!F36 | C19: mins | I19: Total Heat Load
A20: Number of Compressors ON | B20: =SUM(B9:B12) | I20: 1 | J20: Heat Load | K20: =M9 | L20: W
I21: 2 | J21: Freah Air | K21: =J17*G8/100 | L21: W
I22: 3 | J22: Operational | L22: W
A23: Comp 1 | B23: ='DATA TRANSFER'!M41 | C23: On/off | I23: Total Heat Load | K23: =SUM(K20:K22)
A24: Comp 2 | B24: ='DATA TRANSFER'!M42 | C24: On/off | D24: HVAC 1 DMB
A25: Comp 3 | B25: ='DATA TRANSFER'!M43 | C25: On/off
A26: Comp 4 | B26: ='DATA TRANSFER'!M46 | C26: On/off | I26: Change in Temp
A27: Heater | B27: 1 | C27: On/off | I27: 1 | J27: Delta W | K27: =B16-K23 | L27: W
A28: FAD | B28: 1 | I28: 2 | J28: Time | K28: =B6 | L28: s | N28: DM1 HVAC1
A29: Cooling | B29: =IF(AND(B23:B26),47,IF(OR(B23:B26),10,IF(B27=1,-9,0))) | C29: KW | I29: 3 | J29: c | K29: 1 | L29: Kj/Kg.K
B30: =B29*1000 | C30: W | I30: 4 | J30: m | K30: 1000 | L30: Kg
B32: DMA | C32: TCA | D32: DMB | I32: Change | J32: =(1/1000)*(K27*K28)/(K29*K30) | K32: C
A33: Set Point | B33: =MAX(IF(TCMS!D24>0,Calculation!O40+TCMS!D24,O40),'Set point Calc'!J14) | C33: =IF(TCMS!E24>0,Calculation!P40+TCMS!E24,P40) | D33: =IF(TCMS!F24>0,Calculation!Q40+TCMS!F24,Q40)
A34: Ambient Temp | B34: ='DATA TRANSFER'!F39 | C34: =B34 | D34: =C34
A35: RAT | B35: ='DATA TRANSFER'!Q584 | C35: ='DATA TRANSFER'!G38 | D35: ='DATA TRANSFER'!H38 | I35: Change in Temp
A36: New RAT | B36: =B35-B90 | C36: =C35-C90 | D36: =D35-B90 | I36: 1 | J36: Delta W | K36: =B15-K23 | L36: W
I37: 2 | J37: Time | K37: =B15 | L37: s | N37: DM1 HVAC2
A38: Pre-Cool | B38: =IF('Mode Logic'!B27=1,1,0) | C38: =B38 | D38: =C38 | E38: =IF(B48=1,0,IF(OR(B38=1,B39=1,B40=1),0,IF('Mode Logic'!B30=1,1,0)))*IF(B50=1,0,1) | F38: ='DATA TRANSFER'!F38 | I38: 3 | J38: c | K38: 1 | L38: Kj/Kg.K
A39: Pre-heat | B39: =IF('Mode Logic'!B26=1,1,0) | C39: =B39 | D39: =C39 | I39: 4 | J39: m | K39: 1000 | L39: Kg
A40: Auto Cool 1 (Cooling Circuits Disabled) | B40: =IF(B48=1,0,IF(B38=0,IF('Mode Logic'!B29=1,1,0)))*IF(B50=1,0,1) | C40: =B40 | D40: =IF(OR(D48=0,D38=0,D50=0),1,IF(AND(D35>=D33+1.5,D35<D33+2.5),1,0)) | E40: FAT<T4 | G40: =IF(OR(B48=0,B38=0,B50=0),1,IF(AND(B35>=B33+1.5,B35<B33+2.5),1,0))
A41: Auto Cool 2 | B41: =IF(B48=1,0,IF(OR(B38=1,B39=1,B40=1),0,IF('Mode Logic'!B30=1,1,0)))*IF(B50=1,0,1) | C41: =B41 | D41: =IF(OR(D48=1,D38=1,D50=1),0,IF(AND(D35>=D33,D35<D33+1),1,0)) | I41: Change | J41: =(1/1000)*(K36*K37)/(K38*K39) | K41: C
A42: Auto Cool 3 | B42: =IF(B48=1,0,IF(OR(B38=1,B39=1,B40=1,B41=1),0,IF('Mode Logic'!B31=1,1,0)))*IF(OR(B50=1,B49),0,1) | C42: =B42 | D42: =IF(OR(D48=1,D38=1,D50=1,N1=1,N2=1),0,IF(AND(D35>=D33+2.5,D35<D33+3.5),1,0)) | E42: =IF(OR(B48=1,B38=1,B50=1,L1=1,L2=1),0,IF(AND(B35>=B33+2.5,B35<B33+3.5),1,0))
A43: Temp reference for Internal Smoke | B43: 45 | C43: 45 | D43: 45
A44: Internal Smoke GUI input | B44: ='DATA TRANSFER'!F28
A45: External Smoke GUI input | B45: ='DATA TRANSFER'!F29
E47: =IF(B44=1,IF(OR(B35<B43,'DATA TRANSFER'!Q585=1,'DATA TRANSFER'!$F$12=1),1,0),IF('DATA TRANSFER'!F31=1,IF(OR(B35<B34,'DATA TRANSFER'!Q585=1,'DATA TRANSFER'!$F$12=1),1,0),IF(OR(B35<B33,'DATA TRANSFER'!Q585=1,'DATA TRANSFER'!$F$12=1),1,0)))
A48: Vent | B48: =IF(B44=1,IF(OR(B35<B43,'DATA TRANSFER'!Q585=1,'DATA TRANSFER'!$F$12=1),1,0),IF('DATA TRANSFER'!F31=1,IF(OR(B35<B34,'DATA TRANSFER'!Q585=1,'DATA TRANSFER'!$F$12=1),1,0),IF(OR(B35<B33,'DATA TRANSFER'!Q585=1,'DATA TRANSFER'!$F$12=1),1,0))) | C48: =B48 | D48: =IF(AND(OR('DATA TRANSFER'!H38<25,'DATA TRANSFER'!H59=1,'DATA TRANSFER'!$CP$37=1),D49=0),1,0) | E48: =IF('DATA TRANSFER'!F31=1,IF(OR(B35<B34,'DATA TRANSFER'!Q585=1,'DATA TRANSFER'!$F$12=1),1,0),IF(OR(B35<B33,'DATA TRANSFER'!Q585=1,'DATA TRANSFER'!$F$12=1),1,0)) | F48: =IF('DATA TRANSFER'!F31=1,IF(OR(B35<B34,'DATA TRANSFER'!Q585=1,'DATA TRANSFER'!$F$12=1),1,0),IF(OR(B35<B33,'DATA TRANSFER'!Q585=1,'DATA TRANSFER'!$F$12=1),1,0)) | G48: =IF(AND(OR('DATA TRANSFER'!F38<25,'DATA TRANSFER'!DF14=1,'DATA TRANSFER'!F46),B49=0),1,0)
A49: Int Smoke | B49: 0 | C49: =B49 | D49: =C49 | E49: =IF(OR(B35<B33,'DATA TRANSFER'!Q585=1,'DATA TRANSFER'!$F$12=1),1,0)
A50: Ext Smoke | B50: 0 | C50: =B50 | D50: =C50 | F50: close external damper-FAD | G50: =IF(OR(B51,C51,D51,),1,0) | I50: DM A | J50: TCA | K50: DM B
A51: FAD | B51: =IF(OR(TCMS!D27=1,1,TCMS!D28=1,1),1,0) | C51: =B51 | D51: =IF(OR(TCMS!F27=1,1,TCMS!F28=1,1),1,0) | F51: close internal damper-RAD | G51: =IF(OR(B52:D52),1,0) | I51: =IF('DATA TRANSFER'!Q584=1,IF((Calculation!B36>=(Calculation!B33+0.5)),0,1),IF(AND('DATA TRANSFER'!$F$13=1,Calculation!B36<=Calculation!B33),1,0)) | J51: =IF('DATA TRANSFER'!DG14=1, IF(Calculation!C36>=Calculation!C33+0.5,1, IF(Calculation!C36<=Calculation!C33-0.5,0,'DATA TRANSFER'!DG15)),'DATA TRANSFER'!DG15) | K51: =IF('DATA TRANSFER'!DH14=1, IF(Calculation!D36>=Calculation!D33+0.5,1, IF(Calculation!D36<=Calculation!D33-0.5,0,'DATA TRANSFER'!DH15)),'DATA TRANSFER'!DH15)
A52: RAD | B52: =IF(OR(B49=1,'DATA TRANSFER'!F563=0),0,1) | C52: =B52 | D52: =IF(OR(TCMS!F27=2,1,TCMS!F28=2,1),1,0)
B54: DM1 | D54: T2 | F54: DM6
B55: HVAC 1 | C55: HVAC 2 | D55: HVAC 1 | E55: HVAC 2 | F55: HVAC 1 | G55: HVAC 2
A56: Fault | B56: 0 | C56: =B56 | D56: {=IF(OR('DATA TRANSFER'!$AD$61:$AH$61=1),1,0)} | E56: {=IF(OR('DATA TRANSFER'!$AD$61:$AH$61=1),1,0)} | F56: {=IF(OR('DATA TRANSFER'!$AD$61:$AH$61=1),1,0)} | G56: {=IF(OR('DATA TRANSFER'!$AD$61:$AH$61=1),1,0)}
A57: Pre-Cool | B57: =B38 | C57: =B57 | D57: =C38 | E57: =C38 | F57: =D38 | G57: =D38
A58: Pre-heat | B58: =B39 | C58: =B58 | D58: =C39 | E58: =C39 | F58: =D39 | G58: =D39
A59: Auto Cool 1 (Cooling Circuits Disabled) | B59: =B40 | C59: =B59 | D59: =C40 | E59: =C40 | F59: =D40 | G59: =D40
A60: Auto Cool 2 | B60: =B41 | C60: =B60 | D60: =C40 | E60: =C40 | F60: =D41 | G60: =D41
A61: Auto Cool 5 | B61: =B42 | C61: =B61 | D61: =C42 | E61: =C42 | F61: =D42 | G61: =D42
A62: Heat Mode | B62: 0
A63: Dehumidification Mode | B63: 0
A64: Emergency Vent Mode | B64: ='LFD OLD'!R45
A65: Heater | B65: =VLOOKUP(1,'Mode Logic'!B26:E36,3,FALSE)
A66: Condensor Fan | B66: =VLOOKUP(1,'Mode Logic'!B26:E36,4,FALSE) | C66: =B66
A67: Vent | B67: =B48 | C67: =B67 | D67: =C48 | E67: =D48 | F67: =D48 | G67: =D48
A68: Int Smoke | B68: =B49 | C68: =B68 | D68: =C49 | E68: =C49 | F68: =D49 | G68: =D49
A69: Ext Smoke | B69: =B50 | C69: =B69 | D69: =C50 | E69: =C50 | F69: =D50 | G69: =D50
A70: FAD | B70: =B51 | C70: =B70 | D70: =C51 | E70: =C51 | F70: =D51 | G70: =D51
A71: RAD | B71: =B52 | C71: =B71 | D71: =C52 | E71: =C52 | F71: =D52 | G71: =D52
A73: Comp 1 | B73: =IF(B56=0,IF(VLOOKUP(1,'Mode Logic'!B26:K37,7,FALSE),1,0)) | C73: =B73 | D73: =IF(D56=0,IF(OR(D57:D66,D69),1,0)) | E73: =IF(E56=0,IF(OR(E57:E66,E69),1,0)) | F73: =IF(F56=0,IF(OR(F57:F66,F69),1,0)) | G73: =IF(G56=0,IF(OR(G57:G66,G69),1,0))
A74: Comp 2 | B74: =IF(B56=0,IF(VLOOKUP(1,'Mode Logic'!B26:K37,8,FALSE),1,0)) | C74: =B74 | D74: =IF(D56=0,IF(OR(D57:D66,D69),1,0)) | E74: =IF(E56=0,IF(OR(E57:E66,E69),1,0)) | F74: =IF(F56=0,IF(OR(F57:F66,F69),1,0)) | G74: =IF(G56=0,IF(OR(G57:G66,G69),1,0))
A75: Comp 3 | B75: =IF(B56=0,IF(VLOOKUP(1,'Mode Logic'!B26:K37,9,FALSE),1,0)) | C75: =B75 | D75: =IF(D56=0,IF(OR(D57:D66,D69),1,0)) | E75: =IF(E56=0,IF(OR(E57:E66,E69),1,0)) | F75: =IF(F56=0,IF(OR(F57:F66,F69),1,0)) | G75: =IF(G56=0,IF(OR(G57:G66,G69),1,0))
A76: Comp 4 | B76: =IF(B56=0,IF(VLOOKUP(1,'Mode Logic'!B26:K37,10,FALSE),1,0)) | C76: =B76 | D76: =IF(D56=0,IF(OR(D57:D66,D69),1,0)) | E76: =IF(E56=0,IF(OR(E57:E66,E69),1,0)) | F76: =IF(F56=0,IF(OR(F57:F66,F69),1,0)) | G76: =IF(G56=0,IF(OR(G57:G66,G69),1,0))
A77: FAD | B77: =IF(B56=0,IF(VLOOKUP(1,'Mode Logic'!B26:N37,11,FALSE),1,0)) | C77: =B77
A78: RAD | B78: =B52 | C78: =B78
A80: Pax Heat Load | B80: =$M$9 | C80: =$M$9 | D80: =$M$9 | E80: =$M$9 | F80: =$M$9 | G80: =$M$9
A81: FAD Load | B81: =IF(B77=1,$J$17*$F$8/100,0) | C81: =IF(C77=1,$J$17*$F$8/100,0) | D81: =IF(D77=1,$J$17*$F$8/100,0) | E81: =IF(E77=1,$J$17*$F$8/100,0) | F81: =IF(F77=1,$J$17*$F$8/100,0) | G81: =IF(G77=1,$J$17*$F$8/100,0)
A82: Operational Heat | B82: =$K$23
A83: Total | B83: =SUM(B80:B82)*$B$8 | C83: =SUM(C80:C82)*$B$8 | D83: =SUM(D80:D82)*$B$8 | E83: =SUM(E80:E82)*$B$8 | F83: =SUM(F80:F82)*$B$8 | G83: =SUM(G80:G82)*$B$8
A85: Cooling | B85: =IF(AND(B73:B76),75000,IF(OR(B73:B76),70000,0)) | C85: =IF(AND(C73:C76),47000,IF(OR(C73:C76),10000,0)) | D85: =IF(AND(D73:D76),47000,IF(OR(D73:D76),10000,0)) | E85: =IF(AND(E73:E76),47000,IF(OR(E73:E76),10000,0)) | F85: =IF(AND(F73:F76),47000,IF(OR(F73:F76),10000,0)) | G85: =IF(AND(G73:G76),47000,IF(OR(G73:G76),10000,0))
A86: Delta W | B86: =B85-B83 | C86: =C85-C83 | D86: =D85-D84 | E86: =E85-E84 | F86: =F85-F84 | G86: =G85-G84
A87: Time | B87: =$B$6 | C87: =$B$6 | D87: =$B$6 | E87: =$B$6 | F87: =$B$6 | G87: =$B$6
A89: Total Delta W | B89: =B86+C86 | C89: =D86+E86 | D89: =F86+G86
A90: Change | B90: =((1/1000)*((B89*$B$6)/($K$29*$K$30))) | C90: =((1/1000)*((C89*$B$6)/($K$29*$K$30))) | D90: =((1/1000)*((D89*$B$6)/($K$29*$K$30)))
A92: HVAC SYSTEM COMMANDS SCREEN | F92: REMOTE CBs COMMANDS
A94: ISOLATE DMA HVAC 1 | B94: ISOLATE TCA HVAC 1 | C94: ISOLATE DMB HVAC 1 | D94: HW ISOLATE | F94: DMA HVAC 1 CB TRIP | G94: TCA HVAC 1 CB TRIP | H94: DMB HVAC 1 CB TRIP | I94: HW OFF DUE TO CB TRIP
A95: =--AND(TCMS!C97=1,TCMS!C100=1,(TCMS!C97+TCMS!C100+TCMS!D97+TCMS!D100+TCMS!E97+TCMS!E100)=2,'DATA TRANSFER'!F46) | B95: =--AND(TCMS!D97=1,TCMS!D100=1,(TCMS!C97+TCMS!C100+TCMS!D97+TCMS!D100+TCMS!E97+TCMS!E100)=2) | C95: =--AND(TCMS!E97=1,TCMS!E100=1,(TCMS!C97+TCMS!C100+TCMS!D97+TCMS!D100+TCMS!E97+TCMS!E100)=2) | F95: =IF((TCMS!C105=0),1,0) | I95: =IF(OR(C95,D95,E95,F95,G95,H95,C98,D98,E98,F98,G98,H98),1,0)
A97: FAULT DMA HVAC 1 | B97: FAULT TCA | C97: FAULT DMB | F97: DMA HVAC 2 CB TRIP | G97: TCA HVAC 2 CB TRIP | H97: DMB HVAC 2 CB TRIP
A100: AUTO DMA | B100: AUTO TCA | C100: AUTO DMB
A101: =IF(OR(TCMS!E62=1,TCMS!E65=1),1,0) | B101: =IF(OR(TCMS!E62=1,TCMS!E65=1),1,0) | C101: =IF(OR(TCMS!E62=1,TCMS!E65=1),1,0)
A103: RESET DMA | B103: RESET TCA | C103: RESET DMB | D103: HW RESET
A104: =TCMS!C103 | C104: =TCMS!C103 | D104: =IF(OR(A104,C104),1,0)
A106: VENT MODE DMA | B106: VENT MODE TCA | C106: VENT MODE DMB | D106: HW IN VENT MODE
A109: SET POINT DMA | B109: SET POINT TCA | C109: SET POINT DMB
A110: =IF(AND(TCMS!D74=1,TCMS!D75=1),1,0) | B110: =IF(AND(TCMS!E74=1,TCMS!E75=1),1,0) | C110: =IF(AND(TCMS!F74=1,TCMS!F75=1),1,0) | D110: =IF(OR(A110:C110),1,0)
A112: RESET SMOKE DMA | B112: RESET SMOKE TCA | C112: RESET SMOKE DMB | D112: HW SMOKE RESET
A115: ISOLATE DMA HVAC 2 | B115: ISOLATE TCA HVAC 2 | C115: ISOLATE DMB HVAC 2
A120: FAULT DMA HVAC 1 | B120: FAULT TCA | C120: FAULT DMB
A137: cooling level | B137: cooling capacity (kw) | C137: w
A138: 1 | B138: 10 | C138: 10000
A139: 2 | B139: 11 | C139: 11000
...

Sheet Final Calc
A2: Sr No. | B2: Description | C2: Value | D2: Unit | E2: Remarks | G2: Status | H2: Loading | I2: Number of Passengers | J2: % Demand | K2: Considered Load | L2: Per HVAC Unit Design Load | M2: Design Heat Load (kW) in Winter | N2: Design Heat Load (kW) in Monsoon | O2: Design Heat Load (kW) in Summer
A3: 1 | B3: Set Point Temperature | C3: =Calculation!B33+273 | D3: Kelvin | G3: =IF(AND('DATA TRANSFER'!I30<=100,'DATA TRANSFER'!I30>81),4,0) | H3: AW3 | I3: 340 | J3: =K3/$C$14 | K3: =O3 | L3: =K3/2 | M3: 78.4 | N3: 86.7 | O3: 88.7
A4: =A3+1 | B4: Return Air Temperature | C4: =Calculation!B34+273 | D4: Kelvin | G4: =IF(AND('DATA TRANSFER'!I30<=81,'DATA TRANSFER'!I30>59),3,0) | H4: AW2 | I4: 274 | J4: =K4/$C$14 | K4: =O4 | L4: =K4/2 | O4: 73.9
A5: =A4+1 | B5: Supply Air Temperature | C5: ='DATA TRANSFER'!F39+273 | D5: Kelvin | G5: =IF(AND('DATA TRANSFER'!I30<=59,'DATA TRANSFER'!I30>15),2,0) | H5: AW1 | I5: 200 | J5: =K5/$C$14 | K5: =O5 | L5: =K5/2 | O5: 57.7
A6: =A5+1 | B6: Time | C6: 0.8 | G6: =IF('DATA TRANSFER'!I30<=15,1,0) | H6: AW0 | I6: 52 | J6: =K6/$C$14 | K6: =O6 | L6: =K6/2 | O6: 27
A7: =A6+1 | B7: Loading | C7: =MAX(G3:G6) | E7: AW0: 1, AW1: 2, AW2: 3, AW3: 4
A8: =A7+1 | B8: Heat Load Damper | C8: =IF(B7=0,0.8,IF(B7=1,0.7,IF(B7=2,0.5,0.45)))
A9: =A8+1 | B9: Compressor 1 | C9: 0
A10: =A9+1 | B10: Compressor 2 | C10: 0
A11: =A10+1 | B11: Compressor 3 | C11: 0 | I11: Preconditioning: Cooling
A12: =A11+1 | B12: Compressor 4 (VFD) | C12: 0 | I12: Preconditioning: Heating
A13: =A12+1 | B13: Number of Compressors ON | C13: =SUM(C9:C12) | I13: Cooling Demand <30%
A14: =A13+1 | B14: Total Compressor Capacity | C14: 94 | D14: kW | I14: Cooling Demand >=30%
A15: =A14+1 | B15: Heater 1 | C15: 1 | I15: Cool 1: All Circuits Disabled
A16: =A15+1 | B16: Heater 2 | C16: 1 | I16: Cool 2: 25% Circuits ON
A17: =A16+1 | B17: Number of Heaters ON | C17: =SUM(C15:C16) | I17: Cool 3: 50% Circuits ON
A18: =A17+1 | B18: FAD Status | I18: Cool 4: 75% Circuits ON
A19: =A18+1 | B19: RAD Status | I19: Cool 5: 100% Circuits ON
A20: =A19+1 | B20: Cooling/Heating | C20: =IF(OR(C9:C12),C13*11.75,IF(OR(C15:C16),-4.8*C17,0)) | D20: kW | I20: VFD Modulation
A21: =A20+1 | B21: Cooling/Heating | C21: =C20*1000 | D21: W | I21: Heating Mode
A22: =A21+1 | B22: Passenger Load | C22: ='DATA TRANSFER'!F40 | D22: % | I22: Reheat Mode
A23: =A22+1 | B23: Relative Humidity | C23: ='DATA TRANSFER'!F43 | D23: % | I23: Internal Smoke Mode
A24: =A23+1 | B24: Time Elapsed since HVAC ON | C24: ='DATA TRANSFER'!F36 | D24: Mins | I24: External Smoke Mode
A25: =A24+1 | I25: Reduced Mode
A26: =A25+1 | I26: Emergency Mode
A27: =A26+1
A28: =A27+1
A29: =A28+1
A30: =A29+1
A31: =A30+1
A32: =A31+1
A33: =A32+1
A34: =A33+1
A35: =A34+1
A36: =A35+1
A37: =A36+1
A38: =A37+1
... A42: =A41+1
C47: DMA | E47: TC | G47: DMB
C48: HVAC 1 | D48: HVAC 2 | E48: HVAC 1 | F48: HVAC 2 | G48: HVAC 1 | H48: HVAC 2
B49: Set Point | C49: =MAX('DATA TRANSFER'!$F$37,'Set point Calc'!$J$14) | D49: =MAX('DATA TRANSFER'!$F$37,'Set point Calc'!$J$14) | E49: =MAX('DATA TRANSFER'!$F$37,'Set point Calc'!$J$14) | F49: =MAX('DATA TRANSFER'!$F$37,'Set point Calc'!$J$14) | G49: =MAX('DATA TRANSFER'!$F$37,'Set point Calc'!$J$14) | H49: =MAX('DATA TRANSFER'!$F$37,'Set point Calc'!$J$14)
B50: Ambient Temperature/FAT | C50: ='DATA TRANSFER'!$F$39 | D50: ='DATA TRANSFER'!$F$39 | E50: ='DATA TRANSFER'!$F$39 | F50: ='DATA TRANSFER'!$F$39 | G50: ='DATA TRANSFER'!$F$39 | H50: ='DATA TRANSFER'!$F$39
B51: OLD RAT
B52: NEW RAT
B53: Cooling Demand | C53: =VLOOKUP(1,G3:L6,4,FALSE)
B54: Preconditioning: Cooling
B55: Preconditioning: Heating
B56: Cooling Demand <30% | C56: =IF(C53<30%,1,0)
B57: Cooling Demand >=30% | C57: =IF(C53>=30%,1,0)
B58: Cool 1: All Circuits Disabled
B59: Cool 2: 25% Circuits ON
B60: Cool 3: 50% Circuits ON
B61: Cool 4: 75% Circuits ON
B62: Cool 5: 100% Circuits ON
B63: VFD Modulation
B64: Heating Mode
B65: Reheat Mode
B66: Internal Smoke Mode
B67: External Smoke Mode
B68: Reduced Mode
B69: Emergency Mode
B74: Total Heat Load | C74: =VLOOKUP(1,G3:L6,6,FALSE)*1000 | D74: =C74 | E74: =D74 | F74: =E74 | G74: =F74 | H74: =G74
B75: Cooling/Heating | C75: =C21 | D75: =C75 | E75: =D75 | F75: =E75 | G75: =F75 | H75: =G75

Sheet Mode Logic
B1: Inputs | F1: Temp | G1: Values | H1: Kelvin | J1: For Operating Panel Screen
B2: c | C2: 1 | D2: KJ/Kg | F2: T1 | G2: 18 | H2: =G2+273.15 | J2: Status | K2: Modes of Operation | L2: Compressor 1 | M2: Compressor 2 | N2: Compressor 3 | O2: Compressor 4 | P2: FAD | Q2: RAD | R2: Heater 1 | S2: Heater 2 | T2: Condensor Fan | U2: Evaporator Fan 1 | V2: Evaporator Fan 2
B3: Set Point | C3: ='DATA TRANSFER'!F37+273.15 | D3: K | F3: T2 | G3: 25 | H3: =G3+273.15 | J3: {=IF(AND(J13:J15=0,J6=0),IF(AND(Calculation!B33>Calculation!B35,C3-C19>3,C7<=10%,C21<=60,C20<60),1,0),0)} | K3: =C26 | L3: =H26 | M3: =I26 | N3: =J26 | O3: =K26 | P3: 0 | Q3: =Calculation!$B$52 | R3: =R12 | S3: =S12 | T3: 0 | U3: 1 | V3: 1 | AB3: Preconditioning: Preheating
B4: Ambient Temp | C4: ='DATA TRANSFER'!F39+273.15 | D4: K | F4: T3 | G4: 43 | H4: =G4+273.15 | J4: {=IF(AND(J13:J15=0),B27,0)} | K4: =C27 | L4: 1 | M4: 1 | N4: 1 | O4: 1 | P4: 0 | Q4: 1 | R4: 0 | S4: 0 | T4: 1 | U4: 1 | V4: 1 | AB4: Preconditioning: Precooling
B5: Supply Temp | C5: ='DATA TRANSFER'!F39+273.15 | D5: K | F5: T4 | G5: 10 | H5: =G5+273.15 | J5: =B28 | K5: =C28 | P5: 1 | Q5: 1 | R5: 0 | S5: 0 | T5: 1 | U5: 1 | V5: 1 | AB5: Cooling Mode
B6: Time | C6: 0.8 | D6: s | F6: T5 | G6: 11 | H6: =G6+273.15 | J6: =IF(AND('DATA TRANSFER'!Q584-Calculation!B33>=-0.5,'DATA TRANSFER'!Q584-Calculation!B33<0.5,J13=0,J14=0,J15=0),1,0) | K6: =C29 | L6: 0 | M6: 0 | N6: 0 | O6: 0 | P6: 1 | Q6: 1 | R6: 0 | S6: 0 | T6: 1 | U6: 1 | V6: 1 | AB6: Standard Automatic Cooling State 1 (Cooling Circuits Disabled)
B7: Loading | C7: =E7/100 | D7: % | E7: ='DATA TRANSFER'!F40 | F7: T6 | G7: 12 | H7: =G7+273.15 | J7: {=IF(AND(B31=1,Calculation!B35-Calculation!B33>=0.5,Calculation!B35-Calculation!B33<3,J13:J15=0),1,0)} | K7: Standard Automatic Cooling State 2 (Up to 25% Modulated Cooling) | L7: =IF('Set point Calc'!$H$18=1,1,0) | M7: 0 | N7: 0 | O7: 0 | P7: 1 | Q7: 1 | R7: 0 | S7: 0 | T7: 1 | U7: 1 | V7: 1 | AB7: Standard Automatic Cooling State 2 (Up to 25% Modulated Cooling)
B8: Current Mode | C8: =IFERROR(VLOOKUP(1,B26:C39,2,FALSE)," ") | D8: 0-1 | F8: T7 | G8: 30 | H8: =G8+273.15 | J8: {=IF(AND(B31=1,Calculation!B35-Calculation!B33>=3,Calculation!B35-Calculation!B33<4.5,J13:J15=0),1,0)} | K8: Standard Automatic Cooling State 3 (Up to 50% Modulated Cooling) | L8: =IF('Set point Calc'!$H$18=1,1,0) | M8: =IF('Set point Calc'!$H$18=1,1,0) | N8: 0 | O8: 0 | P8: 1 | Q8: 1 | R8: 0 | S8: 0 | T8: 1 | U8: 1 | V8: 1 | AB8: Standard Automatic Cooling State 3 (Up to 50% Modulated Cooling)
B9: Comp 1 | C9: =IFERROR(VLOOKUP($C$8,$C$26:$H$40,6,FALSE)," ") | D9: On/off | F9: RAT | G9: 32 | H9: =G9+273.15 | J9: {=IF(AND(B31=1,Calculation!B35-Calculation!B33>=4.5,Calculation!B35-Calculation!B33<6,J13:J15=0),1,0)} | K9: Standard Automatic Cooling State 4 (Up to 75% Modulated Cooling) | L9: =IF('Set point Calc'!$H$18=1,1,0) | M9: =IF('Set point Calc'!$H$18=1,1,0) | N9: =IF('Set point Calc'!$I$18=1,1,0) | O9: 0 | P9: 1 | Q9: 1 | R9: 0 | S9: 0 | T9: 1 | U9: 1 | V9: 1 | AB9: Standard Automatic Cooling State 4 (Up to 75% Modulated Cooling)
B10: Comp 2 | C10: =IFERROR(VLOOKUP($C$8,$C$26:$M$40,7,FALSE)," ") | D10: On/off | F10: FAT | G10: =C18 | H10: =G10+273.15 | J10: {=IF(AND(B31=1,Calculation!B35-Calculation!B33>=6,J13:J15=0),1,0)} | K10: Standard Automatic Cooling State 5 (Up to 100% Modulated Cooling) | L10: =IF('Set point Calc'!$H$18=1,1,0) | M10: =IF('Set point Calc'!$H$18=1,1,0) | N10: =IF('Set point Calc'!$I$18=1,1,0) | O10: =IF('Set point Calc'!$I$18=1,1,0) | P10: 1 | Q10: 1 | R10: 0 | S10: 0 | T10: 1 | U10: 1 | V10: 1 | AB10: Standard Automatic Cooling State 5 (Up to 100% Modulated Cooling) | CD10: ='DATA TRANSFER'!F38
B11: Comp 3 | C11: =IFERROR(VLOOKUP($C$8,$C$26:$M$40,8,FALSE)," ") | D11: On/off | F11: SAT | J11: {=IF(AND(J6=0,J12:J15=0,J3=0),B32,0)} | K11: =C32 | L11: =IF(AND(L13=0,L14=0),H32,0) | M11: 0 | N11: =J32 | O11: =K32 | P11: 1 | Q11: 1 | R11: 0 | S11: 0 | T11: 0 | U11: 1 | V11: 1 | AB11: Ventilation Mode
B12: Comp 4 | C12: =IFERROR(VLOOKUP($C$8,$C$26:$M$40,9,FALSE)," ") | D12: On/off | F12: Set Point | G12: =Calculation!B33 | J12: {=IF(AND(J13:J15=0,J3=0),B33,0)} | K12: =C33 | L12: =H32 | M12: =I33 | N12: =J33 | O12: =K33 | P12: 0 | Q12: 1 | R12: =IF('Set point Calc'!H23=1,1,0) | S12: =IF('Set point Calc'!I23=1,1,0) | T12: 1 | U12: 1 | V12: 1 | AB12: Heating Mode
B13: Heater | C13: =IFERROR(VLOOKUP($C$8,$C$26:$M$40,2,FALSE)," ") | D13: On/off | F13: old rat | G13: =Calculation!B35 | J13: ='DATA TRANSFER'!F28 | K13: =C34 | L13: =H33 | M13: 0 | N13: 0 | O13: 0 | P13: 0 | Q13: 0 | R13: 0 | S13: 0 | T13: 0 | U13: 0 | V13: 0 | AB13: Internal Smoke Mode
B14: FAD | C14: =IFERROR(VLOOKUP($C$8,$C$26:$M$40,10,FALSE)," ") | F14: new rat | G14: =Calculation!B36 | J14: ='DATA TRANSFER'!F29 | K14: =C35 | L14: 1 | M14: 1 | N14: 1 | O14: 1 | P14: 0 | Q14: 1 | R14: 0 | S14: 0 | T14: 1 | U14: 1 | V14: 1 | AB14: External Smoke Mode
B15: RAD | C15: =IFERROR(VLOOKUP($C$8,$C$26:$M$40,11,FALSE)," ") | J15: ='DATA TRANSFER'!F31 | K15: =C37 | L15: 0 | M15: 0 | N15: 0 | O15: 0 | P15: 0 | Q15: 0 | R15: 0 | S15: 0 | T15: 0 | U15: 1 | V15: 1 | AB15: Emergency Ventilation Mode
B16: Cooling | D16: KW
C17: =C16*1000 | K17: Current Mode | L17: Compressor 1 | M17: Compressor 2 | N17: Compressor 3 | O17: Compressor 4 | P17: =P2 | Q17: =Q2 | R17: =R2 | S17: =S2 | T17: =T2 | U17: Condensor Fan 2 | V17: =U2 | W17: =V2
B18: Fresh Air Temp (FAT) | C18: ='DATA TRANSFER'!F39 | D18: oc | J18: =VLOOKUP(1,J3:K15,1,FALSE) | K18: =VLOOKUP(1,J3:P15,2,FALSE) | L18: =VLOOKUP($K$18,$K$3:$O$15,2,FALSE) | M18: =VLOOKUP($K$18,$K$3:$O$15,3,FALSE) | N18: =VLOOKUP($K$18,$K$3:$O$15,4,FALSE) | O18: =VLOOKUP($K$18,$K$3:$O$15,5,FALSE) | P18: =VLOOKUP($K$18,$K$3:$V$15,6,FALSE) | Q18: =VLOOKUP($K$18,$K$3:$V$15,7,FALSE) | R18: =VLOOKUP($K$18,$K$3:$V$15,8,FALSE) | S18: =VLOOKUP($K$18,$K$3:$V$15,9,FALSE) | T18: =VLOOKUP($K$18,$K$3:$V$15,10,FALSE) | U18: =T18 | V18: =VLOOKUP($K$18,$K$3:$V$15,11,FALSE) | W18: =VLOOKUP($K$18,$K$3:$V$15,12,FALSE)
B19: =Calculation!B36+273.15 | C19: =Calculation!B35+273.15 | D19: K | S19: =VLOOKUP($K$18,$K$3:$V$15,9,FALSE)
B20: Time Since HVAC ON | C20: =Calculation!B19 | D20: min
B21: Relative Humiditty | C21: ='DATA TRANSFER'!F43 | J21: {=IF(AND(B31=1,Calculation!B35-Calculation!B33>=6,J13:J15=0),1,0)}
A25: Sr No | B25: Status of Operation | C25: Status | D25: Heater | E25: Condensor Fan | F25: Evaporator Fan 1 | G25: Evaporator Fan 2 | H25: Compressor 1 | I25: Compressor 2 | J25: Compressor 3 | K25: Compressor 4 | L25: FAD | M25: RAD | N25: Remarks
A26: 1 | B26: 0 | C26: Preconditioning: Preheating | D26: 1 | E26: 0 | F26: 1 | G26: 1 | H26: 0 | I26: 0 | J26: 0 | K26: 0 | L26: 0 | M26: =Calculation!$B$52 | N26: pre-Heating operation
A27: 2 | B27: =IF(AND(C19-C3>3,C7<=10%,C21<=60,Calculation!B19<60,B32=0),1,0) | C27: Preconditioning: Precooling | D27: 0 | E27: 1 | F27: 1 | G27: 1 | H27: 1 | I27: 1 | J27: 1 | K27: 1 | L27: 0 | M27: 1 | N27: pre-Cooling operation
A28: 3 | B28: 0 | C28: Cooling Mode | D28: 0 | E28: 1 | F28: 1 | G28: 1 | H28: 1 | I28: 1 | J28: 1 | K28: 1 | L28: 1 | M28: 1 | N28: Cooling demand dependent
A29: 4 | B29: {=IF(AND(B26:B27=0,B32=0),IF(C18<G5,1,0),0)} | C29: Standard Automatic Cooling State 1 (Cooling Circuits Disabled) | D29: 0 | E29: 0 | F29: 1 | G29: 1 | H29: 0 | I29: 0 | J29: 0 | K29: 0 | L29: 0 | M29: 0
A30: 5 | B30: =IF(AND(H5<=H10,H10<H7,B32=0),1,0) | C30: Standard Automatic Cooling State 2 (Up to 50% Modulated Cooling) | D30: =IF(J15=0,IF(AND(Calculation!B33>Calculation!B35,C3-C19>3,C7<=10%,C21<=60,C20<=60),1,0)) | E30: 1 | F30: 1 | G30: 1 | H30: 1 | I30: 1 | J30: 0 | K30: 0
A31: 6 | B31: {=IF(AND(B26:B27=0,B32=0,B34=0,B35=0),1,0)} | C31: Standard Automatic Cooling State 3 (Up to 100% Modulated Cooling) | D31: 0 | E31: 1 | F31: 1 | G31: 1 | H31: 1 | I31: 1 | J31: 1 | K31: 1
A32: 7 | B32: =IF(AND(B26=0),Calculation!B67,0) | C32: Ventilation Mode | D32: 0 | E32: 0 | F32: 1 | G32: 1 | H32: 0 | I32: =IF('Set point Calc'!H23=0,0,1) | J32: 0 | K32: 0 | L32: 0 | M32: 1 | N32: Fresh air intake closed
A33: 8 | B33: =IF(Calculation!B33-Calculation!B35>5,1,0) | C33: Heating Mode | D33: 1 | E33: 0 | F33: 1 | G33: 1 | H33: 0 | I33: 0 | J33: 0 | K33: 0 | L33: 0/1 | M33: 1 | N33: Cooling/dehumidification with possible reheat
A34: 9 | B34: 0 | C34: Internal Smoke Mode | D34: 0 | E34: 0 | F34: 1 | G34: 1 | H34: 0 | I34: 0 | J34: 0 | K34: 0 | L34: 1 | M34: 0 | N34: Maximum ventilation / smoke removal
A35: 10 | B35: 0 | C35: External Smoke Mode | D35: 0 | E35: 0 | F35: 1 | G35: 1 | H35: 0 | L35: 0 | M35: 1
A36: 11 | C36: Dehumidification Mode | D36: 0/1 | E36: 1 | F36: 1 | G36: 1 | H36: 1 | L36: 0 | M36: 1
A37: 12 | C37: Emergency Ventilation Mode | D37: 0 | E37: 0/1 | F37: 1 | G37: 1 | H37: 0 | L37: 1 | M37: 1
A38: 13 | F38: ='DATA TRANSFER'!F38
A39: 14 | G39: ='DATA TRANSFER'!G38
A40: 15 | E40: =IF(OR(E26:E36),1,0)
B42: HVAC Staggered Start
B43: Compressor 1 | C43: =IF('DATA TRANSFER'!CP23=1,1,0)
B44: Time Elapsed since Compressor 1 start | C44: ='DATA TRANSFER'!Q587
B45: Compressor 2 | C45: =IF(AND(Calculation!B24=1,'Mode Logic'!C43=1,'Mode Logic'!C44>=1),1,0) | E45: =Calculation!B19
B47: Compressor 3
B49: Compressor 4
F376: ='DATA TRANSFER'!F39
Q584: =IF(AND('DATA TRANSFER'!Q584-Calculation!B33>=-0.5,'DATA TRANSFER'!Q584-Calculation!B33<0.5,J13=0,J14=0),1,0)
R587: ='DATA TRANSFER'!R590
R588: ='DATA TRANSFER'!Q587

Sheet TCMS
A1: Operating Screen for HVAC
C2: DMA | E2: TCA | G2: DMB
B3: HVAC UNIT | C3: HVAC 1 (DMA) | D3: HVAC 2 (DMA) | E3: HVAC 3 (T CAR ) | F3: HVAC 4 (T CAR ) | G3: HVAC 5 (DMB) | H3: HVAC 6 (DMB)
B4: HVAC STATUS | C4: =functionality!B5 | D4: =functionality!B8 | E4: =functionality!B12 | F4: =functionality!B15 | G4: =functionality!B19 | H4: =functionality!B22
A15: Status Screen for HVAC
D17: DMA | E17: T CAR | F17: DMB
B19: Current Outside Temperature (degC) | D19: =HVAC_IOs!R4 | E19: =HVAC_IOs!R4 | F19: =HVAC_IOs!R4
B21: Current Inside Temperature (degC) | C21: UNIT 1 | D21: =HVAC_IOs!R2 | E21: =HVAC_IOs!R2 | F21: =HVAC_IOs!R2
C22: UNIT 2 | D22: =HVAC_IOs!R2 | E22: =HVAC_IOs!R2 | F22: =HVAC_IOs!R2
B24: Target Temperature (degC) | C24: UNIT 1 | D24: =HVAC_IOs!R10 | E24: =HVAC_IOs!R10 | F24: =HVAC_IOs!R10
C25: UNIT 2 | D25: =HVAC_IOs!R10 | E25: =HVAC_IOs!R10 | F25: =HVAC_IOs!R10
B27: Fresh Air Damper (degC) | C27: UNIT 1 | D27: =functionality!E27 | E27: =functionality!E34 | F27: =functionality!E40
C28: UNIT 2 | D28: =functionality!E30 | E28: =functionality!E37 | F28: =functionality!E43
B30: Low-pressure value on Compressor (MPa) | C30: UNIT 1 | D30: =IF(AND(HVAC_IOs!R7=1,HVAC_IOs!R9=1),1,0) | E30: =IF(AND(HVAC_IOs!R7=1,HVAC_IOs!R9=1),1,0) | F30: =IF(AND(HVAC_IOs!R7=1,HVAC_IOs!R9=1),1,0)
C31: UNIT 2 | D31: =IF(AND(HVAC_IOs!R7=1,HVAC_IOs!R9=1),1,0) | E31: =IF(AND(HVAC_IOs!R7=1,HVAC_IOs!R9=1),1,0) | F31: =IF(AND(HVAC_IOs!R7=1,HVAC_IOs!R9=1),1,0)
B33: High-pressure value on Compressor (MPa) | C33: UNIT 1 | D33: =IF(AND(HVAC_IOs!R6=1,HVAC_IOs!R8=1),1,0) | E33: =IF(AND(HVAC_IOs!R6=1,HVAC_IOs!R8=1),1,0) | F33: =IF(AND(HVAC_IOs!R6=1,HVAC_IOs!R8=1),1,0)
C34: UNIT 2 | D34: =IF(AND(HVAC_IOs!R6=1,HVAC_IOs!R8=1),1,0) | E34: =IF(AND(HVAC_IOs!R6=1,HVAC_IOs!R8=1),1,0) | F34: =IF(AND(HVAC_IOs!R6=1,HVAC_IOs!R8=1),1,0)
B36: Current Mode Status | C36: UNIT 1 | D36: =functionality!C47 | E36: =functionality!C54 | F36: =functionality!C60
C37: UNIT 2 | D37: =functionality!C50 | E37: =functionality!C57 | F37: =functionality!C63
B39: Exterior Smoke Status | C39: UNIT 1 | D39: =functionality!C67 | E39: =functionality!C74 | F39: =functionality!C80
C40: UNIT 2 | D40: =functionality!C70 | E40: =functionality!C77 | F40: =functionality!C83
B42: Fresh Air Damper Open
B44: Fresh Air Damper Close
A50: Status Screen for Mode Setting:
D52: DMA | E52: TCA | F52: DMB
B53: Car select | C53: All car | D53: DMA | E53: TCA | F53: DMB
C54: =HVAC_IOs!F94 | D54: =HVAC_IOs!F95 | E54: =HVAC_IOs!F96 | F54: =HVAC_IOs!F97
B57: HVAC Select | C57: All HVAC | D57: Unit 1 | E57: Unit 2
C58: =HVAC_IOs!F98 | D58: =HVAC_IOs!F99 | E58: =HVAC_IOs!F100
B61: Mode Select | C61: OFF | D61: VENT | E61: AUTO
C62: =HVAC_IOs!F101 | D62: =HVAC_IOs!F102 | E62: =HVAC_IOs!F103
C64: ALL OFF | D64: ALL VENT | E64: ALL AUTO
C65: =HVAC_IOs!F104 | D65: =HVAC_IOs!F105 | E65: =HVAC_IOs!F106
A71: Status Screen for Temperature Setting:
D73: DMA | E73: TCA | F73: DMB
B74: Target Temperature (degC) | C74: UNIT 1 | D74: =HVAC_IOs!R10 | E74: =HVAC_IOs!R10 | F74: =HVAC_IOs!R10
C75: UNIT 2 | D75: =HVAC_IOs!R10 | E75: =HVAC_IOs!R10 | F75: =HVAC_IOs!R10
B78: Car select | C78: All car | D78: DMA | E78: TCA | F78: DMB
C79: =HVAC_IOs!F108 | D79: =HVAC_IOs!F109 | E79: =HVAC_IOs!F110 | F79: =HVAC_IOs!F111
B81: HVAC Select | C81: All HVAC | D81: Unit 1 | E81: Unit 2
C82: =HVAC_IOs!F112 | D82: =HVAC_IOs!F113 | E82: =HVAC_IOs!F114
B85: Request Temp | C85: =HVAC_IOs!R10
A91: HVAC isolation
C92: DMA | D92: TCA | E92: DMB
B93: HVAC 1 | C93: =functionality!B90 | D93: =functionality!B97 | E93: =functionality!B104
B94: HVAC 2 | C94: =functionality!B93 | D94: =functionality!B100 | E94: =functionality!B107
B97: HVAC 1 | C97: =HVAC_IOs!F116 | D97: =HVAC_IOs!F117 | E97: =HVAC_IOs!F118
B98: TARGET CAR
B100: HVAC 2 | C100: =HVAC_IOs!F119 | D100: =HVAC_IOs!F120 | E100: =HVAC_IOs!F121
B101: TARGET CAR
B103: HVAC Reset | C103: =HVAC_IOs!F122
B105: ISOLATE | C105: =HVAC_IOs!F123
B107: ISOLATE RESET | C107: =HVAC_IOs!F124

Sheet HVAC MODES IN NORMAL OPERATION
A1: MODE | B1: Passenger Load | C1: Season | D1: Time | E1: Ambient Temp Min | F1: Ambient Temp Max | G1: Set Point Min | H1: Set Point Max | I1: RH Min | J1: RH Max | K1: Return Air Temperature
A2: Fresh Air Ventilation | B2: AW0 | C2: Summer, Rainy, Winter | D2: Morning, Afternoon, Night | E2: 15 | F2: 50 | G2: 18 | H2: 34 | I2: 0.4 | J2: 0.6 | K2: Initial = Ambient, Final = Set Point
A3: COOL 1 | B3: AW0 Laod 0, AW1 Load 50 ,AW2 Load 300, AW3 Load 380 | C3: Summer | D3: Morning | E3: 25 | F3: 36 | G3: 18 | H3: 34 | I3: 0.4 | J3: 0.6 | K3: RAT > Set Point
D4: Afternoon | E4: 36 | F4: 42.5 | G4: 18 | H4: 34 | I4: 0.4 | J4: 0.6 | K4: RAT > Set Point
D5: Night | E5: 25 | F5: 32 | G5: 18 | H5: 34 | I5: 0.4 | J5: 0.6 | K5: RAT > Set Point
C6: Rainy | D6: Morning | E6: 25 | F6: 30 | G6: 18 | H6: 34 | I6: 0.5 | J6: 0.75 | K6: RAT > Set Point
D7: Afternoon | E7: 30 | F7: 33 | G7: 18 | H7: 34 | I7: 0.5 | J7: 0.75 | K7: RAT > Set Point
D8: Night | E8: 25 | F8: 28 | G8: 18 | H8: 34 | I8: 0.5 | J8: 0.75 | K8: RAT > Set Point
C9: Winter | D9: Morning | E9: 4 | F9: 18 | G9: 18 | H9: 34 | I9: 0.3 | J9: 0.6 | K9: RAT > Set Point
D10: Afternoon | E10: 18 | F10: 28 | G10: 18 | H10: 34 | I10: 0.3 | J10: 0.6 | K10: RAT > Set Point
D11: Night | E11: 4 | F11: 15 | G11: 18 | H11: 34 | I11: 0.3 | J11: 0.6 | K11: RAT > Set Point
A12: COOL 2 | B12: AW0 Laod 0, AW1 Load 50 ,AW2 Load 300, AW3 Load 380 | C12: Summer | D12: Morning | E12: 25 | F12: 36 | G12: 18 | H12: 34 | I12: 0.4 | J12: 0.6 | K12: RAT > SP
D13: Afternoon | E13: 36 | F13: 50 | G13: 18 | H13: 34 | I13: 0.4 | J13: 0.6 | K13: RAT > SP
D14: Night | E14: 25 | F14: 32 | G14: 18 | H14: 34 | I14: 0.4 | J14: 0.6 | K14: RAT > SP
C15: Rainy | D15: Morning | E15: 25 | F15: 30 | G15: 18 | H15: 34 | I15: 0.5 | J15: 0.75 | K15: RAT > SP
D16: Afternoon | E16: 30 | F16: 33 | G16: 18 | H16: 34 | I16: 0.5 | J16: 0.75 | K16: RAT > SP
D17: Night | E17: 25 | F17: 28 | G17: 18 | H17: 34 | I17: 0.5 | J17: 0.75 | K17: RAT > SP
C18: Winter | D18: Morning | E18: 4 | F18: 18 | G18: 18 | H18: 34 | I18: 0.3 | J18: 0.6 | K18: RAT > SP
D19: Afternoon | E19: 18 | F19: 28 | G19: 18 | H19: 34 | I19: 0.3 | J19: 0.6 | K19: RAT > SP
D20: Night | E20: 4 | F20: 15 | G20: 18 | H20: 34 | I20: 0.3 | J20: 0.6 | K20: RAT > SP
A21: Dehumidification | B21: AW0 Laod 0, AW1 Load 50 ,AW2 Load 300, AW3 Load 380 | C21: Summer, Rainy | D21: Morning, Afternoon, Night | E21: 25 | F21: 33 | G21: 18 | H21: 34 | I21: 0.6 | J21: 0.85 | K21: RAT ≈ SP
A22: Pre-Cooling | B22: AW0 Laod 0, AW1 Load 50 ,AW2 Load 300, AW3 Load 380 | C22: Summer | D22: Morning | E22: 30 | F22: 42.5 | G22: 18 | H22: 34 | I22: 0.4 | J22: 0.6 | K22: Initial = Ambient, Final = Set Point
D23: Afternoon | E23: 36 | F23: 50 | G23: 18 | H23: 34 | I23: 0.4 | J23: 0.6 | K23: Initial = Ambient, Final = Set Point
D24: Night | E24: 30 | F24: 36 | G24: 18 | H24: 34 | I24: 0.4 | J24: 0.6 | K24: Initial = Ambient, Final = Set Point
A25: Pre-Heating | B25: AW0 Laod 0, AW1 Load 50 ,AW2 Load 300, AW3 Load 380 | C25: Winter | D25: Morning | E25: 4 | F25: 15 | G25: 18 | H25: 34 | I25: 0.3 | J25: 0.6 | K25: Initial = Ambient Temp, Final = Set Point
D26: Afternoon | E26: 15 | F26: 20 | G26: 18 | H26: 34 | I26: 0.3 | J26: 0.6 | K26: Initial = Ambient Temp, Final = Set Point
D27: Night | E27: 4 | F27: 15 | G27: 18 | H27: 34 | I27: 0.3 | J27: 0.6 | K27: Initial = Ambient Temp, Final = Set Point
A28: Emergency Ventilation | B28: AW0 Laod 0, AW1 Load 50 ,AW2 Load 300, AW3 Load 380 | C28: Summer, Rainy, Winter | D28: Any | E28: Any | F28: Any | G28: — | H28: — | I28: — | J28: — | K28: Temperature independent
A29: Ambient Smoke Mode | B29: AW0 Laod 0, AW1 Load 50 ,AW2 Load 300, AW3 Load 380 | C29: Any | D29: Any | E29: Any | F29: Any | G29: — | H29: — | I29: — | J29: — | K29: Temperature independent
A30: Internal Smoke Mode | B30: AW0 Laod 0, AW1 Load 50 ,AW2 Load 300, AW3 Load 380 | C30: Any | D30: Any | E30: Any | F30: Any | G30: — | H30: — | I30: — | J30: — | K30: Temperature independent

Sheet LFD OLD
A1: Sr. No | B1: Component ID | C1: Component Name | D1: Description | E1: Comment | F1: Labview input | G1: Logical Condition | R1: Status | AE1: COOLING STATUS ATTRIBUTES SUMMARY | BL1: LFD INPUTS TO EXCEL
G2: Dependency 1 LabView Input | H2: Dependency 2 | I2: Dependency 3 | J2: Dependency 4 | K2: Dependency 5 | L2: Dependency 6 | M2: Dependency 7 | N2: Dependency 8 | O2: Dependency 9 | P2: Dependency 10 | Q2: Dependency 11
A4: Additional Inputs | AF4: Mode | AG4: Cool 2 | AH4: Cool 1 | AI4: Preheat | AJ4: PreCool | AK4: Vent | AL4: Heat | AM4: Humidity | AN4: Emergency | AP4: Priority | AQ4: Preheat | AR4: PreCool | AS4: Cool2 | AT4: Cool1 | AU4: Vent | AV4: Humidity | AW4: Heat | AX4: Emergency
A5: 1 | B5: Set Point | E5: TCMS | F5: =Calculation!B33 | G5: Cool 2 | H5: Cool 1 | I5: Vent | J5: Heat | K5: Humidity | L5: Emergency Vent Mode | M5: External Smoke mode | N5: Internal smoke mode | W5: ='DATA TRANSFER'!F43 | AF5: Status | AG5: =R103 | AH5: =R103 | AI5: =R273 | AJ5: =R292 | AK5: =R42 | AL5: =R150
A6: 2 | B6: HAVC1_RATSI_1 | D6: Return Air Temp | E6: I/O | F6: =Calculation!B35 | G6: =IF(OR(V9=1,M6=0,V16=1,Calculation!D107=0,Calculation!D104=0,Calculation!D107=0),1,0) | H6: =IF(AND(Calculation!B67=1,'LFD OLD'!G11=0,'LFD OLD'!H11=0,'LFD OLD'!K6=0,'LFD OLD'!V17=1,'LFD OLD'!V9=1,Calculation!D107=0,Calculation!D104=0),1,0) | J6: =IF(F6 < (F5 - 0.5), 1, 0) | K6: =IF(F9>60,1,0) | L6: ='DATA TRANSFER'!CP36 | M6: ='DATA TRANSFER'!AE22 | N6: ='DATA TRANSFER'!AE21 | U6: passenger load | V6: ='DATA TRANSFER'!F40 | AF6: Fault | AH6: =IF(AND(R106:R109),1,0) | AI6: =IF(AND(R276:R279,R281),1,0) | AJ6: =IF(AND(R294:R298,R299),1,0)
A7: 3 | B7: HVAC1_FATSI_1 | D7: Ambient Temp | E7: I/O | F7: =Calculation!B34 | G7: cooling level 1 to 8 | H7: level 1 | I7: level 2 | J7: level 3 | K7: level 4 | L7: level 5 | M7: level 6 | N7: level 7 | O7: level 8 | U7: Pre-cool | V7: =IF(($W$5>=40)*($W$5<=60),1,0)
A8: 4 | B8: HVAC1_SATSI_1 | D8: Supply Air Temp | E8: I/O | F8: ='Mode Logic'!C18 | H8: =IF(OR(Calculation!B67=1,V9=1,M6=0,V16=1),1,0) | I8: =IF(OR(Calculation!B67=1,V9=1,M6=0,V17=1,G11=0,H11=0,K6=0,Calculation!D107=0,Calculation!D104=0,Calculation!D107=0),1,0) | J8: =IF(OR(Calculation!B67=1,V9=1,M6=0,V18=1,G11=0,H11=0,K6=0,Calculation!D107=0,Calculation!D104=0,Calculation!D107=0),1,0) | K8: =IF(OR(Calculation!B67=1,V9=1,M6=0,V19=1,G11=0,H11=0,K6=0,Calculation!D107=0,Calculation!D104=0,Calculation!D107=0),1,0) | L8: =IF(OR(Calculation!B67=1,V9=1,M6=0,V20=1,G11=0,H11=0,K6=0,Calculation!D107=0,Calculation!D104=0,Calculation!D107=0),1,0) | M8: =IF(OR(Calculation!B67=1,V9=1,M6=0,V21=1,G11=0,H11=0,K6=0,Calculation!D107=0,Calculation!D104=0,Calculation!D107=0),1,0) | N8: =IF(OR(Calculation!B67=1,V9=1,M6=0,V22=1,G11=0,H11=0,K6=0,Calculation!D107=0,Calculation!D104=0,Calculation!D107=0),1,0) | O8: =IF(OR(Calculation!B67=1,V9=1,M6=0,V23=1,G11=0,H11=0,K6=0,Calculation!D107=0,Calculation!D104=0,Calculation!D107=0),1,0) | U8: Pre-heat | V8: =IF(($W$5>=4)*($W$5<=18), 1, 0) | AE8: Commands from Cooling Status Attributes
A9: 5 | B9: HVAC1_RHTSI_1 | D9: Relative Humidity | E9: I/O | F9: ='Mode Logic'!C21 | U9: Cooling level 1 to 8, vent | V9: =IF(($W$5>=50)*AND($W$5<=60),1,0) | AG9: PreCool | AH9: Preheat | AI9: Cool2 | AJ9: Cool1 | AK9: Vent | AL9: Humidity | AM9: Heat | AN9: Emergency | AO9: PreCool | AP9: Preheat | AQ9: Cool2 | AR9: Cool1 | AS9: Vent | AT9: Humidity | AU9: Heat | AV9: Emergency | AW9: Command | AZ9: Emergency Vent Mode | BA9: Internal Smoke mode | BB9: External smoke mode | BD9: Emergency Vent Mode | BE9: Internal Smoke mode | BF9: External smoke mode
A10: 6 | D10: Passenger Loading | E10: I/O | F10: ='DATA TRANSFER'!F40 | G10: PCOOL | H10: PHEAT | U10: Dehumidification | V10: =IF(W5>60,1,0) | AE10: 1 | AF10: HAVC1_COMP_1 | AG10: =R303 | AH10: =R284 | AI10: =Q112 | AJ10: =R112 | AO10: =AG10 | AP10: =AH10 | AQ10: =IF(AG10=1,1,AI10) | AR10: =IF(OR(AG10,AI10),1,AJ10) | AS10: =IF(OR(AG10:AJ10),1,AK10) | AT10: =IF(OR(AG10:AK10),1,AL10) | AU10: =IF(OR(AG10:AL10),1,AM10) | AV10: =IF(OR(AG10:AM10),1,AN10) | AW10: =AV10 | AY10: HAVC1_COMP_1 | AZ10: ='CIRCUIT SIMULATION'!L696 | BA10: ='CIRCUIT SIMULATION'!Q696 | BB10: ='CIRCUIT SIMULATION'!S696 | BD10: =IF(OR(AG10:AN10,BA10,BB10),1,AZ10) | BE10: =IF(OR(AG10:AN10,AZ10,BB10),1,BA10) | BF10: =IF(OR(AG10:AN10,AZ10:BA10),1,BB10)
A11: 7 | B11: Chk_TDR Precool | D11: HVAC1_START Time | E11: I/O | F11: =HVAC_IOs!D51-HVAC_IOs!D50 | G11: =Calculation!B40 | H11: =Calculation!B39 | AE11: 2 | AF11: HAVC1_COMP_2 | AG11: =R304 | AH11: =R285 | AI11: =Q113 | AJ11: =R113 | AO11: =AG11 | AP11: =IF(AG11,1,AH11) | AQ11: =IF(OR(AG11:AH11),1,AI11) | AR11: =IF(OR(AG11:AI11),1,AJ11) | AS11: =IF(OR(AG11:AJ11),1,AK11) | AT11: =IF(OR(AG11:AK11),1,AL11) | AU11: =IF(OR(AG11:AL11),1,AM11) | AV11: =IF(OR(AG11:AM11),1,AN11) | AW11: =AV11 | AY11: HAVC1_COMP_2 | AZ11: ='CIRCUIT SIMULATION'!L697 | BA11: ='CIRCUIT SIMULATION'!Q697 | BB11: ='CIRCUIT SIMULATION'!S697 | BD11: =IF(OR(AG11:AN11,BA11,BB11),1,AZ11) | BE11: =IF(OR(AG11:AN11,AZ11,BB11),1,BA11) | BF11: =IF(OR(AG11:AN11,AZ11:BA11),1,BB11)
A12: 8 | B12: Pumpdown_CHk | D12: Pumodown (Managed Shutdown) Check | F12: =HVAC_IOs!D52 | U12: Vent temperature | V12: =IF(F6<=F5-0.5,1,0) | AE12: 3 | AF12: HAVC1_COMP_3 | AG12: =R305 | AH12: =R286 | AI12: =Q114 | AJ12: =R114 | AO12: =AG12 | AP12: =IF(AG12,1,AH12) | AQ12: =IF(OR(AG12:AH12),1,AI12) | AR12: =IF(OR(AG12:AI12),1,AJ12) | AS12: =IF(OR(AG12:AJ12),1,AK12) | AT12: =IF(OR(AG12:AK12),1,AL12) | AU12: =IF(OR(AG12:AL12),1,AM12) | AV12: =IF(OR(AG12:AM12),1,AN12) | AY12: HAVC1_COMP_3 | AZ12: ='CIRCUIT SIMULATION'!L698 | BA12: ='CIRCUIT SIMULATION'!Q698 | BB12: ='CIRCUIT SIMULATION'!S698 | BD12: =IF(OR(AG12:AN12,BA12,BB12),1,AZ12) | BE12: =IF(OR(AG12:AN12,AZ12,BB12),1,BA12) | BF12: =IF(OR(AG12:AN12,AZ12:BA12),1,BB12)
A13: 9 | B13: Equilization_Chk | D13: Equilization Runtime check | F13: =HVAC_IOs!D53 | J13: Aux Supply | L13: isolate | M13: =TCMS!C105 | AE13: 4 | AF13: HAVC1_COMP_4 | AG13: =R306 | AH13: =R287 | AI13: =Q115 | AJ13: =R115 | AO13: =AG13 | AP13: =IF(AG13,1,AH13) | AQ13: =IF(OR(AG13:AH13),1,AI13) | AR13: =IF(OR(AG13:AI13),1,AJ13) | AS13: =IF(OR(AG13:AJ13),1,AK13) | AT13: =IF(OR(AG13:AK13),1,AL13) | AU13: =IF(OR(AG13:AL13),1,AM13) | AV13: =IF(OR(AG13:AM13),1,AN13) | AY13: HAVC1_COMP_4 | AZ13: ='CIRCUIT SIMULATION'!L699 | BA13: ='CIRCUIT SIMULATION'!Q699 | BB13: ='CIRCUIT SIMULATION'!S699 | BD13: =IF(OR(AG13:AN13,BA13,BB13),1,AZ13) | BE13: =IF(OR(AG13:AN13,AZ13,BB13),1,BA13) | BF13: =IF(OR(AG13:AN13,AZ13:BA13),1,BB13)
A14: 10 | B14: Chk_TDR LP | D14: LP Cutout | F14: 1 | U14: set point | V14: ='DATA TRANSFER'!F37 | AE14: 5 | AF14: HVAC1_CF_1 | AG14: =R307 | AH14: =R288 | AI14: =P114 | AJ14: =Q114 | AO14: =AG14 | AP14: =IF(AG14,1,AH14) | AQ14: =IF(OR(AG14:AH14),1,AI14) | AR14: =IF(OR(AG14:AI14),1,AJ14) | AS14: =IF(OR(AG14:AJ14),1,AK14) | AT14: =IF(OR(AG14:AK14),1,AL14) | AU14: =IF(OR(AG14:AL14),1,AM14) | AV14: =IF(OR(AG14:AM14),1,AN14) | AY14: HVAC1_CF_1 | AZ14: ='CIRCUIT SIMULATION'!L700 | BA14: ='CIRCUIT SIMULATION'!Q700 | BB14: ='CIRCUIT SIMULATION'!S700 | BD14: =IF(OR(AG14:AN14,BA14,BB14),1,AZ14) | BE14: =IF(OR(AG14:AN14,AZ14,BB14),1,BA14) | BF14: =IF(OR(AG14:AN14,AZ14:BA14),1,BB14)
A15: 11 | B15: Chk_TDR Comp1 | D15: TDR Comp1 | F15: =HVAC_IOs!D47 | U15: cooling level | V15: ='DATA TRANSFER'!F38 | AE15: 6 | AF15: HVAC1_CF_2 | AG15: =R308 | AH15: =R289 | AI15: =P115 | AJ15: =Q115 | AO15: =AG15 | AP15: =IF(AG15,1,AH15) | AQ15: =IF(OR(AG15:AH15),1,AI15) | AR15: =IF(OR(AG15:AI15),1,AJ15) | AS15: =IF(OR(AG15:AJ15),1,AK15) | AT15: =IF(OR(AG15:AK15),1,AL15) | AU15: =IF(OR(AG15:AL15),1,AM15) | AV15: =IF(OR(AG15:AM15),1,AN15) | AY15: HVAC1_CF_2 | AZ15: ='CIRCUIT SIMULATION'!L701 | BA15: ='CIRCUIT SIMULATION'!Q701 | BB15: ='CIRCUIT SIMULATION'!S701 | BD15: =IF(OR(AG15:AN15,BA15,BB15),1,AZ15) | BE15: =IF(OR(AG15:AN15,AZ15,BB15),1,BA15) | BF15: =IF(OR(AG15:AN15,AZ15:BA15),1,BB15)
A16: 12 | B16: CHk_TDR Comp2 | C16: E1 | D16: TDR Comp 2 | F16: =HVAC_IOs!D54 | U16: level 1 | V16: =IF(AND(V15>=V14+0.5,V15<V14+1.5),1,0) | AE16: 7 | AF16: Command_RAD | AG16: =R309 | AH16: =R290 | AI16: =P111 | AJ16: =Q111 | AM16: =R156 | AO16: =AG16 | AP16: =IF(AG16,1,AH16) | AQ16: =IF(OR(AG16:AH16),1,AI16) | AR16: =IF(OR(AG16:AI16),1,AJ16) | AS16: =IF(OR(AG16:AJ16),1,AK16) | AT16: =IF(OR(AG16:AK16),1,AL16) | AU16: =IF(OR(AG16:AL16),1,AM16) | AV16: =IF(OR(AG16:AM16),1,AN16) | AY16: Command_RAD | AZ16: ='CIRCUIT SIMULATION'!L702 | BA16: ='CIRCUIT SIMULATION'!Q702 | BB16: ='CIRCUIT SIMULATION'!S702 | BD16: =IF(OR(AG16:AN16,BA16,BB16),1,AZ16) | BE16: =IF(OR(AG16:AN16,AZ16,BB16),1,BA16) | BF16: =IF(OR(AG16:AN16,AZ16:BA16),1,BB16)
A17: 13 | D17: Internal Smoke (NOT) | U17: level 2 | V17: =IF(AND(V15>=V14+1.5,V15<V14+2.5),1,0) | AE17: 8 | AF17: Command_FAD_1 | AG17: =R310 | AH17: =R291 | AI17: =R113 | AJ17: =S113 | AM17: =R156 | AO17: =AG17 | AP17: =IF(AG17,1,AH17) | AQ17: =IF(OR(AG17:AH17),1,AI17) | AR17: =IF(OR(AG17:AI17),1,AJ17) | AS17: =IF(OR(AG17:AJ17),1,AK17) | AT17: =IF(OR(AG17:AK17),1,AL17) | AU17: =IF(OR(AG17:AL17),1,AM17) | AV17: =IF(OR(AG17:AM17),1,AN17) | AY17: Command_FAD_1 | AZ17: ='CIRCUIT SIMULATION'!L703 | BA17: ='CIRCUIT SIMULATION'!Q703 | BB17: ='CIRCUIT SIMULATION'!S703 | BD17: =IF(OR(AG17:AN17,BA17,BB17),1,AZ17) | BE17: =IF(OR(AG17:AN17,AZ17,BB17),1,BA17) | BF17: =IF(OR(AG17:AN17,AZ17:BA17),1,BB17)
U18: level 3 | V18: =IF(AND(V15>=V14+2.5,V15<V14+3.5),1,0) | AE18: 9 | AF18: Command_FAD_2 | AG18: =R311 | AH18: =R292 | AI18: =R114 | AJ18: =S114 | AM18: =R156 | AO18: =AG18 | AP18: =IF(AG18,1,AH18) | AQ18: =IF(OR(AG18:AH18),1,AI18) | AR18: =IF(OR(AG18:AI18),1,AJ18) | AS18: =IF(OR(AG18:AJ18),1,AK18) | AT18: =IF(OR(AG18:AK18),1,AL18) | AU18: =IF(OR(AG18:AL18),1,AM18) | AV18: =IF(OR(AG18:AM18),1,AN18) | AY18: Command_FAD_2 | AZ18: ='CIRCUIT SIMULATION'!L704 | BA18: ='CIRCUIT SIMULATION'!Q704 | BB18: ='CIRCUIT SIMULATION'!S704 | BD18: =IF(OR(AG18:AN18,BA18,BB18),1,AZ18) | BE18: =IF(OR(AG18:AN18,AZ18,BB18),1,BA18) | BF18: =IF(OR(AG18:AN18,AZ18:BA18),1,BB18)
U19: level 4 | V19: =IF(AND(V15>=V14+3.5,V15<V14+4.5),1,0) | AE19: 10 | AF19: HVAC1_SAF1 | AG19: =R312 | AH19: =R293 | AI19: =P110 | AJ19: =Q110 | AM19: =R156 | AO19: =AG19 | AP19: =IF(AG19,1,AH19) | AQ19: =IF(OR(AG19:AH19),1,AI19) | AR19: =IF(OR(AG19:AI19),1,AJ19) | AS19: =IF(OR(AG19:AJ19),1,AK19) | AT19: =IF(OR(AG19:AK19),1,AL19) | AU19: =IF(OR(AG19:AL19),1,AM19) | AV19: =IF(OR(AG19:AM19),1,AN19) | AY19: HVAC1_SAF1 | AZ19: ='CIRCUIT SIMULATION'!L705 | BA19: ='CIRCUIT SIMULATION'!Q705 | BB19: ='CIRCUIT SIMULATION'!S705 | BD19: =IF(OR(AG19:AN19,BA19,BB19),1,AZ19) | BE19: =IF(OR(AG19:AN19,AZ19,BB19),1,BA19) | BF19: =IF(OR(AG19:AN19,AZ19:BA19),1,BB19)
U20: level 5 | V20: =IF(AND(V15>=V14+4.5,V15<V14+5.5),1,0) | AE20: 11 | AF20: HVAC1_SAF2 | AG20: =R313 | AH20: =R294 | AI20: =P111 | AJ20: =Q111 | AM20: =R156 | AO20: =AG20 | AP20: =IF(AG20,1,AH20) | AQ20: =IF(OR(AG20:AH20),1,AI20) | AR20: =IF(OR(AG20:AI20),1,AJ20) | AS20: =IF(OR(AG20:AJ20),1,AK20) | AT20: =IF(OR(AG20:AK20),1,AL20) | AU20: =IF(OR(AG20:AL20),1,AM20) | AV20: =IF(OR(AG20:AM20),1,AN20) | AY20: HVAC1_SAF2 | AZ20: ='CIRCUIT SIMULATION'!L706 | BA20: ='CIRCUIT SIMULATION'!Q706 | BB20: ='CIRCUIT SIMULATION'!S706 | BD20: =IF(OR(AG20:AN20,BA20,BB20),1,AZ20) | BE20: =IF(OR(AG20:AN20,AZ20,BB20),1,BA20) | BF20: =IF(OR(AG20:AN20,AZ20:BA20),1,BB20)
A21: HVAC LFD's | U21: level 6 | V21: =IF(AND(V15>=V14+5.5,V15<V14+6.5),1,0) | AE21: 12 | AF21: Command_Heater | AY21: Command_Heater
U22: level 7 | V22: =IF(AND(V15>=V14+6.5,V15<V14+7.5),1,0) | AE22: 13 | AF22: Command_Liquidline Solenoid 1 | AY22: Command_Liquidline Solenoid 1
A23: 1. HVAC fresh air damper | U23: level 8 | V23: =IF(V15>=V14+7.5,1,0) | AE23: 14 | AF23: Command_Liquidline Solenoid 2 | AY23: Command_Liquidline Solenoid 2
A24: 1 | B24: External_smoke_detected | F24: ='DATA TRANSFER'!F29 | R24: =IF(AND(D24:Q24),1,0) | AE24: 15 | AF24: Emergency Inverter | AY24: Emergency Inverter
A25: 2 | B25: Driver_Close_command | F25: =HVAC_IOs!D23 | R25: =IF(AND(F25:Q25),1,0) | AE25: 16
A26: 3 | B26: Internal_Smoke_Detected | F26: ='DATA TRANSFER'!F28 | R26: =IF(AND(D26:Q26),1,0)
H27: =IF(OR(F24:F26),1,0) | R27: =IF(AND(F27:Q27),1,0)
A28: 4 | B28: Driver_by_pass_command | F28: 0 | G28: =IF(NOT(F28),1,0) | R28: =IF(AND(D28:Q28),1,0)
A29: 5 | B29: FADR_closed | F29: =Calculation!B28 | R29: =IF(AND(F29:Q29),1,0)
A30: 6 | B30: Fresh_air_Damper_Close(FAD) | H30: =IF(AND(H27,G28,F29),1,0) | R30: =IF(AND(D30:Q30),1,0)
A34: 2. HVAC emergency ventilation Control
A35: 1 | B35: APS1_healthy | F35: =HVAC_IOs!D15 | G35: =IF(NOT(F35),1,0) | R35: =IF(AND(F35:Q35),1,0)
A36: 2 | B36: APS2_Healthy | F36: =HVAC_IOs!D26 | G36: =IF(NOT(F36),1,0) | R36: =IF(AND(F36:Q36),1,0)
B37: LFC05 | H37: =IF(OR(G35:G36),1,0)
A38: 3 | B38: 110V_Battery_supply | F38: =HVAC_IOs!D25 | R38: =IF(AND(F38:Q38),1,0)
A39: 4 | B39: APS1_healthy | F39: =F35 | G39: =IF(NOT(F39),1,0) | R39: =IF(AND(F39:Q39),1,0)
A40: 5 | B40: APS2_healthy | F40: =F36 | G40: =IF(NOT(F40),1,0) | R40: =IF(AND(F40:Q40),1,0)
B41: LFC11 | H41: =IF(AND(F38,G39:G40),1,0)
A42: 6 | B42: VDU command | F42: =HVAC_IOs!D27 | R42: =IF(AND(F42:Q42),1,0)
A43: 7 | B43: HVAC system status | F43: =IF(Calculation!B56=1,0,1) | R43: =IF(AND(F43:Q43),1,0)
A44: 8 | B44: Emergency ventilation | I44: =IF(OR(H37,H41,F42),1,0) | R44: =IF(AND(F44:Q44),1,0)
A45: 9 | B45: Feedback_indication | I45: =F43 | R45: =IF(AND(F45:Q45),1,0)
A48: 3. HVAC Staggered Starting
A49: 1 | B49: APS_1_ok | F49: =HVAC_IOs!D15 | R49: =IF(AND(F49:Q49),1,0)
A50: 2 | B50: APS_2_ok | F50: =HVAC_IOs!D26 | R50: =IF(AND(F50:Q50),1,0)
B51: LFC 03 | G51: =IF(AND(F49:F50),1,0)
A52: 3 | B52: START_Command_TCMS | F52: =HVAC_IOs!D18 | R52: =IF(AND(F52:Q52),1,0)
A53: 4 | B53: START_allow | F53: =G58 | R53: =IF(AND(F53:Q53),1,10)
A54: 5 | B54: Comp_2_Start | F54: =G61 | R54: =IF(AND(F54:Q54),1,0)
A55: 6 | B55: Load_Cooling_Level_5 | F55: 1 | R55: =IF(AND(F55:Q55),1,0)
A56: 7 | B56: Comp_3_Start | F56: =G63 | R56: =IF(AND(F56:Q56),1,0)
A57: 8 | B57: Load_Cooling_level_7 | F57: 1 | R57: =IF(AND(F57:Q57),1,0)
A58: 9 | B58: START_allow | G58: =IF(AND(G51,B52),1,0) | R58: =IF(AND(F58:Q58),1,0)
A59: 10 | B59: Comp_1_Start | G59: =F53 | R59: =IF(AND(G59:Q59),1,0)
A60: 11 | B60: 1_sec_delay | G60: =F53 | R60: =IF(AND(G60:Q60),1,0)
A61: 12 | B61: Comp_2_Start | G61: =G60 | R61: =IF(AND(G61:Q61),1,0)
A62: 13 | B62: 1_sec_delay | G62: =IF(AND(F54:F55),1,0) | R62: =IF(AND(G62:Q62),1,0)
A63: 14 | B63: Com_3_start | G63: =G62 | R63: =IF(AND(G63:Q63),1,0)
A64: 15 | B64: 1_sec_delay | G64: =IF(AND(F56:F57),1,0) | R64: =IF(AND(G64:Q64),1,0)
A65: 16 | B65: comp_4_start | G65: =G64 | R65: =IF(AND(G65:Q65),1,0)
A70: 4. Out side Smoke
A71: 1 | B71: HVAC1_SMDR_de-energized | F71: =HVAC_IOs!D5 | R71: =IF(AND(F71:Q71),1,0)
A72: 2 | B72: HVAC2_SMDR_de-energized | F72: =HVAC_IOs!D5 | R72: =IF(AND(F72:Q72),1,0)
A73: 3 | B73: SMRR_relay_reset | F73: =HVAC_IOs!K27 | G73: =IF(NOT(F73),1,0) | R73: =IF(AND(F73:Q73),1,0)
A74: 4 | B74: Command_compressor_1_OFF | H74: =IF(AND(F71:F72,G73),1,0) | R74: =IF(AND(F74:Q74),1,0)
A75: 5 | B75: Command_compressor_2_OFF | H75: =IF(AND(F71,F72,G73),1,0) | R75: =IF(AND(H75:Q75),1,0)
A76: 6 | B76: Command_compressor_1_OFF | H76: =IF(AND(F71:F72,G73),1,0) | R76: =IF(AND(H76:Q76),1,0)
A77: 7 | B77: Command_compressor_2_OFF | H77: =IF(AND(F71:F72,G73),1,0) | R77: =IF(AND(H77:Q77),1,0)
A78: 8 | B78: Command_return_air_damper_Close | H78: =IF(AND(F71:F72,G73),1,0) | R78: =IF(AND(H78:Q78),1,0)
A79: 9 | B79: Command_supply_air_fan_OFF | H79: =IF(AND(F71:F72,G73),1,0) | R79: =IF(AND(H79:Q79),1,0)
A80: 10 | B80: Command_fresh_air_damper_Close | H80: =IF(AND(F71:F72,G73),1,0) | R80: =IF(AND(H80:Q80),1,0)
A81: 11 | B81: FADR_close_full_train | H81: =IF(AND(F71:F72,G73),1,0) | R81: =IF(AND(H81:Q81),1,0)
A86: 5. Inside Smoke
A88: 1 | B88: Inside_smoke_active(FDU_low) | F88: =HVAC_IOs!D4 | R88: =IF(AND(F88:Q88),1,0)
A89: 2 | B89: HVAC_in_ON_condition | F89: 1 | R89: =IF(AND(F89:Q89),1,0)
A90: 3 | B90: Command_compressor_1_OFF | G90: =IF(AND(F88:F89),1,0) | R90: =IF(AND(G90:Q90),1,0)
A91: 4 | B91: Command_compressor_2_OFF | G91: =IF(AND(F88:F89),1,0) | R91: =IF(AND(G91:Q91),1,0)
A92: 5 | B92: Command_compressor_3_OFF | G92: =IF(AND(F88:F89),1,0) | R92: =IF(AND(G92:Q92),1,0)
A93: 6 | B93: Command_compressor_4_OFF | G93: =IF(AND(F88:F89),1,0) | R93: =IF(AND(G93:Q93),1,0)
A94: 7 | B94: Command_return_Air_damper_close | G94: =IF(AND(F88:F89),1,0) | R94: =IF(AND(G94:Q94),1,0)
A95: 8 | B95: command_supply_air_fan_OFF | G95: =IF(AND(F88:F89),1,0) | R95: =IF(AND(G95:Q95),1,0)
A96: 9 | B96: command_fresh_air_damper_close | G96: =IF(AND(F88:F89),1,) | R96: =IF(AND(G96:Q96),1,0)
A101: 6. Cooling Multiple Stages
A103: 1 | B103: HVAC_ON | F103: 1 | R103: =IF(AND(F103:Q103),1,0)
A104: 2 | B104: Cooling_mode selected | F104: =HVAC_IOs!D20 | R104: =IF(AND(F104:Q104),1,0)
A105: 3 | B105: RAT>Cooling_set_point | F105: =IF(Calculation!B35>Calculation!B33,1,0) | R105: =IF(AND(F105:Q105),1,0)
A106: 4 | B106: HP_fault | F106: =IF(AND(HVAC_IOs!R6=1,HVAC_IOs!R8=1),1,0) | G106: =IF(NOT(F106),1,0) | R106: =IF(AND(G106:Q106),1,0)
A107: 5 | B107: LP_fault | F107: =IF(AND(HVAC_IOs!R7=1,HVAC_IOs!R9=1),1,0) | G107: =IF(NOT(F107),1,0) | R107: =IF(AND(G107:Q107),1,0)
A108: 6 | B108: CB_fault | F108: 0 | G108: =IF(NOT(F108),1,0) | R108: =IF(AND(G108:Q108),1,0)
A109: 7 | B109: SAFAN_fault | F109: =IF(AND(HVAC_IOs!D45=1,HVAC_IOs!D46=1),0,1) | G109: =IF(NOT(F109),1,0) | R109: =IF(AND(G109:Q109),1,0)
A110: 8 | B110: SAF_ON | H110: =IF(AND(R103:R105,R106:R109),1,0) | R110: =IF(AND(F110:Q110),1,0)
A111: 9 | B111: RAD_open | H111: =IF(AND(R103:R105,R106:R109),1,0) | R111: =IF(AND(H111:Q111),1,0)
A112: 10 | B112: Cooling_enable | H112: =IF(AND(R103:R105,R106:R109),1,0) | R112: =IF(AND(H112:Q112),1,0)
A113: 11 | B113: FAD_Open | H113: =IF(AND(R103:R105,R106:R109),1,0) | R113: =IF(AND(H113:Q113),1,0)
A114: 12 | B114: Condensor_fan_open | H114: =IF(AND(R103:R105,R106:R109),1,0) | R114: =IF(AND(H114:Q114),1,0)
A119: 7. Fixed Speed Compressor
A121: 1 | B121: Cooling_level_3 | F121: =IF(OR(Calculation!$B$59:$B$61),1,0) | R121: =IF(AND(F121:Q121),1,0)
A122: 2 | B122: Cooling_level_4 | F122: =IF(OR(Calculation!$B$59:$B$61),1,0) | R122: =IF(AND(F122:Q122),1,0)
A123: 3 | B123: Cooling_level_5 | F123: =IF(OR(Calculation!$B$59:$B$61),1,0) | R123: =IF(AND(F123:Q123),1,0)
B124: LFC04 | G124: =IF(OR(F121:F123),1,0)
A125: 4 | B125: Cooling_level_6 | F125: =IF(OR(Calculation!$B$59:$B$61),1,0) | R125: =IF(AND(F125:Q125),1,0)
...

Sheet LFD New
A1: SR No. | B1: INPUTS TO LFD | C1: SOURCE | D1: STATUS
A2: 1 | B2: HVAC 1 ON | D2: 1
B3: HVAC 2 ON | D3: 1
J4: {=IF(OR('Mode Logic'!J6:J10=1),1,0)}
A6: 2 | B6: APS1_healthy | D6: 0
A7: 3 | B7: APS2_Healthy | D7: 0
A8: 4 | B8: 110V_Battery_supply | D8: 1
A9: 5 | B9: VDU command
A10: 6 | B10: HVAC system status
A11: 7 | B11: HVAC1_SMDR_de-energized
A12: 8 | B12: HVAC2_SMDR_de-energized
A13: 9 | B13: SMRR_relay_reset
A14: 10 | B14: TCMS Start allow
A15: 11 | B15: APS_1 failure | D15: =IF(NOT(D6),1,0)
A16: 12 | B16: =IF(Calculation!B35>Calculation!B33,1,0) | D16: =IF(NOT(D7),1,0)
A17: 13 | B17: HVAC_priority_Select
B18: HVAC_AUTO_Mode_TCMS | D18: 1
B19: PPR_High | D19: 1 | O19: =IF(OR('Mode Logic'!J3:J4),1,0)
B20: Comp_min._OFF_timer_expired | D20: 1
B21: No_condenser_fan1_failure | C21: =IF(OR('Mode Logic'!J3,'Mode Logic'!J12),1,0) | D21: 1
B22: No_condenser_fan2_failure | D22: 1
B23: Compressor Set Enabled | D23: 1
B24: Comp start not inhibited by start perm | D24: 1
B25: CTMC_energized_condenser_fan_START | D25: 1
B26: Liquid_line_solenoid_valve_open | D26: 1
B27: CFMC_feedback_OK | D27: 1
B28: CMC_energized | D28: 1
B29: Cooling_demand_>_2nd_comp._threshold | D29: =IF(OR('Mode Logic'!J7:J10),1,0)
B30: 2nd_comp._required | D30: =D29
B31: Comp.start-_allowed | D31: 1
B32: CFM fan OK | D32: 1
B33: HVAC_enable | D33: 1
B34: Motor_01_OK | D34: 1
B35: CB_healthy | D35: 1
B36: NOT_shut_down | D36: 1
B37: Minimum_ON_timer_(60 sec) | D37: 0
B38: Auto_mode_from_TCMS | D38: {=IF(OR('Mode Logic'!J6:J10=1),1,0)}
B39: Stand_by_mode_ON | D39: 1
B40: APS_load_reduction_ON | D40: 1
B41: LVPS_load_shed_ON | D41: 1
B42: No_fire_detected' | D42: 1
B43: HP_OK | D43: 1
B44: LP_OK | D44: 1
B45: Breaker_ok | D45: 1
B46: Supply_fan_feedback_OK | D46: 1
B47: Cooling_mode selected | D47: 1
B48: RAT>Cooling_set_point | D48: =IF(Calculation!B35>Calculation!B33,1,0)
B49: HP_fault | D49: 0
B50: LP_fault | D50: 0
B51: CB_fault | D51: 0
B52: SAFAN_fault | D52: 0
B53: Command_emergency_mode | D53: 0
B54: APS1_file | D54: 0
B55: APS2_file | D55: 0
B56: PPR1_trip | D56: 0
B57: PPR2_trip | D57: 0
B58: SAFC1_closed | D58: 0
B59: SAFC2_closed | D59: 0
B60: EMR | D60: 1
... B62: HEC_HEC communication status | D62: 1
B63: HVAC_ON | D63: =D2
B64: Cooling enble | D64: =IF(OR('Mode Logic'!J4:J10),1,0)
B65: Cooling enable | D65: =D64
B66: Heating enable | D66: =IF(OR('Mode Logic'!J3:J4),1,0)
B67: Reheat enable | D67: =D66
B68: ventilation enable | D68: ='Mode Logic'!J11
B69: 110V_DC_Trainline | D69: 1
B70: FADR_energized | D70: ='Mode Logic'!P18
B71: TCMS_close_Command | D71: 1
B72: Normal_operation_mode | D72: =IF(OR('Mode Logic'!J5:J12),1,0)
B73: Passenger Load Modulation Available | D73: 1
B74: PPR1_high | D74: 1
B75: Heating_demand_>_0 | D75: =D66
B76: Overhead_heater_thermostate_trip | D76: 0
B77: Ambient_temp_Limit_ok | D77: 1
B78: PWM_output_active_for_0-50% | D78: 0
B79: Continuous_ON(50-100%) | D79: 0
B80: Continuous_ON(100%) | D80: 1
B81: Heater_enable | D81: =D75
B82: PWM_active_for_50-100% | D82: =D78
B83: continuous_ON_at(100%) | D83: =D80
B84: Heater_enable | D84: =D81
B85: No_standby_mode | D85: 1
B86: No_APS_Load_reduction | D86: 1
B87: No_LVPS_Load_shed | D87: 1
B88: No_fire_detected | D88: 1
B89: Interior_temp_<_set_Point | D89: =IF(OR('Mode Logic'!J3,'Mode Logic'!J12),1,0)
B90: Fire_detected_on_board | D90: 0
B91: Driver_by_passs_fire_ventilation_OFF | D91: 1
B92: External_detected_on_board | D92: 0
B93: Driver_by_pass-smoke_damper_close | D93: 0
B94: APS_415_VAC_available | D94: 1
B95: 110_VDC_control available | D95: 1
B96: 110_VDC_FADR_available | D96: 1
B97: 110_VDC_SFC_OFF_relay_available | D97: 1
B98: HVAC_unit_all_circuit_breaker_ON | D98: 1
B99: Car_HVAC_circuit_breaker_ON | D99: 1
B100: Emergency_ventilation_mode | D100: 0
B101: TCMS_auto_mode | D101: =D38
B102: APS degraded | D102: 0
...

Sheet CIRCUIT SIMULATION
A1: Sr. No. | B1: Physical location | C1: Component Name | D1: Logical Condition | J1: Condition 1 | P1: Sr. No. | Q1: Physical location | R1: Component Name | S1: Logical Condition | Y1: Condition 1 | AF1: Sr. No. | AG1: Physical location | AH1: Component Name | AI1: Logical Condition | AO1: Condition 1 | AS1: Sr. No. | AT1: Physical location | AU1: Component Name | AV1: Logical Condition | BB1: Condition 1 | BI1: Sr. No. | BJ1: Physical location | BK1: Component Name | BL1: Logical Condition | BR1: Condition 1 | BX1: Sr. No. | BY1: Physical location | BZ1: Component Name | CA1: Logical Condition | CG1: Condition 1 | CI1: Sr. No. | CJ1: Physical location | CK1: Component Name | CL1: Logical Condition | CR1: Condition 1 | CY1: Sr. No. | CZ1: Physical location | DA1: Component Name | DB1: Logical Condition - External circuit | DH1: Condition 1 | DK1: Sr. No. | DL1: Physical location | DM1: Component Name | DN1: Logical Condition - Internal circuit | DT1: Condition 1 | DZ1: Sr. No. | EA1: Physical location | EB1: Component Name | EC1: Logical Condition - internal Circuit | EI1: Condition 1 | EO1: Sr. No. | EP1: Physical location | EQ1: Component Name | ER1: Logical Condition - 14 | EX1: Condition 1 | FE1: Sr. No. | FF1: Physical location | FG1: Component Name | FH1: Logical Condition - External circuit | FN1: Condition 1 | FT1: Sr. No. | FU1: Physical location | FV1: Component Name | FW1: Logical Condition - NO | GC1: Condition 1 | GF1: Sr. No. | GG1: Physical location | GH1: Component Name | GI1: Logical Condition - External circuit | GO1: Condition 1 | GU1: Sr. No. | GV1: Physical location | GW1: Component Name | GX1: Logical Condition - INT NO 18 | HD1: Condition 1 | HK1: Sr. No. | HL1: Physical location | HM1: Component Name | HN1: Logical Condition - External circuit | HZ1: Sr. No. | IA1: Physical location | IB1: Component Name | IC1: Logical Condition - NO 20 | II1: Condition 1 | IL1: Sr. No. | IM1: Physical location | IN1: Component Name | IO1: Logical Condition - INT CKT NO 21 | IU1: Condition 1 | IX1: Sr. No. | IY1: Physical location | IZ1: Component Name | JA1: Logical Condition -INTERNAL CKT FROM SOFTWARE NO 23 | JN1: Sr. No. | JO1: Physical location | JP1: Component Name | JQ1: Logical Condition - INTERNAL CKT FROM SOFTWARE NO 24 | JW1: Condition 1 | JZ1: Sr. No. | KA1: Physical location | KB1: Component Name | KI1: Condition 1 | KP1: Sr. No. | KQ1: Physical location | KR1: Component Name | KS1: Logical Condition - External circuit | KY1: Condition 1 | LB1: Sr. No. | LC1: Physical location | LD1: Component Name | LE1: Logical Condition - AS PER INTERNAL CKT NO 11 | LK1: Condition 1 | LR1: Sr. No. | LS1: Physical location | LT1: Component Name | LU1: Logical Condition - NO 12 | MA1: Condition 1 | MH1: Sr. No. | MI1: Physical location | MJ1: Component Name | MK1: INTER CKT : NO 13 | MQ1: Condition 1
D2: lab view input | E2: Dependency on LABVIEW INPUT | F2: Dependency 1 previous wire | G2: Dependency 3 | H2: Dependency 4 | I2: Dependency 5 | S2: lab view input | T2: Dependency on LABVIEW INPUT | U2: Dependency 1 previous wire | V2: Dependency 3 | W2: Dependency 4 | X2: Dependency 5 | AI2: lab view input | AJ2: Dependency on LABVIEW INPUT | AK2: Dependency 1 previous wire | AL2: Dependency 3 | AM2: Dependency 4 | AN2: Dependency 5 | AV2: lab view input | AW2: Dependency on LABVIEW INPUT | AX2: Dependency 1 previous wire | AY2: Dependency 3 | AZ2: Dependency 4 | BA2: Dependency 5 | BL2: lab view input | BM2: Dependency on LABVIEW INPUT | BN2: Dependency 1 previous wire | BO2: Dependency 3 | BP2: Dependency 4 | BQ2: Dependency 5 | CA2: lab view input | CB2: Dependency on LABVIEW INPUT | CC2: Dependency 1 previous wire | CD2: Dependency 3 | CE2: Dependency 4 | CF2: Dependency 5 | CL2: lab view input | CM2: Dependency on LABVIEW INPUT | CN2: Dependency 1 previous wire | CO2: Dependency 3 | CP2: Dependency 4 | CQ2: Dependency 5 | DB2: lab view input | DC2: Dependency on LABVIEW INPUT | DD2: Dependency 1 previous wire | DE2: Dependency 3 | DF2: Dependency 4 | DG2: Dependency 5 | DN2: lab view input | DO2: Dependency on LABVIEW INPUT | DP2: Dependency 1 previous wire | DQ2: Dependency 3 | DR2: Dependency 4 | DS2: Dependency 5 | EC2: lab view input | ED2: Dependency on LABVIEW INPUT | EE2: Dependency 1 previous wire | EF2: Dependency 3 | EG2: Dependency 4 | EH2: Dependency 5 | ER2: lab view input | ES2: Dependency on LABVIEW INPUT | ET2: Dependency 1 previous wire | EU2: Dependency 3 | EV2: Dependency 4 | EW2: Dependency 5 | FH2: lab view input | FI2: Dependency on LABVIEW INPUT | FJ2: Dependency 1 previous wire | FK2: Dependency 3 | FL2: Dependency 4 | FM2: Dependency 5 | FW2: lab view input | FX2: Dependency on LABVIEW INPUT | FY2: Dependency 1 previous wire | FZ2: Dependency 3 | GA2: Dependency 4 | GB2: Dependency 5 | GI2: lab view input | GJ2: Dependency on LABVIEW INPUT | GK2: Dependency 1 previous wire | GL2: Dependency 3 | GN2: Dependency 5 | GX2: lab view input | GY2: Dependency on LABVIEW INPUT | GZ2: Dependency 1 previous wire | HA2: Dependency 3 | HB2: Dependency 4 | HC2: Dependency 5 | HN2: lab view input | HO2: Dependency on LABVIEW INPUT | HP2: Dependency 1 previous wire | HQ2: Dependency 3 | HR2: Dependency 4 | HS2: Dependency 5 | IC2: lab view input | ID2: Dependency on LABVIEW INPUT | IE2: Dependency 1 previous wire | IF2: Dependency 3 | IG2: Dependency 4 | IH2: Dependency 5 | IO2: lab view input | IP2: Dependency on LABVIEW INPUT | IQ2: Dependency 1 previous wire | IR2: Dependency 3 | IS2: Dependency 4 | IT2: Dependency 5 | JA2: lab view input | JB2: Dependency on LABVIEW INPUT | JC2: Dependency 1 previous wire | JD2: Dependency 3 | JE2: Dependency 4 | JF2: Dependency 5 | JQ2: lab view input | JR2: Dependency on LABVIEW INPUT | JS2: Dependency 1 previous wire | JT2: Dependency 3 | JU2: Dependency 4 | JV2: Dependency 5 | KC2: lab view input | KD2: Dependency on LABVIEW INPUT | KE2: Dependency 1 previous wire | KF2: Dependency 3 | KG2: Dependency 4 | KH2: Dependency 5 | KS2: lab view input | KT2: Dependency on LABVIEW INPUT | KU2: Dependency 1 previous wire | KV2: Dependency 3 | KW2: Dependency 4 | KX2: Dependency 5 | LE2: lab view input | LF2: Dependency on LABVIEW INPUT | LG2: Dependency 1 previous wire | LH2: Dependency 3 | LI2: Dependency 4 | LJ2: Dependency 5 | LU2: lab view input | LV2: Dependency on LABVIEW INPUT | LW2: Dependency 1 previous wire | LX2: Dependency 3 | LY2: Dependency 4 | LZ2: Dependency 5 | MK2: lab view input | ML2: Dependency on LABVIEW INPUT | MM2: Dependency 1 previous wire | MN2: Dependency 3 | MO2: Dependency 4 | MP2: Dependency 5
A3: 1. Air conditioning VENTILATION CABIN | L3: CKT 1 | P3: 2. Air conditioning Power Supply HVAC 1 | AA3: CKT 2,3 | AF3: 3. Air conditioning Power Supply HVAC 1 | AS3: 4. Air conditioning HVAC1/2 CONTROL | BI3: 5. Air conditioning HVAC 1 CONTROL panel | BX3: 6. Air conditioning HVAC 2 CONTROL panel | CI3: 7. Air conditioning HVAC1/2 CONTROL | CT3: CKT 7 | CY3: 8. Air conditioning HVAC 1/2 Diagnostic | DK3: 9. Air conditioning HVAC 1/2 Diagnostic | DZ3: 10. MP0010409MW01_05_PUNE_HVAC SYSTEM_25.VSDX ( HVAC 1-2 CONTROL PANEL ) | EO3: 11. De-Energized Condition | EZ3: CKT 11 | FE3: 12. Normal Operating Condition | FP3: CKT 12, 13 | FT3: 13. When Smoke Is Detected | GF3: 14. Car Side Scope Of Work | GU3: 15. Meter Cable Length For Rad Will Be Provide With Unit | HK3: 16. SAF Power & Control Circuit Unit | HZ3: 17. Phase Protection Relay (PPR) Monitoring Circuit Unit | IL3: 18. Emergency SAF & Return Air Damper Circuit Unit | IX3: 19. FROM CAR SIDE 110V DC WILL BE DISCONNECTED WHEN EXT OR INT SMOKE DETECTED Unit | JI3: CKT 19 | JN3: 20. CAR SIDE SCOPE OF WORK (WHEN SMOKE DETECTED IN BOTH CAR ) | JZ3: 21. FROM CAR SIDE 110 V DC WILL BE DISCONNECTED TO SWITCH OFF THE SAFC IN CASE OF INTERNAL SMOKE DETECTION/ IN CASE OF F/B FROM SAFC PLC WILL SIWTCH OFF LOADS OF HVAC | KP3: 22. HVAC CONTROL PANEL | LB3: 23. MP0010409MW01_05_PUNE_HVAC SYSTEM_25.VSDX | LM3: CKT 23 | LR3: 24. P0010409MW01_05_PUNE_HVAC SYSTEM_25.VSDX (HVAC 1-2) DMA/TA/DMB | MC3: CKT 24 | MH3: 25. MP0010409MW01_05_PUNE_HVAC SYSTEM_25.VSDX
A4: 1 | B4: -HA/08.D6 | C4: 24HTC | D4: ='LFD New'!D2 | F4: =M5 | J4: =IF(AND(E4:I4),1,0) | L4: COMPONENT | N4: REMARK | P4: 1 | Q4: HA/24.E6 | U4: =IF(NOT('DATA TRANSFER'!F30),1,0) | Y4: =IF(OR(T4:X4),1,0) | AA4: COMPONENT | AC4: REMARK | AF4: 1 | AG4: HA/24.E6 | AK4: 1 | AO4: =IF(OR(AJ4:AN4),1,0) | AS4: 1 | AT4: -HA/10.D4 | AW4: 1 | BB4: =IF(AND(AW4:BA4),1,0) | BD4: CKT 4 | BI4: 1 | BJ4: HA/16.D7 | BN4: =BU17 | BO4: =BU17 | BR4: =IF(AND(BM4:BQ4),1,0) | BT4: CKT 5 | BX4: 1 | BY4: HA/16.D7 | CC4: =BU17 | CG4: =IF(AND(CB4:CF4),1,0) | CI4: 1 | CN4: =BE6 | CR4: =IF(AND(CM4:CQ4),1,0) | CT4: COMPONENT | CV4: REMARK | CY4: 1 | DD4: =CU9 | DH4: =IF(AND(DC4:DG4),1,0) | DK4: 1 | DM4: Batt 110 Vdc | DP4: =DW7 | DT4: =IF(AND(DO4:DS4),1,0) | DZ4: 1 | EB4: FROM APS 415 VAC | EE4: =EL6 | EI4: =IF(AND(ED4:EH4),1,0) | EK4: CKT 10 | EO4: 1 | EQ4: SMRR-110VDC | ET4: =FA5 | EX4: =IF(AND(ES4:EW4),1,0) | EZ4: COMPONENT | FB4: REMARK | FE4: 1 | FF4: P | FG4: SMRR-110VDC | FJ4: =FA5 | FN4: =IF(AND(FI4:FM4),1,0) | FP4: COMPONENT | FR4: REMARK | FT4: 1 | FV4: SMRR-110VDC | FY4: =FQ5 | GC4: =IF(AND(FX4:GB4),1,0) | GF4: 1 | GH4: 110VDC | GK4: =GR7 | GO4: =IF(AND(GJ4:GN4),1,0) | GU4: 1 | GW4: 24 V DC /DC | GZ4: =HG8 | HD4: =IF(AND(GY4:HC4),1,0) | HF4: CKT 15 | HK4: 1 | HM4: APS 2 | HP4: =HW7 | HT4: =IF(AND(HO4:HS4),1,0) | HV4: CKT 16,17 ,18 | HZ4: 1 | IB4: APS 1 _R | IE4: =IF(NOT('DATA TRANSFER'!F30),1,0) | II4: =IF(AND(ID4:IH4),1,0) | IL4: 1 | IN4: From 110/24 vdc converter emergency saf 1 & 2 | IR4: =IF('DATA TRANSFER'!F30=1,1,0) | IS4: =IF('DATA TRANSFER'!M12=1,1,0) | IU4: =IF(OR(IP4:IT4),1,0) | IX4: 1 | JC4: =JJ5 | JG4: =IF(AND(JB4:JF4),1,0) | JI4: COMPONENT | JK4: REMARK | JN4: 1 | JP4: 110 V DC | JS4: =JJ18 | JW4: =IF(AND(JR4:JV4),1,0) | JZ4: 1 | KE4: =KL10 | KF4: =KI5 | KI4: =IF(AND(KD4:KH4),1,0) | KK4: CKT 21 | KP4: 1 | KQ4: X1_ 4 PIN POWER CONNECTOR | KR4: APS 1 415 V AC R | KU4: =KL17 | KY4: =IF(AND(KT4:KX4),1,0) | LB4: 1 | LC4: X2 | LD4: 415 VAC _U2 | LG4: =LN36 | LK4: =IF(AND(LF4:LJ4),1,0) | LM4: COMPONENT | LO4: REMARK | LQ4: 1 | LR4: 1 | LW4: 1 | MA4: =IF(AND(LV4:LZ4),1,0) | MC4: COMPONENT | ME4: REMARK | MH4: 1 | MJ4: 110 V DC | MM4: =MT6 | MQ4: =IF(AND(ML4:MP4),1,0) | MS4: CKT 25
A5: 2 | D5: 110V | F5: =J4 | J5: =IF(AND(E5:I5),1,0) | L5: 24 HTC wire | M5: ='LFD New'!D2 | P5: 2 | U5: =Y4 | Y5: =IF(AND(T5:X5),1,0) | AA5: SAFB1 _9.5A | AB5: ='DATA TRANSFER'!DP146 | AF5: 2 | AK5: =AO4 | AO5: =IF(AND(AJ5:AN5),1,0) | AS5: 2 | AU5: HRC9-O | AW5: =BE7 | AX5: =BB4 | BB5: =IF(AND(AW5:BA5),1,0) | BD5: COMPONENT | BF5: REMARK | BI5: 2 | BN5: =BR4 | BR5: =IF(AND(BM5:BQ5),1,0) | BT5: COMPONENT | BV5: REMARK | BX5: 2 | CC5: =CG4 | CG5: =IF(AND(CB5:CF5),1,0) | CI5: 2 | CJ5: UD .X14.05-F-A 8 +14.10 | CN5: =CR4 | CR5: =IF(AND(CM5:CQ5),1,0) | CT5: TCR6 -E | CU5: 1 | CY5: 2 | CZ5: UD .X14.03-F | DD5: =DH4 | DH5: =IF(AND(DC5:DG5),1,0) | DK5: 2 | DP5: =DT4 | DT5: =IF(AND(DO5:DS5),1,0) | DV5: CKT 9 | DZ5: 2 | EE5: =EI4 | EI5: =IF(AND(ED5:EH5),1,0) | EK5: COMPONENT | EM5: REMARK | EO5: 2 | ET5: =EX4 | EX5: =IF(AND(ES5:EW5),1,0) | EZ5: SMRR-110VDC | FA5: ='LFD New'!D2 | FE5: 2 | FJ5: =FN4 | FN5: =IF(AND(FI5:FM5),1,0) | FP5: SMRR-110VDC | FQ5: =FA5 | FT5: 2 | FY5: =GC4 | GC5: =IF(AND(FX5:GB5),1,0) | GF5: 2 | GK5: =GO4 | GO5: =IF(AND(GJ5:GN5),1,0) | GQ5: CKT 14 | GU5: 2 | GW5: SAFC2 | GZ5: =GR15 | HA5: =HD4 | HD5: =IF(AND(GY5:HC5),1,0) | HF5: COMPONENT | HH5: REMARK | HK5: 2 | HP5: =HT4 | HT5: =IF(AND(HO5:HS5),1,0) | HV5: COMPONENT | HX5: REMARK | HZ5: 2 | IE5: =II4 | II5: =IF(AND(ID5:IH5),1,0) | IL5: 2 | IN5: TMR2_60 SEC | IQ5: =HW20 | IR5: =IU4 | IU5: =IF(AND(IP5:IT5),1,0) | IX5: 2 | IZ5: SMDR | JC5: =JJ6 | JD5: =JG4 | JG5: =IF(AND(JB5:JF5),1,0) | JI5: 24 VDC | JJ5: ='LFD New'!D2 | JN5: 2 | JP5: 2 WAY SWITCH | JS5: =JW4 | JW5: =IF(AND(JR5:JV5),1,0) | JZ5: 2 | KE5: =KI6 | KI5: =IF(AND(KD5:KH5),1,0) | KK5: COMPONENT | KM5: REMARK | KP5: 2 | KU5: =KY4 | KY5: =IF(AND(KT5:KX5),1,0) | LB5: 2 | LG5: =LK4 | LK5: =IF(AND(LF5:LJ5),1,0) | LM5: SAFB1 _9.5A | LN5: =IF(OR('DATA TRANSFER'!DP146,LN15),1,0) | LQ5: =LQ4+1 | LR5: 2 | LW5: =MA4 | MA5: =IF(AND(LV5:LZ5),1,0) | MC5: LUB | MD5: ='DATA TRANSFER'!DP166 | MH5: 2 | MM5: =MQ4 | MQ5: =IF(AND(ML5:MP5),1,0) | MS5: COMPONENT | MU5: REMARK
A6: 3 | F6: =J5 | J6: =IF(AND(E6:I6),1,0) | L6: CACS 1 | M6: =IF(OR('DATA TRANSFER'!DP135=1,'DATA TRANSFER'!DP135=2,'DATA TRANSFER'!DP135=3),1,0) | P6: 3 | U6: =Y5 | Y6: =IF(AND(T6:X6),1,0) | AA6: SAFC1_12A | AB6: ='DATA TRANSFER'!DP147 | AF6: 3 | AK6: =AO5 | AO6: =IF(AND(AJ6:AN6),1,0) | AS6: 3 | AW6: =BB5 | BB6: =IF(AND(AW6:BA6),1,0) | BD6: SRRB | BE6: ='DATA TRANSFER'!DP31 | BI6: 3 | BN6: =BR5 | BR6: =IF(AND(BM6:BQ6),1,0) | BT6: LUB | BU6: ='DATA TRANSFER'!DP166 | BX6: 3 | CC6: =CG5 | CG6: =IF(AND(CB6:CF6),1,0) | CI6: 3 | CN6: =CR4 | CR6: =IF(AND(CM6:CQ6),1,0) | CT6: FADR | CU6: =IF(OR('DATA TRANSFER'!DP178,'Mode Logic'!P18),1,0) | CY6: 3 | DD6: =DH4 | DH6: =IF(AND(DC6:DG6),1,0) | DK6: 3 | DL6: 14.20 LA.F09 | DM6: HTCN | DP6: =DW17 | DQ6: =DT5 | DT6: =IF(AND(DO6:DS6),1,0) | DV6: COMPONENT | DX6: REMARK | DZ6: 3 | EB6: FROM APS 415 VAC | EE6: =EL6 | EI6: =IF(AND(ED6:EH6),1,0) | EK6: From APS 415 Vac_1 | EL6: =IF(NOT('DATA TRANSFER'!F30),1,0) | EO6: 3 | ET6: =EX5 | EX6: =IF(AND(ES6:EW6),1,0) | EZ6: SMDR1-110VDC | FA6: ='LFD New'!D2 | FE6: 3 | FJ6: =FN5 | FN6: =IF(AND(FI6:FM6),1,0) | FP6: SMDR1-110VDC | FQ6: =FA6 | FT6: 3 | FY6: =GC5 | GC6: =IF(AND(FX6:GB6),1,0) | GF6: 3 | GK6: =GO5 | GO6: =IF(AND(GJ6:GN6),1,0) | GQ6: COMPONENT | GS6: REMARK | GU6: 3 | GZ6: =HD5 | HD6: =IF(AND(GY6:HC6),1,0) | HF6: 110VDC | HG6: ='LFD New'!D2 | HK6: 3 | HP6: =HT5 | HT6: =IF(AND(HO6:HS6),1,0) | HV6: APS 1 | HW6: =IF(NOT('DATA TRANSFER'!F30),1,0) | HZ6: 3 | IB6: APS 1 _Y | IE6: =IF(NOT('DATA TRANSFER'!F30),1,0) | II6: =IF(AND(ID6:IH6),1,0) | IL6: 3 | IQ6: =IU5 | IU6: =IF(AND(IP6:IT6),1,0) | IX6: 3 | JC6: =JG5 | JG6: =IF(AND(JB6:JF6),1,0) | JI6: SMDR | JJ6: =IF(OR('DATA TRANSFER'!M10,'DATA TRANSFER'!M12,'DATA TRANSFER'!DP173),1,0) | JN6: 3 | JP6: HVAC1 SMDR 1 | JS6: =JJ19 | JT6: =JW5 | JW6: =IF(AND(JR6:JV6),1,0) | JZ6: 3 | KB6: AUX MPCB | KE6: =KL9 | KF6: =KI7 | KI6: =IF(AND(KD6:KH6),1,0) | KK6: 24 VDC | KL6: 1 | KP6: 3 | KQ6: X1_ 4 PIN POWER CONNECTOR | KR6: APS 1 415 V AC Y | KU6: =KL17 | KY6: =IF(AND(KT6:KX6),1,0) | LB6: 3 | LG6: =LK5 | LK6: =IF(AND(LF6:LJ6),1,0) | LM6: SAFC1_12A | LN6: ='DATA TRANSFER'!DP147 | LQ6: =LQ5+1 | LR6: 3 | LW6: =MA5 | MA6: =IF(AND(LV6:LZ6),1,0) | MC6: DC/DC CONVERTER 1 | MD6: 1 | MH6: 3 | MI6: LA.FO1 | MJ6: ACCP1N_6A | MM6: =MT7 | MN6: =MQ5 | MQ6: =IF(AND(ML6:MP6),1,0) | MS6: 110 V DC | MT6: ='LFD New'!D2
A7: 4 | F7: =J6 | J7: =IF(AND(E7:I7),1,0) | L7: HFAN2 3A | M7: ='DATA TRANSFER'!DP141 | P7: 4 | Q7: HA/24.E6 | U7: =IF(NOT('DATA TRANSFER'!F30),1,0) | Y7: =IF(AND(T7:X7),1,0) | AA7: CMPB1 _13A | AB7: ='DATA TRANSFER'!DP148 | AF7: 4 | AG7: HA/24.E6 | AK7: 1 | AO7: =IF(AND(AJ7:AN7),1,0) | AS7: 4 | AU7: SRRB | AW7: =BE6 | AX7: =BB6 | BB7: =IF(AND(AW7:BA7),1,0) | BD7: HRC9-O | BE7: ='DATA TRANSFER'!DP163 | BI7: 4 | BN7: =BR6 | BR7: =IF(AND(BM7:BQ7),1,0) | BT7: DC/DC CONVERTER 1 | BU7: 1 | BX7: 4 | CC7: =CG6 | CG7: =IF(AND(CB7:CF7),1,0) | CI7: 4 | CJ7: UD .X63.21-F 8 +63.20 | CN7: =CR6 | CR7: =IF(AND(CM7:CQ7),1,0) | CT7: CKT 8 | CY7: 4 | DD7: =DH6 | DH7: =IF(AND(DC7:DG7),1,0) | DK7: 4 | DP7: =DT6 | DT7: =IF(AND(DO7:DS7),1,0) | DV7: Batt 110Vdc | DW7: =IF(NOT('DATA TRANSFER'!F30),1,0) | DZ7: 4 | EE7: =EI6 | EI7: =IF(AND(ED7:EH7),1,0) | EK7: From APS 415 Vac_2 | EL7: ='LFD New'!D3 | EO7: 4 | EQ7: SMRR | ET7: =FA15 | EU7: =EX6 | EX7: =IF(AND(ES7:EW7),1,0) | EZ7: SMDR2-110VDC | FA7: ='LFD New'!D2 | FE7: 4 | FG7: SMRR | FJ7: =FA15 | FK7: =FN6 | FN7: =IF(AND(FI7:FM7),1,0) | FP7: SMDR2-110VDC | FQ7: =FA7 | FT7: 4 | FV7: SMRR | FY7: =FQ15 | FZ7: =GC6 | GC7: =IF(AND(FX7:GB7),1,0) | GF7: 4 | GH7: HVAC1 SMDR | GK7: =GR8 | GL7: =GO6 | GO7: =IF(AND(GJ7:GN7),1,0) | GQ7: 110VDC | GR7: =IF(NOT('DATA TRANSFER'!F30),1,0) | GU7: 4 | GW7: FADR | GZ7: =GR9 | HA7: =HD6 | HD7: =IF(AND(GY7:HC7),1,0) | HF7: SMDR | HG7: ='DATA TRANSFER'!DP173 | HK7: 4 | HM7: MPCB | HP7: =HW8 | HQ7: =HT6 | HT7: =IF(AND(HO7:HS7),1,0) | HV7: APS2 | HW7: ='LFD New'!D3 | HZ7: 4 | IE7: =II6 | II7: =IF(AND(ID7:IH7),1,0) | IL7: 4 | IN7: ESAFC | IQ7: =IF(OR('Mode Logic'!V18:W18),1,0) | IR7: =IU6 | IU7: =IF(AND(IP7:IT7),1,0) | IX7: 4 | IZ7: SMOKE DETECTPR OK | JC7: =JG6 | JG7: =IF(AND(JB7:JF7),1,0) | JI7: SMOKE DETECTPR OK | JJ7: 1 | JN7: 4 | JS7: =IF(OR(JW13,JW6),1,0) | JW7: =IF(AND(JR7:JV7),1,0) | JZ7: 4 | KE7: =KI8 | KI7: =IF(AND(KD7:KH7),1,0) | KK7: 110 V DC | KL7: 1 | KP7: 4 | KU7: =KY6 | KY7: =IF(AND(KT7:KX7),1,0) | LB7: 4 | LC7: X2 | LD7: 415 VAC _V2 | LG7: =LN36 | LK7: =IF(AND(LF7:LJ7),1,0) | LM7: CMPB1 _13A | LN7: ='DATA TRANSFER'!DP148 | LQ7: =LQ6+1 | LR7: 4 | LT7: LUB | LW7: =MD5 | LX7: =MA6 | LY7: =MA45 | MA7: =IF(AND(LV7:LZ7),1,0) | MC7: EMR | MD7: ='DATA TRANSFER'!DP167 | MH7: 4 | MM7: =MQ6 | MQ7: =IF(AND(ML7:MP7),1,0) | MS7: ACCP1N_6A | MT7: ='DATA TRANSFER'!DP197
A8: 5 | F8: =J7 | J8: =IF(AND(E8:I8),1,0) | L8: HFAN1 3A | M8: ='DATA TRANSFER'!DP142 | P8: 5 | U8: =Y7 | Y8: =IF(AND(T8:X8),1,0) | AA8: CMPB2 _13A | AB8: ='DATA TRANSFER'!DP149 | AF8: 5 | AK8: =AO7 | AO8: =IF(AND(AJ8:AN8),1,0) | AS8: 5 | AW8: =BB7 | BB8: =IF(AND(AW8:BA8),1,0) | BD8: SMDRB | BE8: =IF(OR('DATA TRANSFER'!DP127=0,'DATA TRANSFER'!DP127=1),1,0) | BI8: 5 | BN8: =BR7 | BR8: =IF(AND(BM8:BQ8),1,0) | BT8: EMR | BU8: ='DATA TRANSFER'!DP167 | BX8: 5 | CC8: =CG7 | CG8: =IF(AND(CB8:CF8),1,0) | CI8: 5 | CN8: =CR6 | CR8: =IF(AND(CM8:CQ8),1,0) | CT8: COMPONENT | CV8: REMARK | CY8: 5 | CZ8: JE .A01-X9 (15) JE .A01 (+14.25) | DA8: RIO1 I_FADForcedCls | DD8: =CU9 | DE8: =DH7 | DH8: =IF(AND(DC8:DG8),1,0) | DK8: 5 | DL8: LA.T01 | DM8: 24 HTC(200W) | DP8: =DW18 | DQ8: =DT7 | DT8: =IF(AND(DO8:DS8),1,0) | DV8: CACS | DW8: =IF(OR('DATA TRANSFER'!DP135=1,'DATA TRANSFER'!DP135=2,'DATA TRANSFER'!DP135=3),1,0) | DZ8: 5 | EB8: FROM APS 415 VAC | EE8: =EL6 | EI8: =IF(AND(ED8:EH8),1,0) | EK8: 110 Vdc | EL8: 1 | EO8: 5 | ET8: =EX7 | EX8: =IF(AND(ES8:EW8),1,0) | EZ8: FADR-110VDC | FA8: ='LFD New'!D2 | FE8: 5 | FJ8: =FN7 | FN8: =IF(AND(FI8:FM8),1,0) | FP8: FADR-110VDC | FQ8: =FA8 | FT8: 5 | FY8: =GC7 | GC8: =IF(AND(FX8:GB8),1,0) | GF8: 5 | GK8: =GO7 | GO8: =IF(AND(GJ8:GN8),1,0) | GQ8: SMDR | GR8: =IF(OR('DATA TRANSFER'!DP173,'DATA TRANSFER'!M10,'DATA TRANSFER'!M12),1,0) | GU8: 5 | GZ8: =HD7 | HD8: =IF(AND(GY8:HC8),1,0) | HF8: 24 V DC /DC | HG8: ='LFD New'!D2 | HK8: 5 | HP8: =HT7 | HT8: =IF(AND(HO8:HS8),1,0) | HV8: MPCB 1 | HW8: ='DATA TRANSFER'!DP186 | HZ8: 5 | IB8: APS 1 _B | IE8: =IF(NOT('DATA TRANSFER'!F30),1,0) | II8: =IF(AND(ID8:IH8),1,0) | IL8: 5 | IQ8: =IU7 | IU8: =IF(AND(IP8:IT8),1,0) | IX8: 5 | IZ8: FROM CAR SIDE 110 VDC | JC8: =JJ8 | JG8: =IF(AND(JB8:JF8),1,0) | JI8: 110 V DC | JJ8: =IF(NOT('DATA TRANSFER'!F30),1,0) | JN8: 5 | JP8: HVAC1 SMDR 2 | JS8: =JJ19 | JT8: =JW7 | JW8: =IF(AND(JR8:JV8),1,0) | JZ8: 5 | KE8: =HVAC_IOs!D7 | KI8: =IF(AND(KD8:KH8),1,0) | KK8: SFC OFF | KL8: =IF(OR('Mode Logic'!V18:W18),1,0) | KP8: 5 | KQ8: X1_ 4 PIN POWER CONNECTOR | KR8: APS 1 415 V AC B | KU8: =KL17 | KY8: =IF(AND(KT8:KX8),1,0) | LB8: 5 | LG8: =LK7 | LK8: =IF(AND(LF8:LJ8),1,0) | LM8: CMPB2 _13A | LN8: ='DATA TRANSFER'!DP149 | LQ8: =LQ7+1 | LR8: 5 | LW8: =MA7 | MA8: =IF(AND(LV8:LZ8),1,0) | MC8: DC/DC CONVERTER 2 | MD8: 1 | MH8: 5 | MM8: =MQ7 | MQ8: =IF(AND(ML8:MP8),1,0) | MS8: MCBTL | MT8: ='DATA TRANSFER'!DP203
A9: 6 | C9: CACS | F9: =IF(OR(M6,M15,M16),1,0) | G9: =J8 | J9: =IF(AND(E9:I9),1,0) | L9: FAN1 P=60W | M9: ='Mode Logic'!V18 | P9: 6 | U9: =Y8 | Y9: =IF(AND(T9:X9),1,0) | AA9: CMPB3 _13A | AB9: ='DATA TRANSFER'!DP150 | AF9: 6 | AK9: =AO8 | AO9: =IF(AND(AJ9:AN9),1,0) | AS9: 6 | AW9: =BB5 | BB9: =IF(AND(AW9:BA9),1,0) | BE9: =IF('DATA TRANSFER'!DP127=0,1,0) | BI9: 6 | BN9: =BR8 | BR9: =IF(AND(BM9:BQ9),1,0) | BT9: DC/DC CONVERTER 2 | BU9: 1 | BX9: 6 | CC9: =CG8 | CG9: =IF(AND(CB9:CF9),1,0) | CI9: 6 | CN9: =CR8 | CR9: =IF(AND(CM9:CQ9),1,0) | CT9: I_FADForcedCls | CU9: =IF(NOT(CU10),1,0) | CY9: 6 | DD9: =DH6 | DH9: =IF(AND(DC9:DG9),1,0) | DK9: 6 | DM9: 110V | DP9: =DT8 | DT9: =IF(AND(DO9:DS9),1,0) | DV9: HFAN2 3A | DW9: ='DATA TRANSFER'!DP141 | DZ9: 6 | EE9: =EI8 | EI9: =IF(AND(ED9:EH9),1,0) | EK9: SMRR | EL9: =IF(OR('DATA TRANSFER'!DP172,'DATA TRANSFER'!DP31),1,0) | EO9: 6 | EQ9: SMDR1-110VDC | ET9: =FA6 | EX9: =IF(AND(ES9:EW9),1,0) | EZ9: SFC OFF -110VDC | FA9: ='LFD New'!D2 | FE9: 6 | FG9: SMDR1-110VDC | FJ9: =FA6 | FN9: =IF(AND(FI9:FM9),1,0) | FP9: SFC OFF -110VDC | FQ9: =FA9 | FT9: 6 | FV9: SMDR1-110VDC | FY9: =FQ6 | GC9: =IF(AND(FX9:GB9),1,0) | GF9: 6 | GH9: HVAC2 SMDR | GK9: =GR8 | GL9: =GO6 | GO9: =IF(AND(GJ9:GN9),1,0) | GQ9: FADR_1 | GR9: =IF(OR('DATA TRANSFER'!DP147,'Mode Logic'!P18),1,0) | GU9: 6 | GZ9: =HD8 | HD9: =IF(AND(GY9:HC9),1,0) | HF9: SFAFC2 | HG9: ='DATA TRANSFER'!DP185 | HK9: 6 | HP9: =HT8 | HT9: =IF(AND(HO9:HS9),1,0) | HV9: MPCB 2 | HW9: ='DATA TRANSFER'!DP187 | HZ9: 6 | IE9: =II8 | II9: =IF(AND(ID9:IH9),1,0) | IL9: 6 | IQ9: =IU7 | IU9: =IF(AND(IP9:IT9),1,0) | IX9: 6 | IZ9: SMDR | JC9: =JJ6 | JD9: =JG8 | JG9: =IF(AND(JB9:JF9),1,0) | JI9: SFC OFF | JJ9: =IF(OR('Mode Logic'!V18:W18),1,0) | JN9: 6 | JS9: =IF(OR(JW8,JW16),1,0) | JW9: =IF(AND(JR9:JV9),1,0) | JZ9: 6 | KE9: =KI10 | KF9: =KI12 | KI9: =IF(AND(KD9:KH9),1,0) | KK9: AUX MPCB | KL9: 1 | KP9: 6 | KU9: =KY8 | KY9: =IF(AND(KT9:KX9),1,0) | LB9: 6 | LC9: X2 | LD9: 415 VAC _W2 | LG9: =LN36 | LK9: =IF(AND(LF9:LJ9),1,0) | LM9: CMPB3 _13A | LN9: ='DATA TRANSFER'!DP150 | LQ9: =LQ8+1 | LR9: 6 | LT9: DC/DC CONVERTER 1 | LW9: =MD6 | LX9: =MA8 | LY9: =MA46 | MA9: =IF(AND(LV9:LZ9),1,0) | MC9: ESAFC | MD9: =IF(OR('Mode Logic'!W18),1,0) | MH9: 6 | MM9: 1 | MQ9: =IF(AND(ML9:MP9),1,0) | MS9: SRRB | MT9: ='DATA TRANSFER'!DP31
A10: 7 | F10: =J9 | J10: =IF(AND(E10:I10),1,0) | L10: FAN2 P=60W | M10: ='Mode Logic'!W18 | P10: 7 | Q10: HA/24.E6 | U10: =IF(NOT('DATA TRANSFER'!F30),1,0) | Y10: =IF(AND(T10:X10),1,0) | AA10: CMPB4 _13A | AB10: ='DATA TRANSFER'!DP151 | AF10: 7 | AG10: HA/24.E6 | AK10: 1 | AO10: =IF(AND(AJ10:AN10),1,0) | AS10: 7 | AW10: =BB9 | BB10: =IF(AND(AW10:BA10),1,0) | BI10: 7 | BN10: =BR9 | BR10: =IF(AND(BM10:BQ10),1,0) | BT10: ESAFC | BU10: ='DATA TRANSFER'!DP168 | BX10: 7 | CC10: =CG9 | CG10: =IF(AND(CB10:CF10),1,0) | CI10: 7 | CJ10: UD .X63.22-F 1 +63.20 | CN10: =CR9 | CR10: =IF(AND(CM10:CQ10),1,0) | CT10: I_FADForcedOpn | CU10: ='DATA TRANSFER'!M16 | CY10: 7 | CZ10: JE .A01-X9 (15) JE .A01 (+14.25) | DA10: RIO2 I_FADForcedCls | DD10: =CU9 | DE10: =DH9 | DH10: =IF(AND(DC10:DG10),1,0) | DK10: 7 | DL10: LA.F09 | DM10: HTCN | DP10: =DW17 | DQ10: =DT9 | DT10: =IF(AND(DO10:DS10),1,0) | DV10: HFAN1 3A | DW10: ='DATA TRANSFER'!DP142 | DZ10: 7 | EB10: FROM APS 415 VAC | EE10: =EL6 | EI10: =IF(AND(ED10:EH10),1,0) | EK10: SMDR1 | EL10: =IF(OR('DATA TRANSFER'!M10,'DATA TRANSFER'!M12,'DATA TRANSFER'!DP173),1,0) | EO10: 7 | ET10: =EX9 | EX10: =IF(AND(ES10:EW10),1,0) | EZ10: PPR1 | FA10: ='DATA TRANSFER'!DP188 | FE10: 7 | FJ10: =FN9 | FN10: =IF(AND(FI10:FM10),1,0) | FP10: PPR1 | FQ10: =FA10 | FT10: 7 | FY10: =GC9 | GC10: =IF(AND(FX10:GB10),1,0) | GF10: 7 | GK10: =GO9 | GO10: =IF(AND(GJ10:GN10),1,0) | GQ10: FADR_2 | GR10: =IF(OR('DATA TRANSFER'!DP148,'Mode Logic'!P18),1,0) | GU10: 7 | GZ10: =HD9 | HD10: =IF(AND(GY10:HC10),1,0) | HF10: EMR | HG10: ='DATA TRANSFER'!DP167 | HK10: 7 | HP10: =HT9 | HT10: =IF(AND(HO10:HS10),1,0) | HV10: SAFC2 | HW10: ='DATA TRANSFER'!DP185 | HZ10: 7 | IB10: PPR1 | IE10: =HW14 | IF10: =II5 | IG10: =II7 | IH10: =II9 | II10: =IF(AND(ID10:IH10),1,0) | IL10: 7 | IQ10: =IU6 | IU10: =IF(AND(IP10:IT10),1,0) | IX10: 7 | IZ10: TO CAR SIDE FOR SMOKE DETECTE F/B NO SIGNAL RECEIVED WHEN SMOKE DETECTED | JC10: =JJ7 | JD10: =JG9 | JG10: =IF(AND(JB10:JF10),1,0) | JI10: SAFC2 | JJ10: =IF(OR('Mode Logic'!W18,'DATA TRANSFER'!DP185),1,0) | JN10: 7 | JP10: HVAC1 SMDR 3 | JS10: =JJ19 | JT10: =JW9 | JW10: =IF(AND(JR10:JV10),1,0) | JZ10: 7 | KB10: SAFC | KE10: =KL10 | KF10: =KI11 | KI10: =IF(AND(KD10:KH10),1,0) | KK10: SAFC | KL10: =IF(OR('Mode Logic'!V18:W18),1,0) | KP10: 7 | KQ10: X1_ 4 PIN POWER CONNECTOR | KR10: APS 1 415 V AC PE | KU10: =KL17 | KY10: =IF(AND(KT10:KX10),1,0) | LB10: 7 | LG10: =LK9 | LK10: =IF(AND(LF10:LJ10),1,0) | LM10: CMPB4 _13A | LN10: ='DATA TRANSFER'!DP151 | LQ10: =LQ9+1 | LR10: 7 | LW10: =MA9 | MA10: =IF(AND(LV10:LZ10),1,0) | MC10: RETURN AIR DAMPER | MD10: ='Mode Logic'!Q18 | MH10: 7 | MJ10: ACCP1N_6A | MM10: =MT7 | MN10: =MQ9 | MQ10: =IF(AND(ML10:MP10),1,0) | MS10: HCR9 | MT10: ='DATA TRANSFER'!DP200
A11: 8 | F11: =J10 | J11: =IF(AND(E11:I11),1,0) | L11: TERMOSTAT 1 | M11: ='DATA TRANSFER'!DP143 | P11: 8 | R11: =IF(OR('Mode Logic'!V18:W18),1,0) | U11: =Y10 | Y11: =IF(AND(T11:X11),1,0) | AA11: CMPC1 16A | AB11: ='DATA TRANSFER'!DP152 | AF11: 8 | AK11: =AO10 | AO11: =IF(AND(AJ11:AN11),1,0) | AS11: 8 | AW11: =BB10 | BB11: =IF(AND(AW11:BA11),1,0) | BI11: 8 | BN11: =BR10 | BR11: =IF(AND(BM11:BQ11),1,0) | BT11: RETURN AIR DAMPER | BU11: ='Mode Logic'!Q18 | BX11: 8 | CC11: =CG10 | CG11: =IF(AND(CB11:CF11),1,0) | CI11: 8 | CN11: =CR9 | CR11: =IF(AND(CM11:CQ11),1,0) | CY11: 8 | DD11: =CU10 | DH11: =IF(AND(DC11:DG11),1,0) | DK11: 8 | DM11: 24 VDC | DP11: =DT8 | DT11: =IF(AND(DO11:DS11),1,0) | DV11: FAN1 P=60W | DW11: ='DATA TRANSFER'!DP143 | DZ11: 8 | EE11: =EI10 | EI11: =IF(AND(ED11:EH11),1,0) | EK11: SMDR2 | EL11: =BU13 | EO11: 8 | ET11: =EX10 | EX11: =IF(AND(ES11:EW11),1,0) | EZ11: PPR2 | FA11: ='DATA TRANSFER'!DP189 | FE11: 8 | FJ11: =FA20 | FN11: =IF(AND(FI11:FM11),1,0) | FP11: PPR2 | FQ11: =FA11 | FT11: 8 | FY11: =GC10 | GC11: =IF(AND(FX11:GB11),1,0) | GF11: 8 | GH11: HVAC1 SMDR | GK11: =GR8 | GL11: =GO10 | GO11: =IF(AND(GJ11:GN11),1,0) | GQ11: FADR_3 | GR11: =IF(OR('DATA TRANSFER'!DP149,'Mode Logic'!P18),1,0) | GU11: 8 | GZ11: =HD10 | HD11: =IF(AND(GY11:HC11),1,0) | HF11: FADR | HG11: =IF(OR('DATA TRANSFER'!DP178,'Mode Logic'!P18),1,0) | HK11: 8 | HP11: =HT10 | HT11: =IF(AND(HO11:HS11),1,0) | HV11: SAFC1 | HW11: ='DATA TRANSFER'!DP147 | HZ11: 8 | IB11: APS 2 _R | IE11: =HW7 | II11: =IF(AND(ID11:IH11),1,0) | IL11: 8 | IN11: EMR | IQ11: =HW13 | IR11: =IU10 | IU11: =IF(AND(IP11:IT11),1,0) | IX11: 8 | IZ11: 110 VDC ALWAYS ON | JC11: =JJ8 | JG11: =IF(AND(JB11:JF11),1,0) | JI11: ESAFC | JJ11: 1 | JN11: 8 | JS11: =JW5 | JW11: =IF(AND(JR11:JV11),1,0) | JZ11: 8 | KE11: 1 | KI11: =IF(AND(KD11:KH11),1,0) | KP11: 8 | KU11: =KY10 | KY11: =IF(AND(KT11:KX11),1,0) | LB11: 8 | LC11: X2 | LD11: 415 VAC _PE | LG11: =LN37 | LK11: =IF(AND(LF11:LJ11),1,0) | LM11: CMPC1 16A | LN11: ='DATA TRANSFER'!DP152 | LQ11: =LQ10+1 | LR11: 8 | LW11: =MA10 | MA11: =IF(AND(LV11:LZ11),1,0) | MC11: SMRR | MD11: =BU14 | MH11: 8 | MM11: =MQ4 | MQ11: =IF(AND(ML11:MP11),1,0) | MS11: SMDRB _AUTO | MT11: =IF('DATA TRANSFER'!DP127=1,1,0)
A12: 9 | C12: HFAN2 3A | F12: =M10 | G12: =J11 | J12: =IF(AND(E12:I12),1,0) | L12: TERMOSTAT 2 | M12: ='DATA TRANSFER'!DP144 | P12: 9 | U12: =Y11 | Y12: =IF(AND(T12:X12),1,0) | AA12: CMPC2 16A | AB12: ='DATA TRANSFER'!DP153 | AF12: 9 | AK12: =AO11 | AO12: =IF(AND(AJ12:AN12),1,0) | AS12: 9 | AW12: =BB11 | BB12: =IF(AND(AW12:BA12),1,0) | BI12: 9 | BN12: =BR11 | BR12: =IF(AND(BM12:BQ12),1,0) | BT12: SMDR 1 | BU12: =IF(OR('DATA TRANSFER'!M10,'DATA TRANSFER'!M12,'DATA TRANSFER'!DP173),1,0) | BX12: 9 | CC12: =CG11 | CG12: =IF(AND(CB12:CF12),1,0) | CI12: 9 | CN12: =CR8 | CR12: =IF(AND(CM12:CQ12),1,0) | CY12: 9 | CZ12: -UD .X14.03-F | DD12: =DH11 | DH12: =IF(AND(DC12:DG12),1,0) | DK12: 9 | DP12: =DT11 | DT12: =IF(AND(DO12:DS12),1,0) | DV12: FAN2 P=60W | DW12: ='DATA TRANSFER'!DP144 | DZ12: 9 | EB12: FROM APS 415 VAC | EE12: =EL7 | EI12: =IF(AND(ED12:EH12),1,0) | EK12: FADR | EL12: =BU15 | EO12: 9 | EQ12: SMDR | ET12: =FA20 | EX12: =IF(AND(ES12:EW12),1,0) | EZ12: TMR1 | FA12: ='DATA TRANSFER'!DP175 | FE12: 9 | FG12: SMDR2-110VDC | FJ12: =FA7 | FN12: =IF(AND(FI12:FM12),1,0) | FP12: TMR2 | FQ12: =FA12 | FT12: 9 | FV12: SMDR | FY12: =FQ20 | FZ12: =GC11 | GC12: =IF(AND(FX12:GB12),1,0) | GF12: 9 | GK12: =GO11 | GO12: =IF(AND(GJ12:GN12),1,0) | GQ12: FADR_4 | GR12: =IF(OR('DATA TRANSFER'!DP150,'Mode Logic'!P18),1,0) | GU12: 9 | GZ12: =HD32 | HD12: =IF(AND(GY12:HC12),1,0) | HF12: SFC OFF | HG12: =IF(OR('Mode Logic'!V18:W18),1,0) | HK12: 9 | HM12: SAFC2 | HP12: =HW10 | HQ12: =HT11 | HR12: =HT16 | HS12: =HT21 | HT12: =IF(AND(HO12:HS12),1,0) | HV12: ESAFC | HW12: ='DATA TRANSFER'!DP168 | HZ12: 9 | IE12: =II11 | II12: =IF(AND(ID12:IH12),1,0) | IL12: 9 | IQ12: =IU11 | IU12: =IF(AND(IP12:IT12),1,0) | IX12: 9 | IZ12: SFC OFF | JC12: =JJ9 | JD12: =JG11 | JG12: =IF(AND(JB12:JF12),1,0) | JI12: FADR | JJ12: =IF(OR('Mode Logic'!P18,'DATA TRANSFER'!DP178),1,0) | JN12: 9 | JP12: HVAC2 SMDR 1 | JS12: =JJ19 | JT12: =JW11 | JW12: =IF(AND(JR12:JV12),1,0) | JZ12: 9 | KE12: =KI10 | KI12: =IF(AND(KD12:KH12),1,0) | KP12: 9 | KQ12: X2 | KR12: APS 2 415 V AC R | KU12: =KL18 | KY12: =IF(AND(KT12:KX12),1,0) | LB12: 9 | LG12: =LK11 | LK12: =IF(AND(LF12:LJ12),1,0) | LM12: CMPC2 16A | LN12: ='DATA TRANSFER'!DP153 | LQ12: =LQ11+1 | LR12: 9 | LW12: =MA11 | MA12: =IF(AND(LV12:LZ12),1,0) | MC12: SMDR1 | MD12: =BU12 | MH12: 9 | MJ12: MCBTL | MM12: =MT8 | MN12: =MQ11 | MQ12: =IF(AND(ML12:MP12),1,0) | MS12: SMDRB _OPEN | MT12: =IF('DATA TRANSFER'!DP127=0,1,0)
A13: 10 | F13: =J12 | J13: =IF(AND(E13:I13),1,0) | L13: HTC | M13: ='DATA TRANSFER'!DP145 | P13: ='DATA TRANSFER'!DP145 | Q13: HA/24.E6 | U13: =AB37 | Y13: =IF(AND(T13:X13),1,0) | AA13: CMPC3 16A | AB13: ='DATA TRANSFER'!DP154 | AF13: 10 | AG13: HA/24.E6 | AK13: 1 | AO13: =IF(AND(AJ13:AN13),1,0) | AS13: 10 | AW13: =BB12 | BB13: =IF(AND(AW13:BA13),1,0) | BI13: 10 | BK13: LUB | BN13: =BU6 | BO13: =BR12 | BR13: =IF(AND(BM13:BQ13),1,0) | BT13: SMDR 2 | BU13: =IF(OR('DATA TRANSFER'!M10,'DATA TRANSFER'!M12,'DATA TRANSFER'!DP174),1,0) | BX13: 10 | BZ13: LUB | CC13: =BU6 | CD13: =CG12 | CG13: =IF(AND(CB13:CF13),1,0) | CI13: 10 | CJ13: UD .X63.22-F 1 +63.20 | CN13: =CR12 | CR13: =IF(AND(CM13:CQ13),1,0) | CY13: 10 | DD13: =DH12 | DH13: =IF(AND(DC13:DG13),1,0) | DK13: 10 | DP13: =DT12 | DT13: =IF(AND(DO13:DS13),1,0) | DV13: TERMOSTAT 1 | DW13: ='DATA TRANSFER'!DP143 | DZ13: 10 | EE13: =EI12 | EI13: =IF(AND(ED13:EH13),1,0) | EK13: SFC OFF | EL13: =BU16 | EO13: 10 | ET13: =EX12 | EX13: =IF(AND(ES13:EW13),1,0) | EZ13: TMR2 | FA13: ='DATA TRANSFER'!DP176 | FE13: 10 | FJ13: =FN12 | FN13: =IF(AND(FI13:FM13),1,0) | FP13: TMR1 | FQ13: =FA13 | FT13: 10 | FY13: =GC12 | GC13: =IF(AND(FX13:GB13),1,0) | GF13: 10 | GH13: HVAC2 SMDR | GK13: =GR8 | GL13: =GO10 | GO13: =IF(AND(GJ13:GN13),1,0) | GQ13: FADR_5 | GR13: =IF(OR('DATA TRANSFER'!DP151,'Mode Logic'!P18),1,0) | GU13: 10 | GZ13: =HD12 | HD13: =IF(AND(GY13:HC13),1,0) | HF13: M DAMPER (FRESH AIR DAMPER 1 RAD 1) | HG13: ='Mode Logic'!P18 | HK13: 10 | HP13: =HT12 | HT13: =IF(AND(HO13:HS13),1,0) | HV13: EMR | HW13: ='DATA TRANSFER'!DP167 | HZ13: 10 | IB13: APS 2 _Y | IE13: =HW7 | II13: =IF(AND(ID13:IH13),1,0) | IL13: 10 | IQ13: =IU11 | IU13: =IF(AND(IP13:IT13),1,0) | IX13: 10 | JC13: =JG12 | JG13: =IF(AND(JB13:JF13),1,0) | JI13: EMR | JJ13: 1 | JN13: 10 | JS13: =JW12 | JW13: =IF(AND(JR13:JV13),1,0) | JZ13: 10 | KB13: 110 V DC ALWAYS ON | KE13: =KL7 | KI13: =IF(AND(KD13:KH13),1,0) | KK13: CKT 22 | KP13: 10 | KU13: =KY12 | KY13: =IF(AND(KT13:KX13),1,0) | LB13: 10 | LG13: =LK12 | LK13: =IF(AND(LF13:LJ13),1,0) | LM13: CMPC3 16A | LN13: ='DATA TRANSFER'!DP154 | LQ13: =LQ12+1 | LR13: 10 | LW13: =MA12 | MA13: =IF(AND(LV13:LZ13),1,0) | MC13: SMDR2 | MD13: =BU13 | MH13: 10 | MM13: =MQ12 | MQ13: =IF(AND(ML13:MP13),1,0) | MS13: FADR | MT13: ='Mode Logic'!P18
A14: 11 | F14: =J13 | J14: =IF(AND(E14:I14),1,0) | L14: ELECTRICAL HEATING P=1.5 KW | M14: ='DATA TRANSFER'!AT18 | P14: 11 | U14: =Y13 | Y14: =IF(AND(T14:X14),1,0) | AA14: CMPC4 16A | AB14: ='DATA TRANSFER'!DP155 | AF14: 11 | AK14: =AO13 | AO14: =IF(AND(AJ14:AN14),1,0) | AS14: 11 | AW14: =BB13 | BB14: =IF(AND(AW14:BA14),1,0) | BI14: 11 | BN14: =BR13 | BR14: =IF(AND(BM14:BQ14),1,0) | BT14: SMRR | BU14: =IF(OR('DATA TRANSFER'!DP172,'DATA TRANSFER'!DP44),1,0) | BX14: 11 | CC14: =CG13 | CG14: =IF(AND(CB14:CF14),1,0) | CI14: 11 | CN14: =CR12 | CR14: =IF(AND(CM14:CQ14),1,0) | CY14: 11 | DD14: =DH13 | DH14: =IF(AND(DC14:DG14),1,0) | DK14: 11 | DM14: 24 VDC | DP14: =DT8 | DT14: =IF(AND(DO14:DS14),1,0) | DV14: TERMOSTAT 2 | DW14: ='DATA TRANSFER'!DP144 | DZ14: 11 | EB14: FROM APS 415 VAC | EE14: =EL7 | EI14: =IF(AND(ED14:EH14),1,0) | EO14: 11 | EQ14: SMDR2-110VDC | ET14: =FA7 | EX14: =IF(AND(ES14:EW14),1,0) | EZ14: SMTR | FA14: ='DATA TRANSFER'!DP177 | FE14: 11 | FJ14: =FA20 | FN14: =IF(AND(FI14:FM14),1,0) | FP14: SMTR | FQ14: =FA14 | FT14: 11 | FV14: SMDR2 -110VDC | FY14: =FQ7 | GC14: =IF(AND(FX14:GB14),1,0) | GF14: 11 | GK14: =GO13 | GO14: =IF(AND(GJ14:GN14),1,0) | GQ14: FADR_6 | GR14: =IF(OR('DATA TRANSFER'!DP152,'Mode Logic'!P18),1,0) | GU14: 11 | GZ14: =HD15 | HD14: =IF(AND(GY14:HC14),1,0) | HF14: M DAMPER (FRESH AIR DAMPER 2 RAD 2) | HG14: ='Mode Logic'!P18 | HK14: 11 | HM14: APS 2 | HP14: =HW7 | HT14: =IF(AND(HO14:HS14),1,0) | HV14: PPR1 | HW14: ='DATA TRANSFER'!DP188 | HZ14: 11 | IE14: =II13 | II14: =IF(AND(ID14:IH14),1,0) | IL14: 11 | IQ14: =IF(OR(IU8,IU12),1,0) | IU14: =IF(AND(IP14:IT14),1,0) | IX14: 11 | IZ14: FADR | JC14: =JJ12 | JD14: =JG13 | JG14: =IF(AND(JB14:JF14),1,0) | JN14: 11 | JS14: =JW7 | JW14: =IF(AND(JR14:JV14),1,0) | JZ14: 11 | KE14: =KI13 | KI14: =IF(AND(KD14:KH14),1,0) | KK14: COMPONENT | KM14: REMARK | KP14: 11 | KQ14: X2 | KR14: APS 2 415 V AC Y | KU14: =KL18 | KY14: =IF(AND(KT14:KX14),1,0) | LB14: 11 | LD14: PHASE PROTECTION RELAY 2 PPR2 | LG14: =LN34 | LH14: =LK10 | LI14: =LK8 | LJ14: =LK6 | LK14: =IF(AND(LF14:LJ14),1,0) | LM14: CMPC4 16A | LN14: ='DATA TRANSFER'!DP155 | LQ14: =LQ13+1 | LR14: 11 | LW14: =MA13 | MA14: =IF(AND(LV14:LZ14),1,0) | MC14: FADR | MD14: =BU15 | MH14: 11 | MJ14: SRRB | MM14: =MT9 | MN14: =MQ13 | MQ14: =IF(AND(ML14:MP14),1,0) | MS14: SMDR 1 | MT14: 1
A15: 12 | F15: =J14 | J15: =IF(AND(E15:I15),1,0) | L15: CACS 2 | M15: =IF(OR('DATA TRANSFER'!DP135=2,'DATA TRANSFER'!DP135=3),1,0) | P15: 12 | U15: =Y14 | Y15: =IF(AND(T15:X15),1,0) | AA15: SUPPLY AIR FAN 1 Pa=1.25kW P.f=0.75 | AB15: ='DATA TRANSFER'!AT19 | AF15: 12 | AK15: =AO14 | AO15: =IF(AND(AJ15:AN15),1,0) | AS15: 12 | AU15: SMDRB_OPEN FAD | AW15: =BE8 | AX15: =BB14 | AY15: =BE9 | BB15: =IF(AND(AW15:BA15),1,0) | BI15: 12 | BK15: DC/DC CONVERTER 1 | BN15: =BU7 | BO15: =BR14 | BR15: =IF(AND(BM15:BQ15),1,0) | BT15: FADR | BU15: =IF(OR('DATA TRANSFER'!DP178,'Mode Logic'!P18),1,0) | BX15: 12 | BZ15: DC/DC CONVERTER 1 | CC15: =BU7 | CD15: =CG14 | CG15: =IF(AND(CB15:CF15),1,0) | CI15: 12 | CN15: =CR8 | CR15: =IF(AND(CM15:CQ15),1,0) | CY15: 12 | CZ15: JE .A01-X9 (15) JE .A01 (+14.25) | DA15: RIO1 I_FADForcedOpn | DD15: =CU10 | DE15: =DH14 | DH15: =IF(AND(DC15:DG15),1,0) | DK15: 12 | DP15: =DT14 | DT15: =IF(AND(DO15:DS15),1,0) | DV15: HTC | DW15: ='DATA TRANSFER'!DP145 | DZ15: 12 | EE15: =EI14 | EI15: =IF(AND(ED15:EH15),1,0) | EO15: 12 | ET15: =EX14 | EX15: =IF(AND(ES15:EW15),1,0) | EZ15: SMRR | FA15: =IF(OR('DATA TRANSFER'!DP31,'DATA TRANSFER'!DP172),1,0) | FE15: 12 | FG15: FADR-110VDC | FJ15: =FA8 | FN15: =IF(AND(FI15:FM15),1,0) | FP15: SMRR | FQ15: =FA15 | FT15: 12 | FY15: =GC14 | GC15: =IF(AND(FX15:GB15),1,0) | GF15: 12 | GH15: HVAC1 SMDR | GK15: =GR8 | GL15: =GO14 | GO15: =IF(AND(GJ15:GN15),1,0) | GQ15: SFC OFF | GR15: =IF(OR('Mode Logic'!W18),1,0) | GU15: 12 | GZ15: 1 | HD15: =IF(AND(GY15:HC15),1,0) | HF15: TMR2 | HG15: ='DATA TRANSFER'!DP167 | HK15: 12 | HP15: =HT14 | HT15: =IF(AND(HO15:HS15),1,0) | HV15: PPR2 | HW15: ='DATA TRANSFER'!DP189 | HZ15: 12 | IB15: APS2 _B | IE15: =HW7 | II15: =IF(AND(ID15:IH15),1,0) | IL15: 12 | IN15: 24 V DC | IQ15: =HW17 | IR15: =IU4 | IU15: =IF(AND(IP15:IT15),1,0) | IX15: 12 | JC15: =JG14 | JG15: =IF(AND(JB15:JF15),1,0) | JI15: CKT 20 | JN15: 12 | JP15: HVAC2 SMDR 2 | JS15: =JJ19 | JT15: =JW14 | JW15: =IF(AND(JR15:JV15),1,0) | JZ15: 12 | KB15: SFC OFF | KE15: =KL8 | KF15: =KI14 | KI15: =IF(AND(KD15:KH15),1,0) | KK15: 24 VDC | KL15: 1 | KP15: 12 | KU15: =KY14 | KY15: =IF(AND(KT15:KX15),1,0) | LB15: 12 | LG15: =LK5 | LK15: =IF(AND(LF15:LJ15),1,0) | LM15: SUPPLY AIR FAN 1 Pa=1.25kW P.f=0.75 | LN15: ='DATA TRANSFER'!AT19 | LQ15: =LQ14+1 | LR15: 12 | LW15: =MA14 | MA15: =IF(AND(LV15:LZ15),1,0) | MC15: SFC OFF | MD15: =BU16 | MH15: 12 | MJ15: SMRR | MM15: =MT16 | MQ15: =IF(AND(ML15:MP15),1,0) | MS15: SFC OFF | MT15: =IF(OR('Mode Logic'!W18),1,0)
A16: 13 | F16: =J15 | J16: =IF(AND(E16:I16),1,0) | L16: CACS 3 | M16: =IF('DATA TRANSFER'!DP135=3,1,0) | P16: 13 | R16: PPR1 | U16: =AB34 | V16: =Y12 | W16: =Y9 | X16: =Y6 | Y16: =IF(AND(T16:X16),1,0) | Z16: ='Mode Logic'!Q18 | AA16: SUPPLY AIR FAN 1 Pa=1.25kW P.f=0.76 | AB16: ='DATA TRANSFER'!AT19 | AF16: 13 | AH16: PPR1 | AK16: =AB33 | AL16: =AO12 | AM16: =AO9 | AN16: =AO6 | AO16: =IF(AND(AJ16:AN16),1,0) | AS16: 13 | AW16: =BB15 | BB16: =IF(AND(AW16:BA16),1,0) | BI16: 13 | BN16: =BR15 | BR16: =IF(AND(BM16:BQ16),1,0) | BT16: SFC 0FF | BU16: =IF(OR('DATA TRANSFER'!DP147,'DATA TRANSFER'!DP185),1,0) | BX16: 13 | CC16: =CG15 | CG16: =IF(AND(CB16:CF16),1,0) | CI16: 13 | CJ16: UD .X63.22-F 1 +63.20 | CN16: =CR15 | CR16: =IF(AND(CM16:CQ16),1,0) | CY16: 13 | DD16: =DH13 | DH16: =IF(AND(DC16:DG16),1,0) | DK16: 13 | DL16: LAS03(14.30) | DM16: CACS | DP16: =DW8 | DQ16: =DT15 | DT16: =IF(AND(DO16:DS16),1,0) | DV16: ELECTRICAL HEATING P=1.5 KW | DW16: ='DATA TRANSFER'!AT18 | DZ16: 13 | EB16: FROM APS 415 VAC | EE16: =EL7 | EI16: =IF(AND(ED16:EH16),1,0) | EO16: 13 | EQ16: FADR-110VDC | ET16: =FA8 | EX16: =IF(AND(ES16:EW16),1,0) | EZ16: SFC OFF | FA16: =IF(OR('Mode Logic'!W18),1,0) | FE16: 13 | FJ16: =FN15 | FN16: =IF(AND(FI16:FM16),1,0) | FP16: SFC OFF | FQ16: =FA16 | FT16: 13 | FV16: FADR -110VDC | FY16: =FQ8 | GC16: =IF(AND(FX16:GB16),1,0) | GF16: 13 | GK16: =GO15 | GO16: =IF(AND(GJ16:GN16),1,0) | GU16: 13 | GZ16: =HD52 | HD16: =IF(AND(GY16:HC16),1,0) | HF16: 24 V HEC | HG16: ='LFD New'!D2 | HK16: 13 | HP16: =HT7 | HT16: =IF(AND(HO16:HS16),1,0) | HV16: TMR1 | HW16: ='DATA TRANSFER'!DP175 | HZ16: 13 | IE16: =II15 | II16: =IF(AND(ID16:IH16),1,0) | IL16: 13 | IN16: ESAFC | IQ16: ='DATA TRANSFER'!DP168 | IR16: =IU15 | IS16: =IU4 | IU16: =IF(AND(IP16:IT16),1,0) | IX16: 13 | JC16: =JG14 | JG16: =IF(AND(JB16:JF16),1,0) | JI16: COMPONENT | JK16: REMARK | JN16: 13 | JS16: =JW15 | JW16: =IF(AND(JR16:JV16),1,0) | JZ16: 13 | KE16: =KI15 | KI16: =IF(AND(KD16:KH16),1,0) | KK16: 110 V DC | KL16: 1 | KP16: 13 | KQ16: X2 | KR16: APS 2 415 V AC B | KU16: =KL18 | KY16: =IF(AND(KT16:KX16),1,0) | LB16: 13 | LG16: =LK24 | LH16: =LK15 | LK16: =IF(AND(LF16:LJ16),1,0) | LM16: SUPPLY AIR FAN 1 Pa=1.25kW P.f=0.76 | LN16: ='DATA TRANSFER'!AT19 | LQ16: =LQ15+1 | LR16: 13 | LW16: =MA15 | MA16: =IF(AND(LV16:LZ16),1,0) | MC16: 24 V DC | MD16: 1 | MH16: 13 | MM16: 1 | MQ16: =IF(AND(ML16:MP16),1,0) | MS16: SMRR | MT16: ='DATA TRANSFER'!DP172
A17: 14 | F17: =J16 | J17: =IF(AND(E17:I17),1,0) | P17: 14 | U17: =Y6 | Y17: =IF(AND(T17:X17),1,0) | AA17: COMPRESSOR 1 (3A) Pa=7.5kW P.f=0.75 | AB17: ='Mode Logic'!L18 | AF17: 14 | AK17: =AO6 | AO17: =IF(AND(AJ17:AN17),1,0) | AS17: 14 | AW17: =BB16 | BB17: =IF(AND(AW17:BA17),1,0) | BI17: 14 | BN17: =BR16 | BR17: =IF(AND(BM17:BQ17),1,0) | BT17: HAVC ON | BU17: ='LFD New'!D2 | BX17: 14 | CC17: =CG16 | CG17: =IF(AND(CB17:CF17),1,0) | CI17: 14 | CN17: =CR15 | CR17: =IF(AND(CM17:CQ17),1,0) | CY17: 14 | CZ17: JE .A01-X9 (15) JE .A01 (+14.25) | DA17: RIO2 I_FADForcedOpn | DD17: =CU10 | DE17: =DH16 | DH17: =IF(AND(DC17:DG17),1,0) | DK17: 14 | DP17: =DT16 | DT17: =IF(AND(DO17:DS17),1,0) | DV17: HTCN | DW17: ='DATA TRANSFER'!DP196 | DZ17: 14 | EE17: =EI16 | EI17: =IF(AND(ED17:EH17),1,0) | EO17: 14 | ET17: =EX16 | EX17: =IF(AND(ES17:EW17),1,0) | EZ17: FADR | FA17: ='DATA TRANSFER'!DP178 | FE17: 14 | FJ17: =FN16 | FN17: =IF(AND(FI17:FM17),1,0) | FP17: FADR | FQ17: =FA17 | FT17: 14 | FY17: =GC16 | GC17: =IF(AND(FX17:GB17),1,0) | GF17: 14 | GH17: HVAC2 SMDR | GK17: =GR8 | GL17: =GO14 | GO17: =IF(AND(GJ17:GN17),1,0) | GU17: 14 | GZ17: =HD18 | HD17: =IF(AND(GY17:HC17),1,0) | HF17: RAD OPEN | HK17: 14 | HP17: =HT12 | HT17: =IF(AND(HO17:HS17),1,0) | HV17: 24 VDC | HW17: ='LFD New'!D2 | HZ17: 14 | IB17: PPR2 | IE17: =HW15 | IF17: =II12 | IG17: =II14 | IH17: =II16 | II17: =IF(AND(ID17:IH17),1,0) | IL17: 14 | IQ17: =IU16 | IU17: =IF(AND(IP17:IT17),1,0) | IX17: 14 | IZ17: 24 VDC | JC17: ='LFD New'!D2 | JG17: =IF(AND(JB17:JF17),1,0) | JI17: 24 VDC | JJ17: =JJ5 | JN17: 14 | JS17: =JW9 | JW17: =IF(AND(JR17:JV17),1,0) | JZ17: 14 | KE17: =KI16 | KI17: =IF(AND(KD17:KH17),1,0) | KK17: APS 1 | KL17: 1 | KP17: 14 | KU17: =KY16 | KY17: =IF(AND(KT17:KX17),1,0) | LB17: 14 | LG17: =LK26 | LH17: =LK16 | LK17: =IF(AND(LF17:LJ17),1,0) | LM17: COMPRESSOR 1 (3A) Pa=7.5kW P.f=0.75 | LN17: ='DATA TRANSFER'!AT15 | LQ17: =LQ16+1 | LR17: 14 | LW17: =MA16 | MA17: =IF(AND(LV17:LZ17),1,0) | MH17: 14 | MJ17: HCR | MM17: =MT10 | MN17: =MQ12 | MQ17: =IF(AND(ML17:MP17),1,0) | MS17: TCR 6 | MT17: 1
A18: 15 | C18: FAN2 P=60W | F18: =M10 | G18: =J17 | J18: =IF(AND(E18:I18),1,0) | P18: ='Mode Logic'!P18 | R18: SAFB1 _9.5A | U18: =AB15 | V18: =Y17 | W18: =Y22 | X18: =Y25 | Y18: =IF(AND(T18:X18),1,0) | AA18: COMPRESSOR 2 (3A) Pa=7.5kW P.f=0.76 | AB18: ='Mode Logic'!M18 | AF18: 15 | AH18: SAFB1 _9.5A | AK18: =AB15 | AL18: =AO17 | AO18: =IF(AND(AJ18:AN18),1,0) | AS18: 15 | AW18: =BB17 | BB18: =IF(AND(AW18:BA18),1,0) | BI18: 15 | BN18: =BR17 | BR18: =IF(AND(BM18:BQ18),1,0) | BT18: APS 1 | BU18: =IF('DATA TRANSFER'!F30=1,1,0) | BX18: 15 | CC18: =CG17 | CG18: =IF(AND(CB18:CF18),1,0) | CI18: 15 | CJ18: 5000000 | CN18: =CU6 | CR18: =IF(AND(CM18:CQ18),1,0) | DK18: 15 | DL18: LAF11(14.20) | DM18: HFAN1 | DP18: =DW11 | DQ18: =DT17 | DT18: =IF(AND(DO18:DS18),1,0) | DV18: 24 HTC(200W) | DW18: 1 | DZ18: 15 | EB18: FROM APS 415 VAC | EE18: =EL7 | EI18: =IF(AND(ED18:EH18),1,0) | EO18: 15 | ET18: =EX17 | EX18: =IF(AND(ES18:EW18),1,0) | EZ18: 24VDC/DC | FA18: ='LFD New'!D2 | FE18: 15 | FJ18: =FN17 | FN18: =IF(AND(FI18:FM18),1,0) | FP18: 24VDC/DC | FQ18: =FA18 | FT18: 15 | FY18: =GC17 | GC18: =IF(AND(FX18:GB18),1,0) | GF18: 15 | GK18: =GO17 | GO18: =IF(AND(GJ18:GN18),1,0) | GU18: 15 | GZ18: =HD54 | HD18: =IF(AND(GY18:HC18),1,0) | HF18: RAD CLOSE | HG18: ='Mode Logic'!Q18 | HK18: 15 | HM18: APS2 | HP18: =HW7 | HT18: =IF(AND(HO18:HS18),1,0) | HV18: 110 V DC | HW18: ='LFD New'!D2 | HZ18: 15 | IB18: 24 V DC | IE18: ='LFD New'!D2 | II18: =IF(AND(ID18:IH18),1,0) | IL18: 15 | IN18: EMERGENCY SAF 1 & 2 | IQ18: =IF(OR('Mode Logic'!V18:W18),1,0) | IU18: =IF(AND(IP18:IT18),1,0) | IX18: 15 | IZ18: SAFC2 | JC18: =JJ10 | JD18: =JG17 | JG18: =IF(AND(JB18:JF18),1,0) | JI18: 110 V DC | JJ18: =IF(NOT('DATA TRANSFER'!F30),1,0) | JN18: 15 | JP18: HVAC2 SMDR 3 | JS18: =JJ19 | JT18: =JW16 | JW18: =IF(AND(JR18:JV18),1,0) | JZ18: 15 | KB18: 24 V DC | KE18: =KL6 | KI18: =IF(AND(KD18:KH18),1,0) | KK18: APS 2 | KL18: 1 | KP18: 15 | KQ18: X2 | KR18: APS 2 415 V AC PE | KU18: =KL18 | KY18: =IF(AND(KT18:KX18),1,0) | LB18: 15 | LG18: =LK17 | LK18: =IF(AND(LF18:LJ18),1,0) | LM18: COMPRESSOR 2 (3A) Pa=7.5kW P.f=0.76 | LN18: ='DATA TRANSFER'!AT15 | LQ18: =LQ17+1 | LR18: 15 | LW18: =MA17 | MA18: =IF(AND(LV18:LZ18),1,0) | MH18: 15 | MM18: =MQ22 | MQ18: =IF(AND(ML18:MP18),1,0) | MS18: DI RIO2 PCB 9(24))_I_FADFORCED OPN | MT18: ='Mode Logic'!P18
A19: 16 | F19: =J18 | J19: =IF(AND(E19:I19),1,0) | P19: =IF(OR('DATA TRANSFER'!M10,'DATA TRANSFER'!M12),1,0) | U19: =Y18 | Y19: =IF(AND(T19:X19),1,0) | AA19: COMPRESSOR 3 (3A) Pa=7.5kW P.f=0.77 | AB19: ='Mode Logic'!N18 | AF19: 16 | AK19: =AO18 | AO19: =IF(AND(AJ19:AN19),1,0) | AS19: 16 | AW19: =BB18 | BB19: =IF(AND(AW19:BA19),1,0) | BI19: 16 | BN19: =BR18 | BR19: =IF(AND(BM19:BQ19),1,0) | BT19: APS 2 | BX19: 16 | CC19: =CG18 | CG19: =IF(AND(CB19:CF19),1,0) | CI19: 16 | CN19: =CR18 | CR19: =IF(AND(CM19:CQ19),1,0) | DK19: 16 | DP19: =DT18 | DT19: =IF(AND(DO19:DS19),1,0) | DV19: CACPN | DW19: 1 | DZ19: 16 | EE19: =EI18 | EI19: =IF(AND(ED19:EH19),1,0) | EO19: 16 | EQ19: SFC OFF | ET19: =FA16 | EX19: =IF(AND(ES19:EW19),1,0) | EZ19: 24V HEC | FA19: ='LFD New'!D2 | FE19: 16 | FG19: SFC OFF | FJ19: =FA16 | FK19: =FN18 | FN19: =IF(AND(FI19:FM19),1,0) | FP19: 24V HEC | FQ19: =FA19 | FT19: 16 | FV19: SFC OFF | FY19: =FQ16 | FZ19: =GC18 | GC19: =IF(AND(FX19:GB19),1,0) | GF19: 16 | GK19: =GO5 | GO19: =IF(AND(GJ19:GN19),1,0) | GU19: 16 | GZ19: =HD55 | HD19: =IF(AND(GY19:HC19),1,0) | HK19: 16 | HP19: =HT18 | HT19: =IF(AND(HO19:HS19),1,0) | HV19: SFC | HW19: =IF(OR('Mode Logic'!V18:W18),1,0) | HZ19: 16 | IB19: PPR1 | IE19: =HW14 | IF19: =II18 | II19: =IF(AND(ID19:IH19),1,0) | IL19: 16 | IN19: 24VDC | IQ19: =HW17 | IU19: =IF(AND(IP19:IT19),1,0) | IX19: 16 | JC19: =JG18 | JG19: =IF(AND(JB19:JF19),1,0) | JI19: SMDR | JJ19: =IF(OR('DATA TRANSFER'!M10,'DATA TRANSFER'!M12,'DATA TRANSFER'!DP173),1,0) | JN19: 16 | JS19: =JW18 | JW19: =IF(AND(JR19:JV19),1,0) | JZ19: 16 | KE19: =KL8 | KF19: =KI18 | KI19: =IF(AND(KD19:KH19),1,0) | KK19: SMRR | KL19: =IF(OR('DATA TRANSFER'!M12),1,0) | KP19: 16 | KU19: =KY18 | KY19: =IF(AND(KT19:KX19),1,0) | LB19: 16 | LG19: =LK7 | LK19: =IF(AND(LF19:LJ19),1,0) | LM19: COMPRESSOR 3 (3A) Pa=7.5kW P.f=0.77 | LN19: ='DATA TRANSFER'!AT24 | LQ19: =LQ18+1 | LR19: 16 | LW19: =MA18 | MA19: =IF(AND(LV19:LZ19),1,0) | MH19: 16 | MJ19: SMDR | MM19: =IF(OR('DATA TRANSFER'!M12),1,0) | MQ19: =IF(AND(ML19:MP19),1,0) | MS19: DI RIO1 PCB 9(24)_I_FADFORCED OPN | MT19: ='Mode Logic'!P18
A20: 17 | F20: =J6 | J20: =IF(AND(E20:I20),1,0) | P20: 17 | R20: SAFC1_12A | U20: =AB15 | V20: =Y19 | W20: =Y23 | X20: =Y26 | Y20: =IF(AND(T20:X20),1,0) | AA20: COMPRESSOR 4 (3A) Pa=7.5kW P.f=0.78 | AB20: ='Mode Logic'!O18 | AF20: 17 | AH20: SAFC1_12A | AK20: =AB16 | AL20: =AO19 | AO20: =IF(AND(AJ20:AN20),1,0) | AS20: 17 | AW20: =BB16 | BB20: =IF(AND(AW20:BA20),1,0) | BI20: 17 | BN20: =BR19 | BR20: =IF(AND(BM20:BQ20),1,0) | BX20: 17 | CC20: =CG19 | CG20: =IF(AND(CB20:CF20),1,0) | CI20: 17 | CN20: =CR18 | CR20: =IF(AND(CM20:CQ20),1,0) | DK20: 17 | DP20: =DT19 | DT20: =IF(AND(DO20:DS20),1,0) | DV20: APS | DW20: =IF(NOT('DATA TRANSFER'!F30),1,0) | DZ20: 17 | EB20: 110VDC | EE20: =EL8 | EI20: =IF(AND(ED20:EH20),1,0) | EO20: 17 | EQ20: FADR | ET20: =EL12 | EU20: =EX19 | EX20: =IF(AND(ES20:EW20),1,0) | EZ20: SMOKE DETECTOR (SMDR) | FA20: =IF(OR('DATA TRANSFER'!M10,'DATA TRANSFER'!M12),1,0) | FE20: 17 | FG20: FADR | FJ20: =FA17 | FK20: =FN19 | FN20: =IF(AND(FI20:FM20),1,0) | FP20: SMDR | FQ20: =FA20 | FT20: 17 | FY20: =GC19 | GC20: =IF(AND(FX20:GB20),1,0) | GF20: 17 | GK20: =IF(OR(GO18:GO19),1,0) | GO20: =IF(AND(GJ20:GN20),1,0) | GU20: 17 | GZ20: =HD19 | HD20: =IF(AND(GY20:HC20),1,0) | HK20: 17 | HP20: =HT7 | HT20: =IF(AND(HO20:HS20),1,0) | HV20: TMR2 | HW20: ='DATA TRANSFER'!DP176 | HZ20: 17 | IE20: =II19 | II20: =IF(AND(ID20:IH20),1,0) | IL20: 17 | IN20: TMR2 | IQ20: =HW20 | IR20: =IU19 | IU20: =IF(AND(IP20:IT20),1,0) | IX20: 17 | IZ20: FADR | JC20: =JJ12 | JD20: =JG19 | JG20: =IF(AND(JB20:JF20),1,0) | JI20: SFC OFF | JJ20: =IF(OR('Mode Logic'!V18:W18),1,0) | JN20: 17 | JS20: =IF(OR(JW19,JW10,JW42),1,0) | JW20: =IF(AND(JR20:JV20),1,0) | JZ20: 17 | KE20: =KI19 | KI20: =IF(AND(KD20:KH20),1,0) | KK20: SMDR 1 | KL20: =IF(OR('DATA TRANSFER'!M12),1,0) | KP20: 17 | KQ20: X1 | KU20: =IF(AND(KY5,KY7,KY9,KY11),1,0) | KY20: =IF(AND(KT20:KX20),1,0) | LB20: 17 | LG20: =LK26 | LH20: =LK19 | LK20: =IF(AND(LF20:LJ20),1,0) | LM20: COMPRESSOR 4 (3A) Pa=7.5kW P.f=0.78 | LN20: ='DATA TRANSFER'!AT25 | LQ20: =LQ19+1 | LR20: 17 | LW20: =MA19 | MA20: =IF(AND(LV20:LZ20),1,0) | MH20: 17 | MM20: 1 | MQ20: =IF(AND(ML20:MP20),1,0) | MS20: ACCP2N | MT20: ='DATA TRANSFER'!DP198
A21: 18 | F21: =M6 | G21: =J20 | J21: =IF(AND(E21:I21),1,0) | P21: 18 | U21: =Y20 | Y21: =IF(AND(T21:X21),1,0) | AB21: 1 | AF21: 18 | AK21: =AO20 | AO21: =IF(AND(AJ21:AN21),1,0) | AS21: 18 | AW21: =BB20 | BB21: =IF(AND(AW21:BA21),1,0) | BI21: 18 | BN21: =BR20 | BR21: =IF(AND(BM21:BQ21),1,0) | BX21: 18 | CC21: =CG20 | CG21: =IF(AND(CB21:CF21),1,0) | CI21: 18 | CN21: =CR20 | CO21: =CR37 | CR21: =IF(AND(CM21:CQ21),1,0) | DK21: 18 | DP21: =DT20 | DT21: =IF(AND(DO21:DS21),1,0) | DV21: CACS | DW21: =IF(OR('DATA TRANSFER'!DP135=2,'DATA TRANSFER'!DP135=3),1,0) | DZ21: 18 | EE21: =EI20 | EI21: =IF(AND(ED21:EH21),1,0) | EO21: 18 | ET21: =EX20 | EX21: =IF(AND(ES21:EW21),1,0) | EZ21: SAFC1 | FA21: ='DATA TRANSFER'!DP147 | FE21: 18 | FJ21: =FN20 | FN21: =IF(AND(FI21:FM21),1,0) | FQ21: =FA21 | FT21: 18 | FV21: FADR | FY21: =FQ17 | FZ21: =GC20 | GC21: =IF(AND(FX21:GB21),1,0) | GF21: 18 | GK21: =GO20 | GO21: =IF(AND(GJ21:GN21),1,0) | GU21: 18 | GZ21: =HD20 | HD21: =IF(AND(GY21:HC21),1,0) | HK21: 18 | HP21: =HT20 | HT21: =IF(AND(HO21:HS21),1,0) | HV21: 0 VDC | HW21: 1 | HZ21: 18 | IE21: =II4 | II21: =IF(AND(ID21:IH21),1,0) | IL21: 18 | IQ21: =IU20 | IU21: =IF(AND(IP21:IT21),1,0) | IX21: 18 | JC21: =JG20 | JG21: =IF(AND(JB21:JF21),1,0) | JI21: FADR1 | JJ21: =IF(OR('Mode Logic'!P18,'DATA TRANSFER'!DP178),1,0) | JN21: 18 | JS21: =JW20 | JW21: =IF(AND(JR21:JV21),1,0) | JZ21: 18 | KB21: DI SFC OFF | KE21: =KI20 | KF21: =KI19 | KI21: =IF(AND(KD21:KH21),1,0) | KK21: SMDR 2 | KL21: =IF(OR('DATA TRANSFER'!M12),1,0) | KP21: 18 | KQ21: X2 | KU21: =IF(OR(KY13,KY15,KY17,KY19),1,0) | KY21: =IF(AND(KT21:KX21),1,0) | LB21: 18 | LG21: =LK26 | LH21: =LK26 | LK21: =IF(AND(LF21:LJ21),1,0) | LN21: 1 | LQ21: =LQ20+1 | LR21: 18 | LW21: =MA20 | MA21: =IF(AND(LV21:LZ21),1,0) | MH21: 18 | MM21: =MQ17 | MQ21: =IF(AND(ML21:MP21),1,0) | MS21: DI RIO 2 PCB 9 (15)_I_FAD FORCED CLS | MT21: =IF(NOT('Mode Logic'!P18),1,0)
A22: 19 | F22: =J21 | J22: =IF(AND(E22:I22),1,0) | P22: 19 | U22: =Y9 | Y22: =IF(AND(T22:X22),1,0) | AA22: CONDESER MOTOR 1 (3A) Pa=2.5kW P.f=0.74 | AB22: ='DATA TRANSFER'!AT14 | AF22: 19 | AK22: =AO9 | AO22: =IF(AND(AJ22:AN22),1,0) | AS22: 19 | AU22: SMDRB | AW22: =BE8 | AX22: =BB21 | BB22: =IF(AND(AW22:BA22),1,0) | BI22: 19 | BN22: =BR21 | BR22: =IF(AND(BM22:BQ22),1,0) | BX22: 19 | CC22: =CG21 | CG22: =IF(AND(CB22:CF22),1,0) | CI22: 19 | CN22: =CR20 | CR22: =IF(AND(CM22:CQ22),1,0) | DK22: 19 | DM22: FAN1 P-60W | DP22: =DW11 | DQ22: =DT21 | DT22: =IF(AND(DO22:DS22),1,0) | DV22: CACS | DW22: =IF(OR('DATA TRANSFER'!DP135=3),1,0) | DZ22: 19 | EB22: 0VDC | EE22: 1 | EI22: =IF(AND(ED22:EH22),1,0) | EO22: 19 | EQ22: SFC OFF -110VDC | ET22: =FA9 | EX22: =IF(AND(ES22:EW22),1,0) | FE22: 19 | FG22: SFC OFF -110VDC | FJ22: =FA9 | FN22: =IF(AND(FI22:FM22),1,0) | FP22: SAFC1 | FQ22: ='DATA TRANSFER'!DP147 | FT22: 19 | FY22: =GC21 | GC22: =IF(AND(FX22:GB22),1,0) | GF22: 19 | GK22: =GO21 | GO22: =IF(AND(GJ22:GN22),1,0) | GU22: 19 | GZ22: 1 | HD22: =IF(AND(GY22:HC22),1,0) | HK22: 19 | HP22: =HT12 | HT22: =IF(AND(HO22:HS22),1,0) | HV22: RAD OPEN | HW22: ='Mode Logic'!Q18 | HZ22: 19 | IE22: ='LFD New'!D2 | II22: =IF(AND(ID22:IH22),1,0) | IL22: 19 | IQ22: =IU21 | IU22: =IF(AND(IP22:IT22),1,0) | IX22: 19 | JC22: =JG21 | JG22: =IF(AND(JB22:JF22),1,0) | JI22: FADR2 | JJ22: =IF(OR('Mode Logic'!P18,'DATA TRANSFER'!DP179),1,0) | JN22: 19 | JP22: SFC OFF | JS22: =JJ20 | JT22: =JW21 | JW22: =IF(AND(JR22:JV22),1,0) | JZ22: 19 | KB22: 24 V DC | KE22: =KL6 | KI22: =IF(AND(KD22:KH22),1,0) | KK22: FADR | KL22: 1 | KP22: 19 | KR22: CONTROL PANEL | KU22: =KY20 | KV22: =KY21 | KY22: =IF(AND(KT22:KX22),1,0) | LB22: 19 | LG22: =LK21 | LK22: =IF(AND(LF22:LJ22),1,0) | LM22: CONDESER MOTOR 1 (3A) Pa=2.5kW P.f=0.74 | LN22: ='DATA TRANSFER'!AT14 | LQ22: =LQ21+1 | LR22: 19 | LW22: =MA21 | MA22: =IF(AND(LV22:LZ22),1,0) | MH22: 19 | MJ22: SMDRB | MM22: =MT24 | MN22: =MQ21 | MO22: =MQ17 | MQ22: =IF(AND(ML22:MP22),1,0) | MS22: DI RIO 1 PCB 9 (15)_I_FAD FORCED CLS | MT22: =IF(NOT('Mode Logic'!P18),1,0)
A23: 20 | C23: HFAN1 3A | F23: =M9 | G23: =J22 | J23: =IF(AND(E23:I23),1,0) | P23: 20 | U23: =Y18 | V23: =Y22 | Y23: =IF(AND(T23:X23),1,0) | AA23: CONDESER MOTOR 2 (3A) Pa=2.5kW P.f=0.75 | AB23: ='DATA TRANSFER'!AT22 | AF23: 20 | AK23: =AO18 | AL23: =AO22 | AO23: =IF(AND(AJ23:AN23),1,0) | AS23: 20 | AW23: =BB22 | BB23: =IF(AND(AW23:BA23),1,0) | BI23: 20 | BN23: =BR22 | BR23: =IF(AND(BM23:BQ23),1,0) | BX23: 20 | CC23: =CG22 | CG23: =IF(AND(CB23:CF23),1,0) | CI23: 20 | CN23: =CR22 | CR23: =IF(AND(CM23:CQ23),1,0) | DK23: 20 | DP23: =DT22 | DT23: =IF(AND(DO23:DS23),1,0) | DZ23: 20 | EE23: =EI22 | EI23: =IF(AND(ED23:EH23),1,0) | EO23: 20 | ET23: =EX22 | EX23: =IF(AND(ES23:EW23),1,0) | FE23: 20 | FJ23: =FN22 | FN23: =IF(AND(FI23:FM23),1,0) | FT23: 20 | FV23: SFC-OFF 110VDC | FY23: =FQ9 | GC23: =IF(AND(FX23:GB23),1,0) | GF23: 20 | GH23: SFC OFF | GK23: =GR15 | GL23: =GO22 | GO23: =IF(AND(GJ23:GN23),1,0) | GU23: 20 | GZ23: =HD22 | HD23: =IF(AND(GY23:HC23),1,0) | HK23: 20 | HP23: =HT7 | HT23: =IF(AND(HO23:HS23),1,0) | HV23: RAD CLOSED | HW23: =IF(NOT(HW22),1,0) | HZ23: 20 | IB23: PPR2 | IE23: =HW15 | IF23: =II22 | II23: =IF(AND(ID23:IH23),1,0) | IL23: 20 | IQ23: =IU22 | IU23: =IF(AND(IP23:IT23),1,0) | IX23: 20 | IZ23: 0 V DC | JC23: 1 | JG23: =IF(AND(JB23:JF23),1,0) | JI23: FADR6 | JJ23: ='Mode Logic'!P18 | JN23: 20 | JS23: =JW22 | JW23: =IF(AND(JR23:JV23),1,0) | JZ23: 20 | KE23: =KL10 | KF23: =KI22 | KI23: =IF(AND(KD23:KH23),1,0) | KK23: SFC OFF | KL23: =IF(OR('Mode Logic'!V18:W18),1,0) | KP23: 20 | KQ23: X5 | KU23: =IF(AND(KY26,KY28,KY24),1,0) | KY23: =IF(AND(KT23:KX23),1,0) | LB23: 20 | LG23: =LK9 | LK23: =IF(AND(LF23:LJ23),1,0) | LM23: CONDESER MOTOR 2 (3A) Pa=2.5kW P.f=0.75 | LN23: ='DATA TRANSFER'!AT22 | LQ23: =LQ22+1 | LR23: 20 | LW23: =MA22 | MA23: =IF(AND(LV23:LZ23),1,0) | MH23: 20 | MJ23: DI RIO 2 PCB 9(15)_I_FADFORCED CIS | MM23: =MQ22 | MN23: =MQ22 | MQ23: =IF(AND(ML23:MP23),1,0) | MS23: SMDR 2 | MT23: =IF(OR('DATA TRANSFER'!M10=1,'DATA TRANSFER'!M12=1,'DATA TRANSFER'!DP174=1),1,0)
A24: 21 | F24: =J23 | J24: =IF(AND(E24:I24),1,0) | P24: 21 | U24: =Y20 | V24: =Y23 | Y24: =IF(AND(T24:X24),1,0) | AA24: CDFB 4,63A | AB24: ='DATA TRANSFER'!DP156 | AF24: 21 | AK24: =AO20 | AO24: =IF(AND(AJ24:AN24),1,0) | AS24: 21 | AW24: =BB23 | BB24: =IF(AND(AW24:BA24),1,0) | BI24: 21 | BN24: =BR23 | BR24: =IF(AND(BM24:BQ24),1,0) | BX24: 21 | CC24: =CG23 | CG24: =IF(AND(CB24:CF24),1,0) | CI24: 21 | CN24: =CR22 | CR24: =IF(AND(CM24:CQ24),1,0) | DK24: 21 | DP24: =DT14 | DT24: =IF(AND(DO24:DS24),1,0) | DZ24: 21 | EB24: SMRR | EE24: =EL9 | EI24: =IF(AND(ED24:EH24),1,0) | EO24: 21 | ET24: =EX23 | EX24: =IF(AND(ES24:EW24),1,0) | FE24: 21 | FJ24: =FN23 | FN24: =IF(AND(FI24:FM24),1,0) | FT24: 21 | FY24: =GC23 | GC24: =IF(AND(FX24:GB24),1,0) | GF24: 21 | GK24: =GO23 | GO24: =IF(AND(GJ24:GN24),1,0) | GU24: 21 | GZ24: =HD23 | HD24: =IF(AND(GY24:HC24),1,0) | HK24: 21 | HM24: APS1 | HP24: =HW6 | HT24: =IF(AND(HO24:HS24),1,0) | HZ24: 21 | IE24: =II23 | II24: =IF(AND(ID24:IH24),1,0) | IL24: 21 | IN24: 0VDC | IQ24: 1 | IU24: =IF(AND(IP24:IT24),1,0) | IX24: 21 | JC24: =JG23 | JG24: =IF(AND(JB24:JF24),1,0) | JN24: 21 | JP24: FADR1 | JS24: =JJ21 | JT24: =JW23 | JW24: =IF(AND(JR24:JV24),1,0) | JZ24: 21 | KE24: =KI23 | KI24: =IF(AND(KD24:KH24),1,0) | KK24: RS 485 | KP24: 21 | KU24: =KY25 | KY24: =IF(AND(KT24:KX24),1,0) | LB24: 21 | LD24: SAFB2 | LG24: =LN5 | LH24: =LK23 | LI24: =LK19 | LJ24: =LK15 | LK24: =IF(AND(LF24:LJ24),1,0) | LM24: CDFB 4,63A | LN24: =IF(OR('DATA TRANSFER'!DP156,LN22:LN23),1,0) | LQ24: =LQ23+1 | LR24: 21 | LW24: =MA23 | MA24: =IF(AND(LV24:LZ24),1,0) | MH24: 21 | MM24: =MT22 | MN24: =MQ22 | MQ24: =IF(AND(ML24:MP24),1,0) | MS24: SMDRB _close | MT24: =IF('DATA TRANSFER'!DP127=2,1,0)
A25: 22 | F25: =J24 | J25: =IF(AND(E25:I25),1,0) | P25: 22 | U25: =Y12 | Y25: =IF(AND(T25:X25),1,0) | AA25: CDFC 9A | AB25: ='DATA TRANSFER'!DP157 | AF25: 22 | AK25: =AO12 | AO25: =IF(AND(AJ25:AN25),1,0) | AS25: 22 | AW25: =BB13 | BB25: =IF(AND(AW25:BA25),1,0) | BI25: 22 | BN25: =BU17 | BR25: =IF(AND(BM25:BQ25),1,0) | BX25: 22 | CC25: =BU17 | CG25: =IF(AND(CB25:CF25),1,0) | CI25: 22 | CN25: =CR24 | CR25: =IF(AND(CM25:CQ25),1,0) | DK25: 22 | DP25: =DT24 | DT25: =IF(AND(DO25:DS25),1,0) | DZ25: 22 | EE25: =EI24 | EI25: =IF(AND(ED25:EH25),1,0) | EO25: 22 | EQ25: SFC OFF | ET25: =FA16 | EU25: =EX24 | EX25: =IF(AND(ES25:EW25),1,0) | FE25: 22 | FG25: SFC OFF | FJ25: =FA16 | FK25: =FN24 | FN25: =IF(AND(FI25:FM25),1,0) | FT25: 22 | FY25: =GC24 | GC25: =IF(AND(FX25:GB25),1,0) | GF25: 22 | GH25: FADR1 | GK25: =GR9 | GL25: =GO24 | GO25: =IF(AND(GJ25:GN25),1,0) | GU25: 22 | GZ25: =HD24 | HD25: =IF(AND(GY25:HC25),1,0) | HK25: 22 | HP25: =HT24 | HT25: =IF(AND(HO25:HS25),1,0) | HZ25: 22 | IE25: =II24 | II25: =IF(AND(ID25:IH25),1,0) | IL25: 22 | IQ25: =IU24 | IU25: =IF(AND(IP25:IT25),1,0) | IX25: 22 | IZ25: 24 V DC | JC25: ='LFD New'!D2 | JG25: =IF(AND(JB25:JF25),1,0) | JN25: 22 | JS25: =JW24 | JW25: =IF(AND(JR25:JV25),1,0) | JZ25: 22 | KB25: DI SAF 1 & 2 | KE25: =KI24 | KF25: =KI23 | KI25: =IF(AND(KD25:KH25),1,0) | KP25: 22 | KQ25: X5 | KR25: RS 485 | KU25: 1 | KY25: =IF(AND(KT25:KX25),1,0) | LB25: 22 | LG25: =LK24 | LK25: =IF(AND(LF25:LJ25),1,0) | LM25: CDFC 9A | LN25: ='DATA TRANSFER'!DP157 | LQ25: =LQ24+1 | LR25: 22 | LW25: =MA24 | MA25: =IF(AND(LV25:LZ25),1,0) | MH25: 22 | MM25: =MQ18 | MQ25: =IF(AND(ML25:MP25),1,0)
A26: 23 | F26: =J25 | J26: =IF(AND(E26:I26),1,0) | P26: 23 | U26: =Y18 | V26: =Y25 | Y26: =IF(AND(T26:X26),1,0) | AA26: SAFB1 9.5A | AB26: ='DATA TRANSFER'!DP158 | AF26: 23 | AK26: =AO18 | AO26: =IF(AND(AJ26:AN26),1,0) | AS26: 23 | AU26: SMDRB OPEN FAD ND AUTO FAD | AW26: =BE8 | AX26: =BB25 | AY26: =BE9 | BB26: =IF(AND(AW26:BA26),1,0) | BI26: 23 | BN26: =BR25 | BR26: =IF(AND(BM26:BQ26),1,0) | BX26: 23 | CC26: =CG25 | CG26: =IF(AND(CB26:CF26),1,0) | CI26: 23 | CJ26: UD .X63.22-F 1 +63.20 | CN26: =CR25 | CR26: =IF(AND(CM26:CQ26),1,0) | DK26: 23 | DP26: =DT16 | DQ26: =DT25 | DT26: =IF(AND(DO26:DS26),1,0) | DZ26: 23 | EB26: ='DATA TRANSFER'!DP203 | EE26: =EL10 | EI26: =IF(AND(ED26:EH26),1,0) | EO26: 23 | ET26: =EX25 | EX26: =IF(AND(ES26:EW26),1,0) | FE26: 23 | FJ26: =FN25 | FN26: =IF(AND(FI26:FM26),1,0) | FT26: 23 | FV26: SFC OFF | FY26: =FQ16 | GC26: =IF(AND(FX26:GB26),1,0) | GF26: 23 | GK26: =GO64 | GO26: =IF(AND(GJ26:GN26),1,0) | GU26: 23 | GZ26: =HD51 | HD26: =IF(AND(GY26:HC26),1,0) | HK26: 23 | HP26: =HT25 | HT26: =IF(AND(HO26:HS26),1,0) | HZ26: 23 | IB26: 24 V DC | IE26: ='LFD New'!D2 | II26: =IF(AND(ID26:IH26),1,0) | IL26: 23 | IQ26: =IU25 | IU26: =IF(AND(IP26:IT26),1,0) | IX26: 23 | IZ26: 1 | JC26: =JG25 | JG26: =IF(AND(JB26:JF26),1,0) | JN26: 23 | JS26: =JW24 | JW26: =IF(AND(JR26:JV26),1,0) | KP26: 23 | KU26: =KY27 | KY26: =IF(AND(KT26:KX26),1,0) | LB26: 23 | LD26: SAFC2 | LG26: =LN6 | LH26: =LK25 | LJ26: =LK16 | LK26: =IF(AND(LF26:LJ26),1,0) | LM26: SAFB1 9.5A | LN26: ='DATA TRANSFER'!DP146 | LQ26: =LQ25+1 | LR26: 23 | LW26: =MA25 | MA26: =IF(AND(LV26:LZ26),1,0) | MH26: 23 | MJ26: SMDRB | MM26: =IF(OR(MT12,MT11),1,0) | MQ26: =IF(AND(ML26:MP26),1,0)
A27: 24 | B27: =IF(OR('Mode Logic'!V18:W18),1,0) | F27: =J26 | J27: =IF(AND(E27:I27),1,0) | P27: 24 | U27: =Y20 | V27: =Y26 | Y27: =IF(AND(T27:X27),1,0) | AA27: SAFC1 12A | AB27: ='DATA TRANSFER'!DP159 | AF27: 24 | AK27: =AO20 | AO27: =IF(AND(AJ27:AN27),1,0) | AS27: 24 | AW27: =BB26 | BB27: =IF(AND(AW27:BA27),1,0) | BI27: 24 | BN27: =BR26 | BR27: =IF(AND(BM27:BQ27),1,0) | BX27: 24 | CC27: =CG26 | CG27: =IF(AND(CB27:CF27),1,0) | CI27: 24 | CN27: =CR26 | CR27: =IF(AND(CM27:CQ27),1,0) | DK27: 24 | DL27: LAF12(14.20) | DM27: HFAN2 | DP27: =DW12 | DQ27: =DT26 | DT27: =IF(AND(DO27:DS27),1,0) | DZ27: 24 | EE27: =EI26 | EI27: =IF(AND(ED27:EH27),1,0) | EO27: 24 | ET27: 1 | EX27: =IF(AND(ES27:EW27),1,0) | FE27: 24 | FJ27: 1 | FN27: =IF(AND(FI27:FM27),1,0) | FT27: 24 | FY27: =GC26 | GC27: =IF(AND(FX27:GB27),1,0) | GF27: 24 | GK27: =GO25 | GO27: =IF(AND(GJ27:GN27),1,0) | GU27: 24 | GZ27: =HD26 | HD27: =IF(AND(GY27:HC27),1,0) | HK27: 24 | HM27: MPCB 2 | HP27: =HW9 | HQ27: 0 | HT27: =IF(AND(HO27:HS27),1,0) | HZ27: 24 | IB27: PPR1 | IE27: =HW14 | IF27: =II26 | II27: =IF(AND(ID27:IH27),1,0) | IL27: 24 | IQ27: =IU26 | IU27: =IF(AND(IP27:IT27),1,0) | IX27: 24 | IZ27: OPENING OF FAD AS PER AW LEVEL (A0) | JC27: =JG26 | JD27: =JG30 | JG27: =IF(AND(JB27:JF27),1,0) | JN27: 24 | JS27: =JW20 | JW27: =IF(AND(JR27:JV27),1,0) | KP27: 24 | KQ27: X5 | KR27: RS 485 | KU27: 1 | KY27: =IF(AND(KT27:KX27),1,0) | LB27: 24 | LG27: =LK26 | LK27: =IF(AND(LF27:LJ27),1,0) | LM27: SAFC1 12A | LN27: ='DATA TRANSFER'!DP147 | LQ27: =LQ26+1 | LR27: 24 | LW27: =MA26 | MA27: =IF(AND(LV27:LZ27),1,0) | MH27: 24 | MM27: =MQ26 | MQ27: =IF(AND(ML27:MP27),1,0)
A28: 25 | F28: =J27 | J28: =IF(AND(E28:I28),1,0) | P28: 25 | R28: SUPPLY AIR FAN 1 Pa=1.25kW P.f=0.75 | U28: =AB15 | V28: =Y21 | W28: =Y24 | X28: =Y27 | Y28: =IF(AND(T28:X28),1,0) | AA28: EMR DRIVE | AB28: ='DATA TRANSFER'!DP158 | AF28: 25 | AH28: SUPPLY AIR FAN 1 Pa=1.25kW P.f=0.75 | AK28: =AB15 | AL28: =AO21 | AM28: =AO24 | AN28: =AO27 | AO28: =IF(AND(AJ28:AN28),1,0) | AS28: 25 | AW28: =BB27 | BB28: =IF(AND(AW28:BA28),1,0) | BI28: 25 | BN28: =BR27 | BR28: =IF(AND(BM28:BQ28),1,0) | BX28: 25 | CC28: =CG27 | CG28: =IF(AND(CB28:CF28),1,0) | CI28: 25 | CN28: =CR27 | CR28: =IF(AND(CM28:CQ28),1,0) | DK28: 25 | DP28: =DT27 | DT28: =IF(AND(DO28:DS28),1,0) | DZ28: 25 | EB28: SMDR2 | EE28: =EL11 | EI28: =IF(AND(ED28:EH28),1,0) | EO28: 25 | ET28: =EX27 | EX28: =IF(AND(ES28:EW28),1,0) | FE28: 25 | FJ28: =FN27 | FN28: =IF(AND(FI28:FM28),1,0) | FT28: 25 | FY28: 1 | GC28: =IF(AND(FX28:GB28),1,0) | GF28: 25 | GK28: =GO20 | GO28: =IF(AND(GJ28:GN28),1,0) | GU28: 25 | GZ28: =HD27 | HD28: =IF(AND(GY28:HC28),1,0) | HK28: 25 | HP28: =HT27 | HT28: =IF(AND(HO28:HS28),1,0) | HZ28: 25 | IE28: =II27 | II28: =IF(AND(ID28:IH28),1,0) | IL28: 25 | IQ28: =IU27 | IU28: =IF(AND(IP28:IT28),1,0) | IX28: 25 | JC28: ='Mode Logic'!P18 | JG28: =IF(AND(JB28:JF28),1,0) | JN28: 25 | JP28: SFC OFF | JS28: =JJ20 | JT28: =JW27 | JW28: =IF(AND(JR28:JV28),1,0) | KP28: 25 | KU28: =KY29 | KY28: =IF(AND(KT28:KX28),1,0) | LB28: 25 | LG28: =LK27 | LK28: =IF(AND(LF28:LJ28),1,0) | LM28: EMR DRIVE | LN28: 1 | LQ28: =LQ27+1 | LR28: 25 | LW28: =MA27 | MA28: =IF(AND(LV28:LZ28),1,0) | MH28: 25 | MJ28: SMDR | MM28: =MT23 | MQ28: =IF(AND(ML28:MP28),1,0)
A29: 26 | F29: =J28 | J29: =IF(AND(E29:I29),1,0) | P29: 26 | U29: =Y28 | Y29: =IF(AND(T29:X29),1,0) | AA29: HTRB 13.2A | AB29: ='DATA TRANSFER'!DP159 | AF29: 26 | AK29: =AO28 | AL29: =AO30 | AM29: =AO31 | AO29: =IF(AND(AJ29:AN29),1,0) | AS29: 26 | AW29: =BB28 | BB29: =IF(AND(AW29:BA29),1,0) | BI29: 26 | BN29: =BR28 | BR29: =IF(AND(BM29:BQ29),1,0) | BX29: 26 | CC29: =CG28 | CG29: =IF(AND(CB29:CF29),1,0) | CI29: 26 | CJ29: UD .X63.22-F 1 +63.20 | CN29: =CR28 | CR29: =IF(AND(CM29:CQ29),1,0) | DK29: 26 | DP29: =DT27 | DQ29: =DT28 | DT29: =IF(AND(DO29:DS29),1,0) | DZ29: 26 | EE29: =EI28 | EI29: =IF(AND(ED29:EH29),1,0) | EO29: 26 | EQ29: 24V HEC | ET29: =FA19 | EX29: =IF(AND(ES29:EW29),1,0) | FE29: 26 | FJ29: 1 | FN29: =IF(AND(FI29:FM29),1,0) | FT29: 26 | FY29: =GC28 | GC29: =IF(AND(FX29:GB29),1,0) | GF29: 26 | GK29: =GO28 | GO29: =IF(AND(GJ29:GN29),1,0) | GU29: 26 | GZ29: =HD28 | HD29: =IF(AND(GY29:HC29),1,0) | HK29: 26 | HP29: =HT28 | HT29: =IF(AND(HO29:HS29),1,0) | HZ29: 26 | IB29: PPR2 | IE29: =HW15 | IF29: =II28 | II29: =IF(AND(ID29:IH29),1,0) | IL29: 26 | IQ29: =IU28 | IU29: =IF(AND(IP29:IT29),1,0) | IX29: 26 | JC29: =JG28 | JD29: =JG30 | JG29: =IF(AND(JB29:JF29),1,0) | JN29: 26 | JS29: =JW28 | JW29: =IF(AND(JR29:JV29),1,0) | KP29: 26 | KQ29: X5 | KR29: GND | KU29: 1 | KY29: =IF(AND(KT29:KX29),1,0) | LB29: 26 | LD29: SUPPLY AIR FAN 1 PA = 1.25 KW ,P.F = 0.75 | LG29: =LN15 | LH29: =LK18 | LI29: =LK23 | LJ29: =LK28 | LK29: =IF(AND(LF29:LJ29),1,0) | LM29: HTRB 13.2A | LN29: ='DATA TRANSFER'!DP159 | LQ29: =LQ28+1 | LW29: =MA28 | MA29: =IF(AND(LV29:LZ29),1,0) | MH29: 26 | MM29: =MQ28 | MQ29: =IF(AND(ML29:MP29),1,0)
A30: 27 | C30: ='DATA TRANSFER'!DP175 | F30: =M9 | G30: =J29 | J30: =IF(AND(E30:I30),1,0) | O30: =IF(OR('Mode Logic'!V18:W18),1,0) | P30: 27 | U30: =Y28 | Y30: =IF(AND(T30:X30),1,0) | AA30: HTRC1 9A | AB30: ='DATA TRANSFER'!DP160 | AF30: 27 | AK30: =AO28 | AO30: =IF(AND(AJ30:AN30),1,0) | AS30: 27 | AW30: =BB13 | BB30: =IF(AND(AW30:BA30),1,0) | BI30: 27 | BN30: =BR29 | BR30: =IF(AND(BM30:BQ30),1,0) | BX30: 27 | CC30: =CG29 | CG30: =IF(AND(CB30:CF30),1,0) | CI30: 27 | CN30: =CR29 | CR30: =IF(AND(CM30:CQ30),1,0) | DK30: 27 | DM30: FAN1 P-60W | DP30: =DW11 | DQ30: =DT29 | DT30: =IF(AND(DO30:DS30),1,0) | DZ30: 27 | EB30: FADR | EE30: =EL12 | EI30: =IF(AND(ED30:EH30),1,0) | EO30: 27 | ET30: =EX29 | EX30: =IF(AND(ES30:EW30),1,0) | FE30: 27 | FJ30: =FN29 | FN30: =IF(AND(FI30:FM30),1,0) | FT30: 27 | FY30: 1 | GC30: =IF(AND(FX30:GB30),1,0) | GF30: 27 | GK30: =GO29 | GO30: =IF(AND(GJ30:GN30),1,0) | GU30: 27 | GZ30: =IF(OR(HD29,HD48),1,0) | HD30: =IF(AND(GY30:HC30),1,0) | HK30: 27 | HP30: =HT29 | HT30: =IF(AND(HO30:HS30),1,0) | HZ30: 27 | IE30: =II29 | II30: =IF(AND(ID30:IH30),1,0) | IL30: 27 | IQ30: =IF(AND(IU29,IU23),1,0) | IU30: =IF(AND(IP30:IT30),1,0) | IX30: 27 | IZ30: EMR | JC30: =JJ13 | JG30: =IF(OR(JB30:JF30),1,0) | JN30: 27 | JP30: FADR2 | JS30: =JJ22 | JT30: =JW29 | JW30: =IF(AND(JR30:JV30),1,0) | KP30: 27 | KQ30: X4 | KU30: =IF(AND(KY31,KY33,KY35,KY37),1,0) | KY30: =IF(AND(KT30:KX30),1,0) | LB30: 27 | LG30: =LK29 | LK30: =IF(AND(LF30:LJ30),1,0) | LM30: HTRC1 9A | LN30: ='DATA TRANSFER'!DP160 | LQ30: =LQ29+1 | LW30: =MA29 | MA30: =IF(AND(LV30:LZ30),1,0) | MH30: 27 | MM30: 1 | MQ30: =IF(AND(ML30:MP30),1,0)
A31: 28 | F31: =J30 | J31: =IF(AND(E31:I31),1,0) | P31: 28 | R31: GROUND | U31: 1 | Y31: =IF(AND(T31:X31),1,0) | AA31: HTRC2 9A | AB31: ='DATA TRANSFER'!DP161 | AF31: 28 | AK31: =AO28 | AO31: =IF(AND(AJ31:AN31),1,0) | AS31: 28 | AU31: SMDRB | AW31: =BE8 | AX31: =BB30 | BB31: =IF(AND(AW31:BA31),1,0) | BI31: 28 | BN31: =BR30 | BR31: =IF(AND(BM31:BQ31),1,0) | BX31: 28 | CC31: =CG30 | CG31: =IF(AND(CB31:CF31),1,0) | CI31: 28 | CN31: =CR30 | CR31: =IF(AND(CM31:CQ31),1,0) | DK31: 28 | DL31: ='DATA TRANSFER'!DP172 | DP31: =DT30 | DT31: =IF(AND(DO31:DS31),1,0) | DZ31: 28 | EE31: =EI30 | EI31: =IF(AND(ED31:EH31),1,0) | EO31: 28 | ET31: =EX30 | EX31: =IF(AND(ES31:EW31),1,0) | FE31: 28 | FJ31: =FN30 | FN31: =IF(AND(FI31:FM31),1,0) | FT31: 28 | FY31: =GC30 | GC31: =IF(AND(FX31:GB31),1,0) | GF31: 28 | GH31: SFC OFF | GK31: =GR15 | GL31: =GO30 | GO31: =IF(AND(GJ31:GN31),1,0) | GU31: 28 | GZ31: =HD30 | HD31: =IF(AND(GY31:HC31),1,0) | HK31: 28 | HP31: =HT30 | HT31: =IF(AND(HO31:HS31),1,0) | HZ31: 28 | IB31: TMR1 | IE31: =HW16 | IF31: =II30 | II31: =IF(AND(ID31:IH31),1,0) | IL31: 28 | IN31: RAD/S3 | IQ31: ='Mode Logic'!Q18 | IU31: =IF(AND(IP31:IT31),1,0) | IX31: 28 | JC31: =JG30 | JG31: =IF(AND(JB31:JF31),1,0) | JN31: 28 | JS31: =JW30 | JW31: =IF(AND(JR31:JV31),1,0) | KP31: 28 | KU31: =KY32 | KY31: =IF(AND(KT31:KX31),1,0) | LB31: 28 | LG31: =LK30 | LK31: =IF(AND(LF31:LJ31),1,0) | LM31: HTRC2 9A | LN31: ='DATA TRANSFER'!DP161 | LQ31: =LQ30+1 | LR31: 26 | LW31: =MA30 | MA31: =IF(AND(LV31:LZ31),1,0) | MH31: 28 | MJ31: FADR | MM31: =MT13 | MQ31: =IF(AND(ML31:MP31),1,0)
