Workbook
Name a1j: [1]HVac_SimulationStatus!$AJ$302

Sheet DATA TRANSFER
D2: 0
A3: GUI Screen (CPU_WS-CPU_CAB/PTT)
J6: =IF('Mode Logic'!C18>'Mode Logic'!G5,1,0)
G7: ='CIRCUIT SIM'!J4
A8: HVAC-Control Panel Screen | S8: HVAC- Operating Mode Screen | AH8: HVAC-: 2D Schematic Screen | BE8: Ethernet Architecture Screen | BV8: Representative Operational Graph | DK8: GUI Driver Panel
A9: SR NO | B9: Component_ID | C9: INPUT | D9: ='LFD New'!D2 | E9: Source | F9: Value | G9: Remark | H9: SR NO | I9: Component_ID | J9: OUTPUT | K9: Data Type | L9: Source | M9: Value | N9: Remark | Q9: =IF('Mode Logic'!P18=1,5,0) | S9: SR NO | T9: Component_ID | U9: INPUT | V9: Data Type | W9: Source | X9: Value | Y9: Remark | Z9: SR NO | AA9: Component_ID | AB9: OUTPUT | AC9: Data Type | AD9: Source | AE9: Value | AF9: Remark | AH9: SR NO | AI9: Component_ID | AJ9: INPUT | AK9: Data Type | AL9: Source | AM9: Value | AN9: Remark | AO9: SR NO | AP9: Component_ID | AQ9: OUTPUT | AR9: Data Type | AS9: Source | AT9: Value | AU9: Remark | BE9: SR NO | BF9: Component_ID | BG9: INPUT | BH9: Data Type | BI9: Source | BJ9: Value | BK9: Remark | BL9: SR NO | BM9: Component_ID | BN9: OUTPUT | BO9: Data Type | BP9: Source | BQ9: Value | BR9: Remark | BV9: SR NO | BW9: Component_ID | BX9: INPUT | BY9: Data Type | BZ9: Source | CA9: Value | CB9: Remark | CC9: SR NO | CD9: Component_ID | CE9: OUTPUT | CF9: Data Type | CG9: Source | CH9: Value | CI9: Remark | CK9: SR NO | CL9: Component_ID | CM9: INPUT | CN9: Data Type | CO9: Source | CP9: Value | CQ9: Remark | CU9: SR NO | CV9: Component_ID | CW9: OUTPUT | CX9: Data Type | CY9: Source | CZ9: Value | DA9: Remark | DK9: SR NO | DL9: Description | DM9: INPUT | DN9: Data Type | DO9: Source | DP9: Value | DQ9: Remark
A10: 1 | B10: HVAC1_CBF_1 | C10: Cab Booster Fan | D10: Boolean | F10: 0 | H10: 18 | I10: HVAC1_ISA_ON_1 | J10: Internal Smoke Alarm ON | K10: Boolean | L10: HVAC I/Os_DO | M10: =F28 | U10: Spare | X10: 0 | Z10: 1 | AA10: HVAC1_AMB_TEMP_1 | AB10: Ambient Temperature | AC10: Float | AE10: =F39 | AM10: 0 | AO10: 1 | AP10: HVAC1_ACCESS_VALVE_1 | AQ10: Access Valve_1 | AR10: Boolean | AT10: 1 | BJ10: 0 | BL10: 1 | BM10: TCMS_CN1 | BN10: TCMS(CN1) | BO10: Boolean | BQ10: 1 | CA10: 0 | CC10: 1 | CD10: AVG_TEMPERATURE_C_ | CE10: Average Temperature[°C](Y axis) | CF10: Float | CH10: =Calculation!B34 | CI10: =Calculation!B34 | CM10: Fault information (Text 48–55) | DE10: Reduced Mode | DK10: 1 | DL10: Key Switch On | DN10: 0/1 | DO10: GUI | DP10: 1
A11: 2 | B11: HVAC1_PWR_DS3D_1 | C11: Power DS3D | D11: Boolean | F11: 0 | H11: 19 | I11: HVAC1_ISA_OFF_1 | J11: =IF('Mode Logic'!P18=1,100,0) | K11: Boolean | L11: HVAC I/Os_DO | M11: =IF(NOT(M10),1,0) | U11: Spare | X11: 0 | Z11: 2 | AA11: HVAC1_RET_AIR_TEMP_1 | AB11: Return Air Temperature | AC11: Float | AE11: =Calculation!B36 | AM11: 0 | AO11: 2 | AP11: HVAC1_DRIER_FILTER_1 | AQ11: Drier Filter_1 | AR11: Boolean | AT11: 1 | BJ11: 0 | BL11: 2 | BM11: TCMS_CN2 | BN11: TCMS(CN2) | BO11: Boolean | BQ11: 0 | CA11: 0 | CC11: 2 | CD11: HOUR_OF_DAY | CE11: Set Point Temperature | CF11: Float | CH11: =Calculation!B33 | CM11: HighPressureSwitch1 (Text 49, Bit 0) | DE11: Emergency Vent Mode | DK11: =DK10+1 | DL11: Off | DN11: 0/1 | DO11: GUI | DP11: 0
A12: 3 | B12: HVAC1_DOP_1 | C12: Door Operation- OPEN + Close | D12: Boolean | F12: 1 | H12: 20 | I12: HVAC1_ESA_ON_1 | J12: Extenal Smoke Alarm ON | K12: Boolean | L12: HVAC I/Os_DO | M12: =F29 | U12: Spare | X12: 0 | Z12: 3 | AA12: HVAC1_REL_HUM_1 | AB12: Relative Humidity | AC12: Float | AE12: =F43 | AM12: 0 | AO12: 3 | AP12: HVAC1_CONDENSER_COIL_1 | AQ12: Condenser Coil_1 | AR12: Boolean | AT12: 1 | BJ12: 0 | BL12: 3 | BM12: HVAC1 | BN12: HVAC1 | BO12: Boolean | BQ12: 1 | CA12: 0 | CE12: New RAT | CH12: =Calculation!B35 | CM12: LowPressureSwitch1 (Text 49, Bit 1) | DE12: Open door | DK12: =DK11+1 | DL12: Rev | DN12: 0/1 | DO12: GUI | DP12: 0
A13: 5 | B13: HVAC1_RAT_ST_1 | C13: RAT START | D13: Boolean | F13: 0 | H13: 21 | I13: HVAC1_ESA_OFF_1 | J13: Extenal Smoke Alarm OFF | K13: Boolean | L13: HVAC I/Os_DO | M13: =IF(NOT(M12),1,0) | U13: Spare | X13: 0 | Z13: 4 | AA13: HVAC1_FRESH_AIR_DAMP_1 | AB13: Fresh Air Damper | AC13: Float | AE13: =IF('Mode Logic'!P18=1,100,0) | AM13: 0 | AO13: 4 | AP13: HVAC1_CHECK_VALVE_1 | AQ13: Check Valves_1 | AR13: Boolean | AT13: 1 | BJ13: 0 | BL13: 4 | BM13: HVAC2 | BN13: HVAC2 | BO13: Boolean | BQ13: 1 | CA13: 0 | CE13: Initial RAT | CH13: =F38 | CM13: Car ID / HVAC Unit Identification | DE13: Read for RAT Loop | DF13: =Calculation!I51 | DG13: =Calculation!J51 | DH13: =Calculation!K51 | DK13: =DK12+1 | DL13: Standby | DN13: 0/1 | DO13: GUI | DP13: 0
A14: 6 | B14: HVAC1_SPT_INC_1 | C14: Set Point Tempaerature °C Increment(+) | D14: Float | H14: 22 | I14: HVAC1_RAD_ON_1 | J14: Return Air Damper ON | K14: Boolean | L14: HVAC I/Os_DO | M14: ='Mode Logic'!Q18 | U14: Spare | X14: 0 | Z14: 5 | AA14: HVAC_Set Point Temperature | AB14: Set Point Temperature | AC14: Float | AE14: =F37 | AM14: 1 | AO14: 5 | AP14: HVAC1_CONDENSER_FAN_1 | AQ14: Condenser Fan_1 | AR14: Boolean | AT14: ='Mode Logic'!S18 | BJ14: 0 | BQ14: 0 | CA14: 0 | CE14: Spare | CH14: 0 | CM14: HVAC SD: ON (Text 35, Bit 0) | DE14: Write for RAT Loop | DF14: 0 | DG14: 1 | DH14: 1 | DK14: =DK13+1 | DL14: Fwd | DN14: 0/1 | DO14: GUI | DP14: 0
A15: 7 | B15: ='LFD New'!D2 | C15: Set Point Tempaerature °C Decrement(-) | D15: Float | H15: 23 | I15: HVAC1_RAD_OFF_1 | J15: Return Air Damper OFF | K15: Boolean | L15: HVAC I/Os_DO | M15: =IF(NOT(M14),1,0) | U15: Spare | X15: 0 | Z15: 6 | AA15: HVAC1_SMOKE_OUTSIDE_1 | AB15: Smoke Outside | AC15: Boolean | AE15: =AE27 | AM15: 1 | AO15: 6 | AP15: HVAC1_COMPRESSOR_1 | AQ15: Compressors_1 | AR15: Boolean | AT15: ='Mode Logic'!L18 | BJ15: 0 | BQ15: 0 | CA15: 0 | CE15: Spare | CH15: 0 | CM15: Heater Thermostat 1 & 2 (Text 51, Bits 1–2) | DE15: RAT Loop ON | DF15: 1 | DG15: 1 | DH15: 1 | DK15: =DK14+1 | DL15: Atp | DN15: 0/1 | DO15: GUI | DP15: 1
A16: 8 | B16: HVAC1_RAT_INC_1 | C16: Return Air Tempaerature °C Increment(+) | D16: ='LFD New'!D18 | H16: 24 | I16: HVAC1_FAD_ON_1 | J16: Fresh Air Damper ON | K16: Boolean | L16: HVAC I/Os_DO | M16: ='Mode Logic'!P18 | U16: Spare | X16: 0 | Z16: 7 | AA16: HVAC1_FAULT_MODE_1 | AB16: Fault Mode | AC16: Boolean | AE16: 1 | AM16: 0 | AO16: 7 | AP16: HVAC1_LIQUID_LINE_SOLENOID_VALVE_1 | AQ16: Liquid Line Solenoid Valve_1 | AR16: Boolean | AT16: 1 | BJ16: 0 | BQ16: 0 | CA16: 0 | CE16: Spare | CH16: 0 | CM16: LowPressureSwitch2 (Text 49, Bit 3) | DK16: =DK15+1 | DL16: Ato | DN16: 0/1 | DO16: GUI | DP16: 0
A17: 9 | B17: HVAC1_RAT_DEC_1 | C17: Return Air Tempaerature °C Decrement(-) | D17: Float | H17: 25 | I17: HVAC1_FAD_OFF_1 | J17: Fresh Air Damper OFF | K17: Boolean | L17: HVAC I/Os_DO | M17: =IF(NOT(M16),1,0) | U17: =IF(OR('Mode Logic'!J3,'Mode Logic'!J4),1,0) | X17: 0 | Z17: 8 | AA17: =_xlfn.CONCAT("HVAC_",AB17) | AB17: Preconditioning: Preheating | AC17: Boolean | AE17: ='Mode Logic'!J3 | AM17: 0 | AO17: 8 | AP17: HVAC1_SIGHT_GLASS_1 | AQ17: Sight Glass_1 | AR17: Boolean | AT17: 1 | BJ17: 0 | BQ17: 0 | CA17: 0 | CE17: Spare | CH17: 0 | CM17: HighPressureSwitch2 (Text 49, Bit 2) | DK17: =DK16+1 | DL17: Mastercontroller in Braking | DN17: 0/1 | DO17: GUI
A18: 10 | B18: HVAC1_AMB_INC_1 | C18: ='Mode Logic'!J6 | D18: ='LFD New'!D20 | H18: 26 | I18: HVAC1_COMP_ST_ON_1 | J18: Compressor Status ON | K18: Boolean | M18: ='Mode Logic'!L18 | U18: Spare | X18: 0 | Z18: 9 | AA18: =_xlfn.CONCAT("HVAC_",AB18) | AB18: Preconditioning: Precooling | AC18: Boolean | AE18: ='Mode Logic'!J4 | AM18: 0 | AO18: 9 | AP18: HVAC1_ELECTRIC_HEATER_1 | AQ18: Electric Heater_1 | AR18: Boolean | AT18: ='Mode Logic'!R18 | BJ18: 0 | BQ18: 0 | CA18: 0 | CE18: Spare | CH18: 0 | CM18: SMDR (Smoke Detector Relay) (Text 56, Bit 0) | DK18: =DK17+1 | DL18: Mastercontroller in OFF | DN18: 0/1 | DO18: GUI
A19: 11 | B19: HVAC1_AMB_DEC_1 | C19: Ambient Tempaerature °C Decrement(-) | D19: Float | H19: 27 | I19: HVAC1_COMP_ST_OFF_1 | J19: Compressor Status OFF | K19: Boolean | M19: =IF(NOT(M18),1,0) | T19: ='Mode Logic'!S18 | U19: Spare | X19: 0 | Z19: 10 | AA19: =_xlfn.CONCAT("HVAC_",AB19) | AB19: Standard Automatic Cooling State 1 (Cooling Circuits Disabled) | AC19: Boolean | AE19: ='Mode Logic'!J6 | AM19: 0 | AO19: 10 | AP19: HVAC1_EVAP_FAN_MOTOR_1 | AQ19: Evaporator Fan Motor_1 | AR19: Boolean | AT19: ='Mode Logic'!U18 | BJ19: 0 | BQ19: 0 | CA19: 0 | CE19: Spare | CH19: 0 | CM19: Internal Fire Detection Signal (Hard-wired) | DK19: =DK18+1 | DL19: Mastercontroller in Powering | DN19: 0/1 | DO19: GUI
A20: 12 | B20: HVAC1_PL_INC_1 | C20: Passenget Load Increment(+) | D20: Integer | H20: 28 | I20: HVAC1_CF_ST_ON_1 | J20: Condenser Fan Status ON | K20: Boolean | M20: =IF(OR(AT14,AT22),1,0) | U20: Spare | X20: 0 | Z20: 11 | AA20: =_xlfn.CONCAT("HVAC_",AB20) | AB20: Standard Automatic Cooling State 2 (Up to 25% Modulated Cooling) | AC20: Boolean | AE20: ='Mode Logic'!J7 | AF20: =IF(AND('LFD OLD'!I6,'DATA TRANSFER'!AF21=0,AF22=0,AF24=0),1,0) | AM20: 0 | AO20: 11 | AP20: HVAC1_TXV_1 | AQ20: Thermal Expansion Valve_1 | AR20: Boolean | AT20: 1 | BJ20: 0 | BQ20: 0 | CA20: 0 | CE20: Spare | CH20: 0 | CM20: On-board Test 02: Cooling (5 mins) | DK20: =DK19+1 | DL20: Washer Push Button (Wpb) | DN20: 0/1 | DO20: GUI
A21: 13 | B21: HVAC1_PL_DEC_1 | C21: Passenget Load Decremen(-) | D21: Integer | H21: 29 | I21: HVAC1_CF_ST_OFF_1 | J21: Condenser Fan Status OFF | K21: Boolean | M21: =IF(NOT(M20),1,0) | U21: Spare | X21: 0 | Z21: 12 | AA21: =_xlfn.CONCAT("HVAC_",AB21) | AB21: Standard Automatic Cooling State 3 (Up to 50% Modulated Cooling) | AC21: Boolean | AE21: ='Mode Logic'!J8 | AM21: 0 | AO21: 12 | AP21: HVAC1_EVAPORATOR_COIL_1 | AQ21: Evaporator Coil_1 | AR21: Boolean | AT21: 1 | BJ21: 0 | BQ21: 0 | CA21: 0 | CE21: Spare | CH21: 0 | CM21: On-board Test 05: Heating (5 mins) | DK21: =DK20+1 | DL21: Air Horn High Button (Ahhb) | DN21: 0/1 | DO21: GUI
A22: 14 | B22: ='LFD New'!D25 | C22: Start Time Increment(+) | D22: Float | H22: 30 | I22: HVAC1_EF_ST_ON_1 | J22: Evaportor Fan Status ON | K22: Boolean | M22: =IF(OR(AT19,AT26),1,0) | U22: Spare | X22: 0 | Z22: 13 | AA22: =_xlfn.CONCAT("HVAC_",AB22) | AB22: Standard Automatic Cooling State 4 (Up to 75% Modulated Cooling) | AC22: Boolean | AE22: ='Mode Logic'!J9 | AM22: 0 | AO22: 13 | AP22: HVAC1_CONDENSER_FAN_2 | AQ22: Condenser Fan_2 | AR22: Boolean | AT22: ='Mode Logic'!T18 | BJ22: 0 | BQ22: 0 | CA22: 0 | CE22: Spare | CH22: 0 | CM22: On-board Test 01: Ventilation (7 mins) | DK22: =DK21+1 | DL22: Call On Button (Colb) Maintained Pb Red | DN22: 0/1 | DO22: GUI
A23: 15 | B23: HVAC1_ST_DEC_1 | C23: Start Time Decrement(-) | D23: ='LFD New'!D25 | H23: 31 | I23: HVAC1_EF_ST_OFF_1 | J23: Evaportor Fan Status OFF | K23: Boolean | M23: =IF(NOT(M22),1,0) | U23: Spare | X23: 0 | Z23: 14 | AA23: =_xlfn.CONCAT("HVAC_",AB23) | AB23: Standard Automatic Cooling State 5 (Up to 100% Modulated Cooling) | AC23: Boolean | AE23: ='Mode Logic'!J10 | AM23: 0 | AO23: 14 | AP23: HVAC1_COMPRESSOR_2 | AQ23: Compressors_2 | AR23: Boolean | AT23: ='Mode Logic'!M18 | BJ23: 0 | BQ23: 0 | CA23: 0 | CE23: Spare | CH23: 0 | CM23: Staggered Start Sequence / Start Allow | CP23: 1 | DK23: =DK22+1 | DL23: Atb/Ato Start Button(Pbs) | DN23: 0/1 | DO23: GUI
A24: 16 | B24: HVAC1_CT_INC_1 | C24: Current Time Increment(+) | D24: Float | H24: 32 | I24: HVAC1_HTR_ST_ON_1 | J24: Heater Staus ON | K24: Boolean | M24: ='Mode Logic'!R18 | U24: Spare | X24: 0 | Z24: 15 | AA24: =_xlfn.CONCAT("HVAC_",AB24) | AB24: Ventilation Mode | AC24: Boolean | AE24: ='Mode Logic'!J11 | AM24: 0 | AO24: 15 | AP24: HVAC1_COMPRESSOR_3 | AQ24: Compressors_3 | AR24: Boolean | AT24: ='Mode Logic'!N18 | BJ24: 0 | BQ24: 0 | CA24: 0 | CE24: Spare | CH24: 0 | CM24: UTC Time (Seconds from 01/01/1970) | DK24: =DK23+1 | DL24: Right Door Open Button 1(Rdob1) | DN24: 0/1 | DO24: GUI
A25: 17 | B25: HVAC1_CT_DEC_1 | C25: Current Time Decrement(+) | D25: Float | H25: 33 | I25: HVAC1_HTR_ST_OFF_1 | J25: Heater Staus OFF | K25: Boolean | M25: =IF(NOT(M24),1,0) | U25: Spare | X25: 0 | Z25: 16 | AA25: =_xlfn.CONCAT("HVAC_",AB25) | AB25: Heating Mode | AC25: Boolean | AE25: ='Mode Logic'!J12 | AM25: 0 | AO25: 16 | AP25: HVAC1_COMPRESSOR_4 | AQ25: Compressors_4 | AR25: Boolean | AT25: ='Mode Logic'!O18 | BJ25: 0 | BQ25: 0 | CA25: 0 | CE25: Spare | CH25: 0 | CM25: LLV (Liquid Line Valve) Management | DK25: =DK24+1 | DL25: RDCB 1 | DN25: 0/1 | DO25: GUI
A26: 18 | B26: HVAC1_Hum | C26: Humidity Increment | D26: Float | H26: 34 | I26: HVAC1_COMP_1 | J26: Compressor 1 | K26: Boolean | M26: ='Mode Logic'!L18 | U26: Spare | V26: Float | X26: 0 | Z26: 17 | AA26: =_xlfn.CONCAT("HVAC_",AB26) | AB26: Internal Smoke Mode | AC26: Boolean | AE26: ='Mode Logic'!J13 | AJ26: Spare | AK26: Float | AM26: 0 | AO26: 17 | AP26: HVAC1_EVAP_FAN_MOTOR_2 | AQ26: Evaporator Fan Motor_2 | AR26: Boolean | AT26: ='Mode Logic'!V18 | BG26: Spare | BH26: Float | BJ26: 0 | BN26: Spare | BO26: Float | BQ26: 0 | BX26: Spare | BY26: Float | CA26: 0 | CE26: Spare | CF26: Float | CH26: 0 | CM26: Compressor Staggered Management Logic | DK26: =DK25+1 | DL26: Left Door Close Button 1(Ldcb1) | DN26: 0/1 | DO26: GUI
A27: 19 | B27: HVAC1_HU_DC | C27: Humidity Decrement | D27: Float | H27: 35 | I27: HVAC1_COMP_2 | J27: Compressor 2 | K27: Boolean | M27: ='Mode Logic'!M18 | U27: Spare | V27: Float | X27: 0 | Z27: 18 | AA27: =_xlfn.CONCAT("HVAC_",AB27) | AB27: External Smoke Mode | AC27: Boolean | AE27: ='Mode Logic'!J14 | AJ27: Spare | AK27: Float | AM27: 0 | AO27: 18 | AP27: HVAC1_ACCESS_VALVE_2 | AQ27: Access Valve_2 | AR27: Boolean | AT27: 1 | BG27: Spare | BH27: Float | BJ27: 0 | BN27: Spare | BO27: Float | BQ27: 0 | BX27: Spare | BY27: Float | CA27: 0 | CE27: Spare | CF27: Float | CH27: 0 | CM27: LPCO1 / LPCO2 (Refrigerant Low Pressure Fault) | DK27: =DK26+1 | DL27: LDOB1 | DN27: 0/1 | DO27: GUI
A28: 18 | B28: HVAC1_INT_SM | C28: Internal Smoke Sensor | D28: Boolean | F28: 0 | H28: 36 | I28: HVAC1_COMP_3 | J28: Compressor 3 | K28: Boolean | M28: ='Mode Logic'!N18 | U28: Spare | V28: Float | X28: 0 | Z28: 19 | AA28: =_xlfn.CONCAT("HVAC_",AB28) | AB28: Emergency Ventilation Mode | AC28: Boolean | AE28: ='Mode Logic'!J15 | AJ28: Spare | AK28: Float | AM28: 0 | AO28: 19 | AP28: HVAC1_DRIER_FILTER_2 | AQ28: Drier Filter_2 | AR28: Boolean | AT28: 1 | BG28: Spare | BH28: Float | BJ28: 0 | BN28: Spare | BO28: Float | BQ28: 0 | BX28: Spare | BY28: Float | CA28: 0 | CE28: Spare | CF28: Float | CH28: 0 | CM28: HEC Start Allow Delay (12s interval) | DK28: =DK27+1 | DL28: Run On Sight Button(Rospb) | DN28: 0/1 | DO28: GUI
A29: 19 | B29: HVAC1_EXT_SM | C29: External Smoke Sensor | D29: Boolean | F29: 1 | H29: 37 | I29: HVAC1_COMP_4 | J29: Compressor 4 | K29: Boolean | M29: ='Mode Logic'!O18 | U29: Spare | V29: Float | X29: 0 | Z29: 20 | AA29: HVAC1_SMOKE_INSIDE_1 | AB29: Smoke Inside | AC29: Boolean | AE29: =AE26 | AJ29: Spare | AK29: Float | AM29: 0 | AO29: 20 | AP29: HVAC1_CONDENSER_COIL_2 | AQ29: Condenser Coil_2 | AR29: Boolean | AT29: 1 | BG29: Spare | BH29: Float | BJ29: 0 | BN29: Spare | BO29: Float | BQ29: 0 | BX29: Spare | BY29: Float | CA29: 0 | CE29: Spare | CF29: Float | CH29: 0 | CM29: HEC Staggering Logic (0.5s–1s delay) | DK29: =DK28+1 | DL29: Lamp Test Button(Pls) | DN29: 0/1 | DO29: GUI
A30: 20 | B30: HVAC1_RM | C30: Reduced Mode | D30: Boolean | F30: 0 | H30: 38 | K30: Float | U30: Spare | V30: Float | X30: 0 | Z30: 21 | AC30: Float | AJ30: Spare | AK30: Float | AM30: 0 | AO30: 21 | AP30: HVAC1_CHECK_VALVE_2 | AQ30: Check Valves_2 | AR30: Boolean | AT30: 1 | BG30: Spare | BH30: Float | BJ30: 0 | BN30: Spare | BO30: Float | BQ30: 0 | BX30: Spare | BY30: Float | CA30: 0 | CE30: Spare | CF30: Float | CH30: 0 | CM30: HVAC SD: Degraded (Text 35, Bit 6) | DK30: =DK29+1 | DL30: Air Horn Low Button(Ahlb) | DN30: 0/1 | DO30: GUI
A31: 21 | B31: ='LFD New'!D34 | C31: Emergency Vent | D31: Boolean | F31: 0 | H31: 39 | K31: Float | U31: Spare | V31: Float | X31: 0 | Z31: 22 | AC31: Float | AJ31: Spare | AK31: Float | AM31: 0 | AO31: 22 | AP31: HVAC1_LIQUID_LINE_SOLENOID_VALVE_1 | AQ31: Liquid Line Solenoid Valve_2 | AR31: Boolean | AT31: 1 | BG31: Spare | BH31: Float | BJ31: 0 | BN31: Spare | BO31: Float | BQ31: 0 | BX31: Spare | BY31: Float | CA31: 0 | CE31: Spare | CF31: Float | CH31: 0 | CM31: RAT/SPT Gap (triggers Hot/Cold Car Fault if > 6K) | DK31: =DK30+1 | DL31: HVAC Reset(SRRB) | DN31: 0/1 | DO31: GUI
A32: 22 | B32: HVAC1_ES | C32: Emergency Stop | D32: Boolean | F32: 0 | H32: 40 | K32: Float | U32: Spare | V32: Float | X32: 0 | Z32: 23 | AC32: Float | AJ32: Spare | AK32: Float | AM32: 0 | AO32: 23 | AP32: HVAC1_SIGHT_GLASS_1 | AQ32: Sight Glass_2 | AR32: Boolean | AT32: 1 | BG32: Spare | BH32: Float | BJ32: 0 | BN32: Spare | BO32: Float | BQ32: 0 | BX32: Spare | BY32: Float | CA32: 0 | CE32: Spare | CF32: Float | CH32: 0 | CM32: Failure Solution / Diagnostic Status | DK32: =DK31+1 | DL32: Emergency Brake Button (Ebb1) | DN32: 0/1 | DO32: GUI
A33: 23 | B33: HVAC1_RATL | C33: Return Air temperature Loop | D33: Float | F33: 23 | H33: 41 | K33: Float | U33: Spare | V33: Float | X33: 0 | Z33: 24 | AC33: Float | AJ33: Spare | AK33: Float | AM33: 0 | AO33: 24 | AP33: HVAC1_TXV_1 | AQ33: Thermal Expansion Valve_2 | AR33: Boolean | AT33: 1 | BG33: Spare | BH33: Float | BJ33: 0 | BN33: Spare | BO33: Float | BQ33: 0 | BX33: Spare | BY33: Float | CA33: 0 | CE33: Spare | CF33: Float | CH33: 0 | CM33: PPR1 / PPR2 (Phase Protection Relay) Status | DK33: =DK32+1 | DL33: Left Door Close Button (Ldcb2) | DN33: 0/1 | DO33: GUI
A34: 24 | B34: HVAC1_CT | C34: Compressor Timer | D34: Integer | F34: 60 | H34: 42 | K34: Integer | U34: Spare | V34: Integer | X34: 0 | Z34: 25 | AC34: Integer | AD34: HVAC IOS _DI | AJ34: Spare | AK34: Integer | AM34: 0 | AO34: 25 | AP34: HVAC1_ELECTRIC_HEATER_2 | AQ34: Electric Heater_2 | AR34: Boolean | AT34: 1 | BG34: Spare | BH34: Integer | BJ34: 0 | BN34: Spare | BO34: Integer | BQ34: 0 | BX34: Spare | BY34: Integer | CA34: 0 | CE34: Spare | CF34: Integer | CH34: 0 | CM34: HVAC Reset Request (1-second signal) | DK34: =DK33+1 | DL34: Left Door Close Button (Ldcb3) | DN34: 0/1 | DO34: GUI
A35: 25 | B35: High Pressure Value | C35: High Pressure Value | D35: ='LFD New'!D2 | F35: 0 | H35: 43 | K35: Integer | U35: Spare | V35: Integer | X35: 0 | Z35: 26 | AC35: Integer | AJ35: Spare | AK35: Integer | AM35: 0 | AQ35: Spare | AR35: Boolean | AT35: 1 | BG35: Spare | BH35: Integer | BJ35: 0 | BN35: Spare | BO35: Integer | BQ35: 0 | BX35: Spare | BY35: Integer | CA35: 0 | CE35: Spare | CF35: Integer | CH35: 0 | CM35: HVAC Mode (OFF, VENT, AUTO) | DK35: =DK34+1 | DL35: Left Door Enable (Pbdel) | DN35: 0/1 | DO35: GUI
A36: 26 | B36: Low pressure Value | C36: Low pressure Value | D36: Integer | F36: 0 | H36: 44 | K36: Integer | U36: Spare | V36: Integer | X36: 0 | Z36: 27 | AC36: Integer | AJ36: Spare | AK36: Integer | AM36: 0 | AQ36: Spare | AR36: Boolean | AT36: 1 | BG36: Spare | BH36: Integer | BJ36: 0 | BN36: Spare | BO36: Integer | BQ36: 1 | BX36: Spare | BY36: Integer | CA36: 0 | CE36: Spare | CF36: Integer | CH36: 0 | CM36: HVAC SD: Emergency ventilation Mode (Text 35, Bit 1) | DK36: =DK35+1 | DL36: Left Door Open Button (Ldob2) | DN36: 0/1 | DO36: GUI
A37: 27 | B37: =ISODD(Calculation!B36) | C37: Set point Temperature | D37: Integer | F37: 23 | H37: 45 | K37: Integer | U37: Spare | V37: Integer | X37: 0 | Z37: 28 | AC37: Integer | AJ37: Spare | AK37: Integer | AM37: 0 | AQ37: Spare | AR37: Boolean | AT37: 1 | BG37: Spare | BH37: Integer | BJ37: 0 | BN37: Spare | BO37: Integer | BQ37: 0 | BX37: Spare | BY37: Integer | CA37: 0 | CE37: Spare | CF37: Integer | CH37: 0 | CM37: Forced Driver FAD Open Status | CP37: 1 | DK37: =DK36+1 | DL37: VCB close (VCBCB) | DN37: 0/1 | DO37: GUI
A38: 28 | B38: RAT | C38: Return Air temperature Loop | D38: Integer | F38: 28 | H38: 46 | K38: Integer | U38: Spare | V38: Integer | X38: 0 | Z38: 29 | AC38: Integer | AJ38: Spare | AK38: Integer | AM38: 0 | AQ38: Spare | AR38: Boolean | BG38: Spare | BH38: Integer | BJ38: 0 | BN38: Spare | BO38: Integer | BQ38: 0 | BX38: Spare | BY38: Integer | CA38: 0 | CE38: Spare | CF38: Integer | CH38: 0 | CM38: Forced Driver FAD Close Status | DK38: =DK37+1 | DL38: VCB Open (VCBOB) | DN38: 0/1 | DO38: GUI
A39: 29 | B39: AT | C39: Ambient Temperature | D39: Integer | F39: 25 | H39: 47 | K39: Integer | U39: Spare | V39: Integer | X39: 0 | Z39: 30 | AC39: Integer | AJ39: Spare | AK39: Integer | AM39: 0 | AQ39: Spare | AR39: Boolean | BG39: Spare | BH39: Integer | BJ39: 0 | BN39: Spare | BO39: Integer | BQ39: 0 | BX39: Spare | BY39: Integer | CA39: 0 | CE39: Spare | CF39: Integer | CH39: 0 | DK39: =DK38+1 | DL39: VCB Reset (VCBRB) | DN39: 0/1 | DO39: GUI
A40: 30 | B40: PL | C40: Passenget Load | D40: Integer | F40: 6 | H40: 48 | K40: Integer | U40: Spare | V40: Integer | X40: 0 | Z40: 31 | AC40: Integer | AE40: =HVAC_IOs!K2 | AJ40: Spare | AK40: Integer | AM40: 0 | AQ40: Spare | AR40: Boolean | BG40: Spare | BH40: Integer | BJ40: 0 | BN40: Spare | BO40: Integer | BQ40: 0 | BX40: Spare | BY40: Integer | CA40: 0 | CE40: Spare | CF40: Integer | CH40: 0 | DK40: =DK39+1 | DL40: Battery close (BATCB) | DN40: 0/1 | DO40: GUI
A41: 31 | B41: ST | C41: Start Time | D41: Integer | F41: 7 | H41: 49 | K41: Integer | U41: Spare | V41: Integer | X41: 0 | Z41: 32 | AC41: Integer | AE41: =HVAC_IOs!K3 | AJ41: Spare | AK41: Integer | AM41: 0 | AQ41: Spare | AR41: Boolean | BG41: Spare | BH41: Integer | BJ41: 0 | BN41: Spare | BO41: Integer | BQ41: 0 | BX41: Spare | BY41: Integer | CA41: 0 | CE41: Spare | CF41: Integer | CH41: 0 | DK41: =DK40+1 | DL41: Battery Open (BATOB) | DN41: 0/1 | DO41: GUI
A42: 32 | B42: CT | C42: Current Time | D42: Integer | F42: 0 | H42: 50 | K42: Integer | U42: Spare | V42: Integer | X42: 0 | Z42: 33 | AC42: Integer | AE42: =HVAC_IOs!K4 | AJ42: Spare | AK42: Integer | AM42: 0 | AQ42: Spare | AR42: Boolean | BG42: Spare | BH42: Integer | BJ42: 0 | BN42: Spare | BO42: Integer | BQ42: 0 | BX42: Spare | BY42: Integer | CA42: 0 | CE42: Spare | CF42: Integer | CH42: 0 | DK42: =DK41+1 | DL42: Pantograph Down (PDB) | DN42: 0/1 | DO42: GUI
A43: 33 | B43: RH | C43: Relative Humidity | D43: Integer | F43: 5 | H43: 51 | K43: Integer | U43: Spare | V43: Integer | X43: 0 | Z43: 34 | AC43: Integer | AE43: =HVAC_IOs!K5 | AJ43: Spare | AK43: Integer | AM43: 0 | AQ43: Spare | AR43: Boolean | BG43: Spare | BH43: Integer | BJ43: 0 | BN43: Spare | BO43: Integer | BQ43: 0 | BX43: Spare | BY43: Integer | CA43: 0 | CE43: Spare | CF43: Integer | CH43: 0 | DK43: =DK42+1 | DL43: Pantograph Up (PUB) | DN43: 0/1 | DO43: GUI
A44: 34 | B44: DOO | D44: Integer | H44: 52 | DK44: =DK43+1 | DL44: HVAC Reset(SRRB) | DN44: 0/1 | DO44: GUI
A45: 35 | B45: DOC | D45: Integer | H45: 53 | DK45: =DK44+1 | DL45: Door Open Traction Block Bypass (DOBB) | DN45: 0/1 | DO45: GUI
A46: 36 | C46: Spare | D46: ='LFD New'!D2 | H46: 54 | K46: Integer | U46: Spare | V46: Integer | X46: 0 | Z46: 35 | AC46: Integer | AE46: =HVAC_IOs!K6 | AJ46: Spare | AK46: Integer | AM46: 0 | AQ46: Spare | AR46: Boolean | BG46: Spare | BH46: Integer | BJ46: 0 | BN46: Spare | BO46: Integer | BQ46: 0 | BX46: Spare | BY46: Integer | CA46: 0 | CE46: Spare | CF46: Integer | CH46: 0 | DK46: =DK45+1 | DL46: Parking Brake Release (PBRB) | DN46: 0/1 | DO46: GUI
A47: 37 | C47: Spare | D47: Integer | H47: 55 | K47: Integer | U47: Spare | V47: Integer | X47: 0 | Z47: 36 | AC47: Integer | AE47: =HVAC_IOs!K7 | AJ47: Spare | AK47: Integer | AM47: 0 | AQ47: Spare | AR47: Boolean | BG47: Spare | BH47: Integer | BJ47: 0 | BN47: Spare | BO47: Integer | BQ47: 0 | BX47: Spare | BY47: Integer | CA47: 0 | CE47: Spare | CF47: Integer | CH47: 0 | DK47: =DK46+1 | DL47: Parking Brake Applied (PBAB) | DN47: 0/1 | DO47: GUI
A48: 38 | C48: Spare | D48: Boolean | H48: 56 | K48: Boolean | U48: Spare | V48: Boolean | X48: 0 | Z48: 37 | AC48: Boolean | AE48: =HVAC_IOs!L9 | AJ48: Spare | AK48: Boolean | AM48: 0 | AQ48: Spare | AR48: Boolean | BG48: Spare | BH48: Boolean | BJ48: 0 | BN48: Spare | BO48: Boolean | BQ48: 0 | BX48: Spare | BY48: Boolean | CA48: 0 | CE48: Spare | CF48: Boolean | CH48: 0 | DK48: =DK47+1 | DL48: Parking Brake Applied Traction Block Bypass (PBABB) | DN48: 0/1 | DO48: GUI
A49: 39 | C49: Spare | D49: Boolean | H49: 57 | K49: Boolean | U49: Spare | V49: Boolean | X49: 0 | Z49: 38 | AC49: Boolean | AE49: =HVAC_IOs!L30 | AJ49: Spare | AK49: Boolean | AM49: 0 | AQ49: Spare | AR49: Boolean | BG49: Spare | BH49: Boolean | BJ49: 0 | BN49: Spare | BO49: Boolean | BQ49: 0 | BX49: Spare | BY49: Boolean | CA49: 0 | CE49: Spare | CF49: Boolean | CH49: 0 | DK49: =DK48+1 | DL49: Train Decoupling (TDB) | DN49: 0/1 | DO49: GUI
A50: 40 | C50: Spare | D50: Boolean | H50: 58 | K50: Boolean | U50: Spare | V50: Boolean | X50: 0 | Z50: 39 | AC50: Boolean | AJ50: Spare | AK50: Boolean | AM50: 0 | AQ50: Spare | AR50: Boolean | BG50: Spare | BH50: Boolean | BJ50: 0 | BN50: Spare | BO50: Boolean | BQ50: 0 | BX50: Spare | BY50: Boolean | CA50: 0 | CE50: Spare | CF50: Boolean | CH50: 0 | DK50: =DK49+1 | DL50: Major brake Event Traction black Bypass (MJEBB) | DN50: 0/1 | DO50: GUI
A51: 41 | C51: Spare | D51: ='LFD New'!D53 | H51: 59 | I51: =Calculation!I51 | K51: Boolean | U51: Spare | V51: Boolean | X51: 0 | Z51: 40 | AC51: Boolean | AJ51: Spare | AK51: Boolean | AM51: 0 | AQ51: Spare | AR51: Boolean | BG51: Spare | BH51: Boolean | BJ51: 0 | BN51: Spare | BO51: Boolean | BQ51: 0 | BX51: Spare | BY51: Boolean | CA51: 0 | CE51: Spare | CF51: Boolean | CH51: 0 | DK51: =DK50+1 | DL51: Major Fault Bypass | DN51: 0/1 | DO51: GUI
A52: 42 | C52: =IF(OR('LFD New'!D6:D7),1,0) | D52: Boolean | H52: 60 | K52: Boolean | U52: Spare | V52: Boolean | X52: 0 | Z52: 41 | AC52: Boolean | AE52: =Calculation!B36 | AJ52: Spare | AK52: Boolean | AM52: 0 | AQ52: Spare | AR52: Boolean | BG52: Spare | BH52: Boolean | BJ52: 0 | BN52: Spare | BO52: Boolean | BQ52: 0 | BX52: Spare | BY52: Boolean | CA52: 0 | CE52: Spare | CF52: Boolean | CH52: 0 | DK52: =DK51+1 | DL52: CAB CONTROL 3 | DN52: 0/1 | DO52: GUI
A53: 43 | C53: Spare | D53: Boolean | H53: 61 | K53: Boolean | U53: Spare | V53: Boolean | X53: 0 | Z53: 42 | AC53: Boolean | AJ53: Spare | AK53: Boolean | AM53: 0 | AQ53: Spare | AR53: Boolean | BG53: Spare | BH53: Boolean | BJ53: 0 | BN53: Spare | BO53: Boolean | BQ53: 0 | BX53: Spare | BY53: Boolean | CA53: 0 | CE53: Spare | CF53: Boolean | CH53: 0 | DK53: =DK52+1 | DL53: MASTER CONTROLLER TL | DN53: 0/1 | DO53: GUI
A54: 44 | C54: Spare | D54: Boolean | H54: 62 | K54: Boolean | U54: Spare | V54: Boolean | X54: 0 | Z54: 43 | AC54: Boolean | AJ54: Spare | AK54: Boolean | AM54: 0 | AQ54: Spare | AR54: Boolean | BG54: Spare | BH54: Boolean | BJ54: 0 | BN54: Spare | BO54: Boolean | BQ54: 0 | BX54: Spare | BY54: Boolean | CA54: 0 | CE54: Spare | CF54: Boolean | CH54: 0 | DK54: =DK53+1 | DL54: MASTER CONTROLLER TL1 | DN54: 0/1 | DO54: GUI
A55: 45 | C55: Spare | D55: Boolean | H55: 63 | K55: String | U55: Spare | V55: String | X55: 0 | Z55: 44 | AC55: String | AJ55: Spare | AK55: String | AM55: 0 | AQ55: Spare | AR55: Boolean | BG55: Spare | BH55: String | BJ55: 0 | BN55: Spare | BO55: String | BQ55: 0 | BX55: Spare | BY55: String | CA55: 0 | CE55: Spare | CF55: String | CH55: 0 | DK55: =DK54+1 | DL55: BRAKE MAJOR EVENT | DN55: 0/1 | DO55: GUI
A56: 46 | C56: Spare | D56: Boolean | H56: =Calculation!I51 | K56: String | U56: Spare | V56: String | X56: 0 | Z56: 45 | AC56: String | AJ56: Spare | AK56: String | AM56: 0 | AQ56: Spare | AR56: Boolean | BG56: Spare | BH56: String | BJ56: 0 | BN56: Spare | BO56: String | BQ56: 0 | BX56: Spare | BY56: String | CA56: 0 | CE56: Spare | CF56: String | CH56: 0 | DK56: =DK55+1 | DL56: PROPULSION ENABLE CONTROL | DN56: 0/1 | DO56: GUI
A57: 47 | C57: Spare | D57: Boolean | H57: 65 | K57: String | U57: Spare | V57: String | X57: 0 | Z57: 46 | AC57: String | AJ57: Spare | AK57: String | AM57: 0 | AQ57: Spare | AR57: Boolean | BG57: Spare | BH57: String | BJ57: 0 | BN57: Spare | BO57: String | BQ57: 0 | BX57: Spare | BY57: String | CA57: 0 | CE57: Spare | CF57: String | CH57: 0 | DK57: =DK56+1 | DL57: PROPULSION ENABLE DI | DN57: 0/1 | DO57: GUI
A58: 48 | C58: Spare | D58: Boolean | H58: 66 | K58: String | U58: Spare | V58: String | X58: 0 | Z58: 47 | AC58: String | AJ58: Spare | AK58: String | AM58: 0 | AQ58: Spare | AR58: Boolean | BG58: Spare | BH58: String | BJ58: 0 | BN58: Spare | BO58: String | BQ58: 0 | BX58: Spare | BY58: String | CA58: 0 | CE58: Spare | CF58: String | CH58: 0 | DK58: =DK57+1 | DL58: DIRECTION CONTROL | DN58: 0/1 | DO58: GUI
A59: 49 | C59: Spare | D59: ='LFD New'!D62 | H59: 67 | K59: String | U59: Spare | V59: String | X59: 0 | Z59: 48 | AC59: String | AJ59: Spare | AK59: String | AM59: 0 | AQ59: Spare | AR59: Boolean | BG59: Spare | BH59: String | BJ59: 0 | BN59: Spare | BO59: String | BQ59: 0 | BX59: Spare | BY59: String | CA59: 0 | CE59: Spare | CF59: String | CH59: 0 | DK59: =DK58+1 | DL59: IMMOBILIZATION CONTROL | DN59: 0/1 | DO59: GUI
A60: 50 | C60: Spare | D60: Boolean | H60: 68 | K60: String | U60: Spare | V60: String | X60: 0 | Z60: 49 | AC60: String | AJ60: Spare | AK60: String | AM60: 0 | AQ60: Spare | AR60: Boolean | BG60: Spare | BH60: String | BJ60: 0 | BN60: Spare | BO60: String | BQ60: 0 | BX60: Spare | BY60: String | CA60: 0 | CE60: Spare | CF60: String | CH60: 0 | DK60: =DK59+1 | DL60: PARKING BRAKE CONTROL | DN60: 0/1 | DO60: GUI
A61: 51 | C61: Spare | D61: Boolean | H61: 69 | K61: String | U61: Spare | V61: String | X61: 1 | Z61: 50 | AC61: String | DK61: =DK60+1 | DL61: CALL ON LIGHT CONTROL | DN61: 0/1 | DO61: GUI
A62: 52 | C62: Spare | D62: Boolean | H62: 70 | K62: String | AD62: FAULT 01 | AE62: FAULT 02 | AF62: FAULT 03 | AG62: FAULT 04 | AH62: FAULT 05 | DK62: =DK61+1 | DL62: CAB CONTROL 6 | DN62: 0/1 | DO62: GUI
A63: 53 | C63: Spare | D63: Boolean | H63: 71 | K63: String | DK63: =DK62+1 | DL63: BRAKE MAJOR FAULT | DN63: 0/1 | DO63: GUI
DK64: =DK63+1 | DL64: AIR SPRING CONTROL | DN64: 0/1 | DO64: GUI
DK65: =DK64+1 | DL65: CAB DESK LIGHT INDICATOR | DN65: 0/1 | DO65: GUI
DK66: =DK65+1 | DL66: DEAD MAN CONTROL 1 | DN66: 0/1 | DO66: GUI
A67: LFD (CPU_WS) | DK67: =DK66+1 | DL67: TRAIN RADIO INTERFACE UNIT CONTROL | DN67: 0/1 | DO67: GUI
DK68: =DK67+1 | DL68: WIPER CONTROL | DN68: 0/1 | DO68: GUI
D69: ='LFD New'!D18 | DK69: =DK68+1 | DL69: HEAD LIGHT & CAB LIGHT CONTROL | DN69: 0/1 | DO69: GUI
A70: LFD Input | H70: LFD Output | DK70: =DK69+1 | DL70: FLASHER LIGHT CONTROL | DN70: 0/1 | DO70: GUI
A71: SR.No | B71: Variable | C71: Labels | D71: Data Type | E71: Source | F71: value | G71: Remark | H71: SR.No. | I71: Variable | J71: Labels | K71: Data Type | L71: Source | M71: Value | N71: Remark | DK71: =DK70+1 | DL71: CAB BOOSTER CONTROL | DN71: 0/1 | DO71: GUI
A72: 1 | B72: LFC01 | C72: external_smoke_detected | D72: Boolean | F72: =F28 | H72: 1 | J72: Fresh_air_Damper_Close(FAD) | K72: Boolean | L72: ='LFD OLD'!R30 | DK72: =DK71+1 | DL72: DOOR OPEN CONTROL | DN72: 0/1 | DO72: GUI
A73: 2 | B73: LFC02 | C73: Driver_Close_command | D73: Boolean | F73: ='LFD New'!D158 | H73: 2 | K73: Boolean | DK73: =DK72+1 | DL73: DOOR CLOSE CONTROL | DN73: 0/1 | DO73: GUI
A74: 3 | B74: LFC03 | C74: Internal_Smoke_Detected | D74: Boolean | F74: =F28 | H74: 3 | K74: Boolean | DK74: =DK73+1 | DL74: DOOR ZERO SPEED CONTROL | DN74: 0/1 | DO74: GUI
A75: 4 | B75: LFC04 | C75: LFC 04 | D75: Boolean | H75: 4 | I75: LFC08 | K75: Boolean | M75: 0 | DK75: =DK74+1 | DL75: DOOR ENABLE CONTROL | DN75: 0/1 | DO75: GUI
A76: 5 | B76: LFC05 | C76: Driver_by_pass_command | D76: Boolean | F76: ='LFD New'!D159 | H76: 5 | K76: Boolean | DK76: =DK75+1 | DL76: DOOR ENABLE CONTROL | DN76: 0/1 | DO76: GUI
A77: 6 | B77: LFC07 | C77: FADR_closed | D77: Boolean | F77: ='LFD New'!D160 | H77: 6 | K77: Boolean | DK77: =DK76+1 | DL77: SALLON DOOR CLOSE | DN77: 0/1 | DO77: GUI
A78: 7 | D78: Boolean | H78: 7 | K78: Boolean | DK78: =DK77+1 | DL78: CAB DOOR & EMERGENCY DOOR CONTROL | DN78: 0/1 | DO78: GUI
A79: 8 | B79: LFC01 | C79: APS1_healthy | D79: Boolean | F79: =F89 | H79: 8 | K79: Boolean | DK79: =DK78+1 | DL79: ALL DOOR CLOSED CONTROL | DN79: 0/1 | DO79: GUI
A80: 9 | B80: LCF03 | C80: APS2_Healthy | D80: Boolean | F80: =F90 | H80: 9 | I80: LCF13 | J80: Emergency ventilation | K80: Boolean | L80: ='LFD OLD'!R44 | M80: 1 | DK80: =DK79+1 | DL80: COUPLER CONTROL | DN80: 0/1 | DO80: GUI
A81: 10 | B81: LCF05 | C81: LFC05 | D81: Boolean | H81: 10 | I81: LCF14 | J81: Feedback_indication | K81: Boolean | L81: ='LFD OLD'!R45 | M81: 1 | DK81: =DK80+1 | DL81: DEAD MAN CONTROL 2 | DN81: 0/1 | DO81: GUI
A82: 11 | B82: LCF06 | C82: 110V_Battery_supply | D82: ='LFD New'!D6 | F82: ='LFD New'!D8 | H82: 11 | K82: Boolean | DK82: =DK81+1 | DL82: TRAIN INTEGRITY TL CONTROL | DN82: 0/1 | DO82: GUI
A83: 12 | B83: LCF07 | C83: APS1_healthy | D83: Boolean | F83: =F79 | H83: 12 | K83: Boolean | DK83: =DK82+1 | DL83: FRESH AIR DAMPER SELECTION CONTROL | DN83: 0/1 | DO83: GUI
A84: 13 | B84: LCF09 | C84: APS2_healthy | D84: Boolean | F84: =F80 | H84: 13 | K84: Boolean | DK84: =DK83+1 | DL84: DOOR CONTROL ATP MODE | DN84: 0/1 | DO84: GUI
A85: 14 | B85: LCF11 | C85: LFC11 | D85: Boolean | H85: 14 | K85: Boolean | DK85: =DK84+1 | DL85: DOOR CONTROL TCMS MODE | DN85: 0/1 | DO85: GUI
A86: 15 | B86: LCF12 | C86: VDP command | D86: Boolean | F86: ='LFD New'!D151 | H86: 15 | K86: Boolean | DK86: =DK85+1 | DL86: CAB BOOSTER FAN CONTROL 1 | DN86: 0/1 | DO86: GUI
A87: 16 | B87: LCF14 | C87: HVAC system status | D87: Boolean | F87: ='LFD New'!D2 | H87: 16 | K87: Boolean | DK87: =DK86+1 | DL87: CAB BOOSTER FAN CONTROL 2 | DN87: 0/1 | DO87: GUI
A88: 17 | D88: Boolean | H88: 17 | K88: Boolean | DK88: =DK87+1 | DL88: PROPULSION CONTROL 1 | DN88: 0/1 | DO88: GUI
A89: 18 | B89: LCF01 | C89: APS_1_ok | D89: Boolean | F89: ='LFD New'!D6 | H89: 18 | I89: LFC05 | J89: START_allow | K89: Boolean | L89: ='LFD OLD'!R58 | M89: 0 | DK89: =DK88+1 | DL89: PROPULSION CONTROL 2 | DN89: 0/1 | DO89: GUI
A90: 19 | B90: LCF02 | C90: APS_2_ok | D90: Boolean | F90: ='LFD New'!D7 | H90: 19 | I90: LFC06 | J90: Comp_1_Start | K90: Boolean | L90: ='LFD OLD'!R59 | M90: 1 | DK90: =DK89+1 | DL90: KEY CONTROL | DN90: 0/1 | DO90: GUI
A91: 20 | B91: LCF03 | C91: LFC 03 | D91: Boolean | H91: 20 | I91: LFC08 | J91: Comp_2_Start | K91: Boolean | L91: ='LFD OLD'!R61 | M91: 1 | DK91: =DK90+1 | DL91: MODE SELECTOR CONTROL | DN91: 0/1 | DO91: GUI
A92: 21 | B92: LCF04 | C92: START_Command_TCMS | D92: Boolean | F92: ='LFD New'!D152 | H92: 21 | I92: LFC09 | J92: 1_sec_delay | K92: Boolean | L92: ='LFD OLD'!R62 | M92: 1 | DK92: =DK91+1 | DL92: ATB CONTROL | DN92: 0/1 | DO92: GUI
A93: 22 | B93: LFC06 | C93: START_allow | D93: Boolean | F93: ='LFD New'!D153 | H93: 22 | I93: LFC12 | J93: Com_3_start | K93: Boolean | L93: ='LFD OLD'!R63 | M93: 1 | DK93: =DK92+1 | DL93: ATO FEEDBACK/ATO CONTROL | DN93: 0/1 | DO93: GUI
A94: 23 | B94: LFC10 | C94: Comp_2_Start | D94: Boolean | F94: ='LFD New'!D154 | H94: 23 | I94: LFC13 | J94: 1_sec_delay | K94: Boolean | L94: ='LFD OLD'!R64 | M94: 1 | DK94: =DK93+1 | DL94: COUPLER CONTROL | DN94: 0/1 | DO94: GUI
A95: 24 | B95: LFC11 | C95: Load_Cooling_Level_5 | D95: Boolean | F95: ='LFD New'!D155 | H95: 24 | I95: LFC16 | J95: comp_4_start | K95: Boolean | L95: ='LFD OLD'!R65 | M95: 0 | DK95: =DK94+1 | DL95: BRAKE ELECTRONIC CONTROL 2 | DN95: 0/1 | DO95: GUI
A96: 25 | B96: LFC14 | C96: Comp_3_Start | D96: Boolean | F96: ='LFD New'!D156 | H96: 25 | I96: LFC17 | K96: Boolean | M96: 0 | DK96: =DK95+1 | DL96: BRAKER CONTROL 1 | DN96: 0/1 | DO96: GUI
A97: 26 | B97: LFC15 | C97: Load_Cooling_level_7 | D97: Boolean | F97: ='LFD New'!D157 | H97: 26 | K97: Boolean | DK97: =DK96+1 | DL97: ATO MODE | DN97: 0/1 | DO97: GUI
A98: 27 | D98: Boolean | H98: 27 | K98: Boolean | DK98: =DK97+1 | DL98: EMERGENCY BRAKE LOOP | DN98: 0/1 | DO98: GUI
A99: 28 | B99: LFC01 | C99: HVAC1_SMDR_de-energized | D99: Boolean | F99: ='LFD New'!D148 | H99: 28 | I99: LFC08 | J99: Command_compressor_1_OFF | K99: Boolean | L99: ='LFD OLD'!R74 | M99: 0 | DK99: =DK98+1 | DL99: BRAKE CONTROL 2 | DN99: 0/1 | DO99: GUI
A100: 29 | B100: LFC02 | C100: HVAC2_SMDR_de-energized | D100: Boolean | F100: ='LFD New'!D149 | H100: 29 | I100: LFC09 | J100: Command_compressor_2_OFF | K100: Boolean | L100: ='LFD OLD'!R75 | M100: 0 | DK100: =DK99+1 | DL100: MASTER CONTROLLER CONTROL | DN100: 0/1 | DO100: GUI
A101: 30 | B101: LFC03 | C101: SMRR_relay_reset | D101: Boolean | F101: ='LFD New'!D150 | H101: 30 | I101: LFC10 | J101: Command_compressor_1_OFF | K101: Boolean | L101: ='LFD OLD'!R76 | M101: 0 | DK101: =DK100+1 | DL101: HORN CONTROL | DN101: 0/1 | DO101: GUI
A102: 31 | D102: Boolean | I102: LFC11 | J102: Command_compressor_2_OFF | K102: Boolean | L102: ='LFD OLD'!R77 | M102: 0 | DK102: =DK101+1 | DL102: ATC BYPASS | DN102: 0/1 | DO102: GUI
A103: 32 | D103: Boolean | I103: LFC12 | J103: Command_return_air_damper_Close | K103: Boolean | L103: ='LFD OLD'!R78 | M103: 0 | DK103: =DK102+1 | DL103: FULL SERVICE BRAKE | DN103: 0/1 | DO103: GUI
...

Sheet Sheet2

Sheet Calculation
A1: Inputs | I1: Sr. No | J1: Item | K1: Heat Load (W) | L1: Qty | M1: Total Heat Load (W)
A2: c | B2: 1 | C2: KJ/Kg | E2: Outputs | I2: 1 | J2: Passenger | K2: 72.84 | L2: 340 | M2: =K2*L2
A3: Set Point | B3: ='LFD OLD'!F5+273 | C3: K | E3: Return Air | F3: =B18-J32 | G3: C | I3: 2 | J3: Solar Gain | K3: 2336 | L3: 1 | M3: =K3*L3
A4: Ambient Temp | B4: ='LFD OLD'!F7+273 | C4: K | I4: 3 | J4: Transmission Gain | K4: 2882 | L4: 1 | M4: =K4*L4
A5: Supply Temp | B5: ='LFD OLD'!F8+273 | C5: K | I5: 4 | J5: Internal Equipment | K5: 2500 | L5: 1 | M5: =K5*L5
A6: Time | B6: 0.8 | C6: s | E6: Supply Air Temp | F6: =IF(B14=1,(F3+B3-273)/2,F3) | I6: 5 | J6: Fan Motor Load | K6: 4000 | L6: 1 | M6: =K6*L6
A7: Loading | B7: ='DATA TRANSFER'!F40 | C7: pax | I7: 6 | J7: Fresh Air Load | K7: 6663 | L7: 1 | M7: =K7*L7
A8: Heat Load Damper | B8: 0.8 | C8: 0-1 | E8: Damper Pos | F8: =B7*25+25*IF('DATA TRANSFER'!CP18=1,0,1)*IF('DATA TRANSFER'!AE22=0,0,1) | I8: 7 | J8: Door Opening Load | K8: 525 | L8: 1 | M8: =K8*L8
A9: Comp 1 | B9: ='Mode Logic'!L18 | C9: On/off | F9: =IF('DATA TRANSFER'!AE24=1,100,Calculation!F8) | L9: Total Heat Load | M9: =SUM(M2:M8) | N9: W
A10: Comp 2 | B10: ='Mode Logic'!M18 | C10: On/off | D10: HVAC 1 DMA
A11: Comp 3 | B11: ='Mode Logic'!N18 | C11: On/off
A12: Comp 4 | B12: ='Mode Logic'!O18 | C12: On/off | I12: Fresh Air Load
A13: Heater | B13: ='DATA TRANSFER'!M24 | C13: On/off | I13: Air Flow | J13: =IF(B17=1,3037,0)/3600 | K13: m^3/s
A14: FAD | B14: ='DATA TRANSFER'!M16 | I14: Delta T | J14: =B9-B7 | K14: K
A15: Cooling | B15: =IF(AND(B9:B12),47,IF(OR(B9:B12),10,IF(B13=1,-9,0))) | C15: KW
B16: =B15*1000 | C16: W | I16: Heat Load | J16: =J13*J14 | K16: KW
J17: =J16*1000 | K17: W
A18: Internal Temp(RAT) | B18: ='DATA TRANSFER'!F38 | C18: C | L18: ='Mode Logic'!M18
A19: Time Elapsed since Preconditioning | B19: ='DATA TRANSFER'!F34 | C19: mins | D19: Need to add timer start once preconditioning is triggered | I19: Total Heat Load
I20: 1 | J20: Heat Load | K20: =M9 | L20: W
I21: 2 | J21: Freah Air | K21: =J17*G8/100 | L21: W
I22: 3 | J22: Operational | L22: W
A23: Comp 1 | B23: ='DATA TRANSFER'!M41 | C23: On/off | I23: Total Heat Load | K23: =SUM(K20:K22)
A24: Comp 2 | B24: ='DATA TRANSFER'!M42 | C24: On/off | D24: HVAC 1 DMB
A25: Comp 3 | B25: ='DATA TRANSFER'!M43 | C25: On/off
A26: Comp 4 | B26: ='DATA TRANSFER'!M46 | C26: On/off | I26: Change in Temp
A27: Heater | B27: 1 | C27: On/off | I27: 1 | J27: Delta W | K27: =B16-K23 | L27: W
A28: FAD | B28: 1 | I28: 2 | J28: Time | K28: =B6 | L28: s | N28: DM1 HVAC1
A29: Cooling | B29: =IF(AND(B23:B26),47,IF(OR(B23:B26),10,IF(B27=1,-9,0))) | C29: KW | I29: 3 | J29: c | K29: 1 | L29: Kj/Kg.K
B30: =B29*1000 | C30: W | I30: 4 | J30: m | K30: 1000 | L30: Kg
B32: DMA | C32: TCA | D32: DMB | I32: Change | J32: =(1/1000)*(K27*K28)/(K29*K30) | K32: C
A33: Set Point | B33: =IF(TCMS!D24>0,Calculation!O40+TCMS!D24,O40) | C33: =IF(TCMS!E24>0,Calculation!P40+TCMS!E24,P40) | D33: =IF(TCMS!F24>0,Calculation!Q40+TCMS!F24,Q40)
A34: Ambient Temp | B34: ='DATA TRANSFER'!F39 | C34: =B34 | D34: =C34
A35: RAT | B35: ='DATA TRANSFER'!Q584 | C35: ='DATA TRANSFER'!G38 | D35: ='DATA TRANSFER'!H38 | I35: Change in Temp
A36: New RAT | B36: =B35-B90 | C36: =C35-C90 | D36: =D35-B90 | I36: 1 | J36: Delta W | K36: =B15-K23 | L36: W
I37: 2 | J37: Time | K37: =B15 | L37: s | N37: DM1 HVAC2
A38: Pre-Cool | B38: =IF('Mode Logic'!B27=1,1,0) | C38: =B38 | D38: =C38 | E38: =IF(B48=1,0,IF(OR(B38=1,B39=1,B40=1),0,IF('Mode Logic'!B30=1,1,0)))*IF(B50=1,0,1) | F38: ='DATA TRANSFER'!F38 | I38: 3 | J38: c | K38: 1 | L38: Kj/Kg.K
A39: Pre-heat | B39: =IF('Mode Logic'!B26=1,1,0) | C39: =B39 | D39: =C39 | I39: 4 | J39: m | K39: 1000 | L39: Kg
A40: Auto Cool 1 (Cooling Circuits Disabled) | B40: =IF(B48=1,0,IF(B38=0,IF('Mode Logic'!B29=1,1,0)))*IF(B50=1,0,1) | C40: =B40 | D40: =IF(OR(D48=0,D38=0,D50=0),1,IF(AND(D35>=D33+1.5,D35<D33+2.5),1,0)) | E40: FAT<T4 | G40: =IF(OR(B48=0,B38=0,B50=0),1,IF(AND(B35>=B33+1.5,B35<B33+2.5),1,0))
A41: Auto Cool 2 | B41: =IF(B48=1,0,IF(OR(B38=1,B39=1,B40=1),0,IF('Mode Logic'!B30=1,1,0)))*IF(B50=1,0,1) | C41: =B41 | D41: =IF(OR(D48=1,D38=1,D50=1),0,IF(AND(D35>=D33,D35<D33+1),1,0)) | I41: Change | J41: =(1/1000)*(K36*K37)/(K38*K39) | K41: C
A42: Auto Cool 3 | B42: =IF(B48=1,0,IF(OR(B38=1,B39=1,B40=1,B41=1),0,IF('Mode Logic'!B31=1,1,0)))*IF(OR(B50=1,B49),0,1) | C42: =B42 | D42: =IF(OR(D48=1,D38=1,D50=1,N1=1,N2=1),0,IF(AND(D35>=D33+2.5,D35<D33+3.5),1,0)) | E42: =IF(OR(B48=1,B38=1,B50=1,L1=1,L2=1),0,IF(AND(B35>=B33+2.5,B35<B33+3.5),1,0))
A43: Temp reference for Internal Smoke | B43: 45 | C43: 45 | D43: 45
A44: Internal Smoke GUI input | B44: ='DATA TRANSFER'!F28
A45: External Smoke GUI input | B45: ='DATA TRANSFER'!F29
E47: =IF(B44=1,IF(OR(B35<B43,'DATA TRANSFER'!Q585=1,'DATA TRANSFER'!$F$12=1),1,0),IF('DATA TRANSFER'!F31=1,IF(OR(B35<B34,'DATA TRANSFER'!Q585=1,'DATA TRANSFER'!$F$12=1),1,0),IF(OR(B35<B33,'DATA TRANSFER'!Q585=1,'DATA TRANSFER'!$F$12=1),1,0)))
A48: Vent | B48: =IF(B44=1,IF(OR(B35<B43,'DATA TRANSFER'!Q585=1,'DATA TRANSFER'!$F$12=1),1,0),IF('DATA TRANSFER'!F31=1,IF(OR(B35<B34,'DATA TRANSFER'!Q585=1,'DATA TRANSFER'!$F$12=1),1,0),IF(OR(B35<B33,'DATA TRANSFER'!Q585=1,'DATA TRANSFER'!$F$12=1),1,0))) | C48: =B48 | D48: =IF(AND(OR('DATA TRANSFER'!H38<25,'DATA TRANSFER'!H59=1,'DATA TRANSFER'!$CP$37=1),D49=0),1,0) | E48: =IF('DATA TRANSFER'!F31=1,IF(OR(B35<B34,'DATA TRANSFER'!Q585=1,'DATA TRANSFER'!$F$12=1),1,0),IF(OR(B35<B33,'DATA TRANSFER'!Q585=1,'DATA TRANSFER'!$F$12=1),1,0)) | F48: =IF('DATA TRANSFER'!F31=1,IF(OR(B35<B34,'DATA TRANSFER'!Q585=1,'DATA TRANSFER'!$F$12=1),1,0),IF(OR(B35<B33,'DATA TRANSFER'!Q585=1,'DATA TRANSFER'!$F$12=1),1,0)) | G48: =IF(AND(OR('DATA TRANSFER'!F38<25,'DATA TRANSFER'!DF14=1,'DATA TRANSFER'!F46),B49=0),1,0)
A49: Int Smoke | B49: 0 | C49: =B49 | D49: =C49 | E49: =IF(OR(B35<B33,'DATA TRANSFER'!Q585=1,'DATA TRANSFER'!$F$12=1),1,0)
A50: Ext Smoke | B50: 0 | C50: =B50 | D50: =C50 | F50: close external damper-FAD | G50: =IF(OR(B51,C51,D51,),1,0) | I50: DM A | J50: TCA | K50: DM B
A51: FAD | B51: =IF(OR(TCMS!D27=1,1,TCMS!D28=1,1),1,0) | C51: =B51 | D51: =IF(OR(TCMS!F27=1,1,TCMS!F28=1,1),1,0) | F51: close internal damper-RAD | G51: =IF(OR(B52:D52),1,0) | I51: =IF('DATA TRANSFER'!Q584=1,IF((Calculation!B36>=(Calculation!B33+0.5)),0,1),IF(AND('DATA TRANSFER'!$F$13=1,Calculation!B36<=Calculation!B33),1,0)) | J51: =IF('DATA TRANSFER'!DG14=1, IF(Calculation!C36>=Calculation!C33+0.5,1, IF(Calculation!C36<=Calculation!C33-0.5,0,'DATA TRANSFER'!DG15)),'DATA TRANSFER'!DG15) | K51: =IF('DATA TRANSFER'!DH14=1, IF(Calculation!D36>=Calculation!D33+0.5,1, IF(Calculation!D36<=Calculation!D33-0.5,0,'DATA TRANSFER'!DH15)),'DATA TRANSFER'!DH15)
A52: RAD | B52: =IF(OR(B49=1,'DATA TRANSFER'!F563=0),0,1) | C52: =B52 | D52: =IF(OR(TCMS!F27=2,1,TCMS!F28=2,1),1,0)
B54: DM1 | D54: T2 | F54: DM6
B55: HVAC 1 | C55: HVAC 2 | D55: HVAC 1 | E55: HVAC 2 | F55: HVAC 1 | G55: HVAC 2
A56: Fault | B56: 0 | C56: =B56 | D56: {=IF(OR('DATA TRANSFER'!$AD$61:$AH$61=1),1,0)} | E56: {=IF(OR('DATA TRANSFER'!$AD$61:$AH$61=1),1,0)} | F56: {=IF(OR('DATA TRANSFER'!$AD$61:$AH$61=1),1,0)} | G56: {=IF(OR('DATA TRANSFER'!$AD$61:$AH$61=1),1,0)}
A57: Pre-Cool | B57: =B38 | C57: =B57 | D57: =C38 | E57: =C38 | F57: =D38 | G57: =D38
A58: Pre-heat | B58: =B39 | C58: =B58 | D58: =C39 | E58: =C39 | F58: =D39 | G58: =D39
A59: Auto Cool 1 (Cooling Circuits Disabled) | B59: =B40 | C59: =B59 | D59: =C40 | E59: =C40 | F59: =D40 | G59: =D40
A60: Auto Cool 2 | B60: =B41 | C60: =B60 | D60: =C40 | E60: =C40 | F60: =D41 | G60: =D41
A61: Auto Cool 5 | B61: =B42 | C61: =B61 | D61: =C42 | E61: =C42 | F61: =D42 | G61: =D42
A62: Heat Mode | B62: 0
A63: Dehumidification Mode | B63: 0
A64: Emergency Vent Mode | B64: ='LFD OLD'!R45
A65: Heater | B65: =VLOOKUP(1,'Mode Logic'!B26:E36,3,FALSE)
A66: Condensor Fan | B66: =VLOOKUP(1,'Mode Logic'!B26:E36,4,FALSE) | C66: =B66
A67: Vent | B67: =B48 | C67: =B67 | D67: =C48 | E67: =D48 | F67: =D48 | G67: =D48
A68: Int Smoke | B68: =B49 | C68: =B68 | D68: =C49 | E68: =C49 | F68: =D49 | G68: =D49
A69: Ext Smoke | B69: =B50 | C69: =B69 | D69: =C50 | E69: =C50 | F69: =D50 | G69: =D50
A70: FAD | B70: =B51 | C70: =B70 | D70: =C51 | E70: =C51 | F70: =D51 | G70: =D51
A71: RAD | B71: =B52 | C71: =B71 | D71: =C52 | E71: =C52 | F71: =D52 | G71: =D52
A73: Comp 1 | B73: =IF(B56=0,IF(VLOOKUP(1,'Mode Logic'!B26:K37,7,FALSE),1,0)) | C73: =B73 | D73: =IF(D56=0,IF(OR(D57:D66,D69),1,0)) | E73: =IF(E56=0,IF(OR(E57:E66,E69),1,0)) | F73: =IF(F56=0,IF(OR(F57:F66,F69),1,0)) | G73: =IF(G56=0,IF(OR(G57:G66,G69),1,0))
A74: Comp 2 | B74: =IF(B56=0,IF(VLOOKUP(1,'Mode Logic'!B26:K37,8,FALSE),1,0)) | C74: =B74 | D74: =IF(D56=0,IF(OR(D57:D66,D69),1,0)) | E74: =IF(E56=0,IF(OR(E57:E66,E69),1,0)) | F74: =IF(F56=0,IF(OR(F57:F66,F69),1,0)) | G74: =IF(G56=0,IF(OR(G57:G66,G69),1,0))
A75: Comp 3 | B75: =IF(B56=0,IF(VLOOKUP(1,'Mode Logic'!B26:K37,9,FALSE),1,0)) | C75: =B75 | D75: =IF(D56=0,IF(OR(D57:D66,D69),1,0)) | E75: =IF(E56=0,IF(OR(E57:E66,E69),1,0)) | F75: =IF(F56=0,IF(OR(F57:F66,F69),1,0)) | G75: =IF(G56=0,IF(OR(G57:G66,G69),1,0))
A76: Comp 4 | B76: =IF(B56=0,IF(VLOOKUP(1,'Mode Logic'!B26:K37,10,FALSE),1,0)) | C76: =B76 | D76: =IF(D56=0,IF(OR(D57:D66,D69),1,0)) | E76: =IF(E56=0,IF(OR(E57:E66,E69),1,0)) | F76: =IF(F56=0,IF(OR(F57:F66,F69),1,0)) | G76: =IF(G56=0,IF(OR(G57:G66,G69),1,0))
A77: FAD | B77: =IF(B56=0,IF(VLOOKUP(1,'Mode Logic'!B26:N37,11,FALSE),1,0)) | C77: =B77
A78: RAD | B78: =B52 | C78: =B78
A80: Pax Heat Load | B80: =$M$9 | C80: =$M$9 | D80: =$M$9 | E80: =$M$9 | F80: =$M$9 | G80: =$M$9
A81: FAD Load | B81: =IF(B77=1,$J$17*$F$8/100,0) | C81: =IF(C77=1,$J$17*$F$8/100,0) | D81: =IF(D77=1,$J$17*$F$8/100,0) | E81: =IF(E77=1,$J$17*$F$8/100,0) | F81: =IF(F77=1,$J$17*$F$8/100,0) | G81: =IF(G77=1,$J$17*$F$8/100,0)
A82: Operational Heat | B82: =$K$23
A83: Total | B83: =SUM(B80:B82)*$B$8 | C83: =SUM(C80:C82)*$B$8 | D83: =SUM(D80:D82)*$B$8 | E83: =SUM(E80:E82)*$B$8 | F83: =SUM(F80:F82)*$B$8 | G83: =SUM(G80:G82)*$B$8
A85: Cooling | B85: =IF(AND(B73:B76),75000,IF(OR(B73:B76),70000,0)) | C85: =IF(AND(C73:C76),47000,IF(OR(C73:C76),10000,0)) | D85: =IF(AND(D73:D76),47000,IF(OR(D73:D76),10000,0)) | E85: =IF(AND(E73:E76),47000,IF(OR(E73:E76),10000,0)) | F85: =IF(AND(F73:F76),47000,IF(OR(F73:F76),10000,0)) | G85: =IF(AND(G73:G76),47000,IF(OR(G73:G76),10000,0))
A86: Delta W | B86: =B85-B83 | C86: =C85-C83 | D86: =D85-D84 | E86: =E85-E84 | F86: =F85-F84 | G86: =G85-G84
A87: Time | B87: =$B$6 | C87: =$B$6 | D87: =$B$6 | E87: =$B$6 | F87: =$B$6 | G87: =$B$6
A89: Total Delta W | B89: =B86+C86 | C89: =D86+E86 | D89: =F86+G86
A90: Change | B90: =((1/1000)*((B89*$B$6)/($K$29*$K$30))) | C90: =((1/1000)*((C89*$B$6)/($K$29*$K$30))) | D90: =((1/1000)*((D89*$B$6)/($K$29*$K$30)))
A92: HVAC SYSTEM COMMANDS SCREEN | F92: REMOTE CBs COMMANDS
A94: ISOLATE DMA HVAC 1 | B94: ISOLATE TCA HVAC 1 | C94: ISOLATE DMB HVAC 1 | D94: HW ISOLATE | F94: DMA HVAC 1 CB TRIP | G94: TCA HVAC 1 CB TRIP | H94: DMB HVAC 1 CB TRIP | I94: HW OFF DUE TO CB TRIP
A95: =--AND(TCMS!C97=1,TCMS!C100=1,(TCMS!C97+TCMS!C100+TCMS!D97+TCMS!D100+TCMS!E97+TCMS!E100)=2,'DATA TRANSFER'!F46) | B95: =--AND(TCMS!D97=1,TCMS!D100=1,(TCMS!C97+TCMS!C100+TCMS!D97+TCMS!D100+TCMS!E97+TCMS!E100)=2) | C95: =--AND(TCMS!E97=1,TCMS!E100=1,(TCMS!C97+TCMS!C100+TCMS!D97+TCMS!D100+TCMS!E97+TCMS!E100)=2) | F95: =IF((TCMS!C105=0),1,0) | I95: =IF(OR(C95,D95,E95,F95,G95,H95,C98,D98,E98,F98,G98,H98),1,0)
A97: FAULT DMA HVAC 1 | B97: FAULT TCA | C97: FAULT DMB | F97: DMA HVAC 2 CB TRIP | G97: TCA HVAC 2 CB TRIP | H97: DMB HVAC 2 CB TRIP
A100: AUTO DMA | B100: AUTO TCA | C100: AUTO DMB
A101: =IF(OR(TCMS!E62=1,TCMS!E65=1),1,0) | B101: =IF(OR(TCMS!E62=1,TCMS!E65=1),1,0) | C101: =IF(OR(TCMS!E62=1,TCMS!E65=1),1,0)
A103: RESET DMA | B103: RESET TCA | C103: RESET DMB | D103: HW RESET
A104: =TCMS!C103 | C104: =TCMS!C103 | D104: =IF(OR(A104,C104),1,0)
A106: VENT MODE DMA | B106: VENT MODE TCA | C106: VENT MODE DMB | D106: HW IN VENT MODE
A109: SET POINT DMA | B109: SET POINT TCA | C109: SET POINT DMB
A110: =IF(AND(TCMS!D74=1,TCMS!D75=1),1,0) | B110: =IF(AND(TCMS!E74=1,TCMS!E75=1),1,0) | C110: =IF(AND(TCMS!F74=1,TCMS!F75=1),1,0) | D110: =IF(OR(A110:C110),1,0)
A112: RESET SMOKE DMA | B112: RESET SMOKE TCA | C112: RESET SMOKE DMB | D112: HW SMOKE RESET
A115: ISOLATE DMA HVAC 2 | B115: ISOLATE TCA HVAC 2 | C115: ISOLATE DMB HVAC 2
A120: FAULT DMA HVAC 1 | B120: FAULT TCA | C120: FAULT DMB
A137: cooling level | B137: cooling capacity (kw) | C137: w
A138: 1 | B138: 10 | C138: 10000
A139: 2 | B139: 11 | C139: 11000
...

Sheet Mode Logic
B1: Inputs | F1: Temp | G1: Values | H1: Kelvin | J1: For Operating Panel Screen
B2: c | C2: 1 | D2: KJ/Kg | F2: T1 | G2: 18 | H2: =G2+273.15 | J2: Status | K2: Modes of Operation | L2: Compressor 1 | M2: Compressor 2 | N2: Compressor 3 | O2: Compressor 4 | P2: FAD | Q2: RAD | R2: Heater | S2: Condensor Fan | T2: Evaporator Fan 1 | U2: Evaporator Fan 2
B3: Set Point | C3: ='DATA TRANSFER'!F37+273.15 | D3: K | F3: T2 | G3: 25 | H3: =G3+273.15 | J3: {=IF(AND(J13:J15=0,J6=0),IF(AND(Calculation!B33>Calculation!B35,C3-C19>3,C7<=10%,C21<=60,C20<60),1,0),0)} | K3: =C26 | L3: =H26 | M3: =I26 | N3: =J26 | O3: =K26 | P3: 0 | Q3: =Calculation!$B$52 | R3: 1 | S3: 0 | T3: 1 | U3: 1 | AB3: Preconditioning: Preheating
B4: Ambient Temp | C4: ='DATA TRANSFER'!F39+273.15 | D4: K | F4: T3 | G4: 43 | H4: =G4+273.15 | J4: {=IF(AND(J13:J15=0),B27,0)} | K4: =C27 | L4: 1 | M4: 1 | N4: 1 | O4: 1 | P4: 0 | Q4: 1 | R4: 0 | S4: 1 | T4: 1 | U4: 1 | AB4: Preconditioning: Precooling
B5: Supply Temp | C5: ='DATA TRANSFER'!F39+273.15 | D5: K | F5: T4 | G5: 10 | H5: =G5+273.15 | J5: =B28 | K5: =C28 | P5: 1 | Q5: 1 | R5: 0 | S5: 1 | T5: 1 | U5: 1 | AB5: Cooling Mode
B6: Time | C6: 0.8 | D6: s | F6: T5 | G6: 11 | H6: =G6+273.15 | J6: =IF(AND('DATA TRANSFER'!Q584-Calculation!B33>=-0.5,'DATA TRANSFER'!Q584-Calculation!B33<0.5,J13=0,J14=0,J15=0),1,0) | K6: =C29 | L6: 0 | M6: 0 | N6: 0 | O6: 0 | P6: 0 | Q6: 0 | R6: 0 | S6: 1 | T6: 1 | U6: 1 | AB6: Standard Automatic Cooling State 1 (Cooling Circuits Disabled)
B7: Loading | C7: =E7/100 | D7: % | E7: ='DATA TRANSFER'!F40 | F7: T6 | G7: 12 | H7: =G7+273.15 | J7: {=IF(AND(B31=1,Calculation!B35-Calculation!B33>=0.5,Calculation!B35-Calculation!B33<3,J13:J15=0),1,0)} | K7: Standard Automatic Cooling State 2 (Up to 25% Modulated Cooling) | L7: 1 | M7: 0 | N7: 0 | O7: 0 | P7: 0 | Q7: 1 | R7: 0 | S7: 1 | T7: 1 | U7: 1 | AB7: Standard Automatic Cooling State 2 (Up to 25% Modulated Cooling)
B8: Current Mode | C8: =IFERROR(VLOOKUP(1,B26:C39,2,FALSE)," ") | D8: 0-1 | F8: T7 | G8: 30 | H8: =G8+273.15 | J8: {=IF(AND(B31=1,Calculation!B35-Calculation!B33>=3,Calculation!B35-Calculation!B33<4.5,J13:J15=0),1,0)} | K8: Standard Automatic Cooling State 3 (Up to 50% Modulated Cooling) | L8: 1 | M8: 1 | N8: 0 | O8: 0 | P8: 0 | Q8: 1 | R8: 0 | S8: 1 | T8: 1 | U8: 1 | AB8: Standard Automatic Cooling State 3 (Up to 50% Modulated Cooling)
B9: Comp 1 | C9: =IFERROR(VLOOKUP($C$8,$C$26:$H$40,6,FALSE)," ") | D9: On/off | F9: RAT | G9: 32 | H9: =G9+273.15 | J9: {=IF(AND(B31=1,Calculation!B35-Calculation!B33>=4.5,Calculation!B35-Calculation!B33<6,J13:J15=0),1,0)} | K9: Standard Automatic Cooling State 4 (Up to 75% Modulated Cooling) | L9: 1 | M9: 1 | N9: 1 | O9: 0 | P9: 0 | Q9: 1 | R9: 0 | S9: 1 | T9: 1 | U9: 1 | AB9: Standard Automatic Cooling State 4 (Up to 75% Modulated Cooling)
B10: Comp 2 | C10: =IFERROR(VLOOKUP($C$8,$C$26:$M$40,7,FALSE)," ") | D10: On/off | F10: FAT | G10: =C18 | H10: =G10+273.15 | J10: {=IF(AND(B31=1,Calculation!B35-Calculation!B33>=6,J13:J15=0),1,0)} | K10: Standard Automatic Cooling State 5 (Up to 100% Modulated Cooling) | L10: 1 | M10: 1 | N10: 1 | O10: 1 | P10: 0 | Q10: 1 | R10: 1 | S10: 1 | T10: 1 | U10: 1 | AB10: Standard Automatic Cooling State 5 (Up to 100% Modulated Cooling) | CD10: ='DATA TRANSFER'!F38
B11: Comp 3 | C11: =IFERROR(VLOOKUP($C$8,$C$26:$M$40,8,FALSE)," ") | D11: On/off | F11: SAT | J11: {=IF(AND(J6=0,J12:J15=0,J3=0),B32,0)} | K11: =C32 | L11: =IF(AND(L13=0,L14=0),H32,0) | M11: =I32 | N11: =J32 | O11: =K32 | P11: 1 | Q11: 1 | R11: 0 | S11: 0 | T11: 1 | U11: 1 | AB11: Ventilation Mode
B12: Comp 4 | C12: =IFERROR(VLOOKUP($C$8,$C$26:$M$40,9,FALSE)," ") | D12: On/off | F12: Set Point | G12: =Calculation!B33 | J12: {=IF(AND(J13:J15=0,J3=0),B33,0)} | K12: =C33 | L12: =H32 | M12: =I33 | N12: =J33 | O12: =K33 | P12: 0 | Q12: 1 | R12: 1 | S12: 0 | T12: 1 | U12: 1 | AB12: Heating Mode
B13: Heater | C13: =IFERROR(VLOOKUP($C$8,$C$26:$M$40,2,FALSE)," ") | D13: On/off | F13: old rat | G13: =Calculation!B35 | J13: ='DATA TRANSFER'!F28 | K13: =C34 | L13: =H33 | M13: 0 | N13: 0 | O13: 0 | P13: 0 | Q13: 0 | R13: 0 | S13: 0 | T13: 0 | U13: 0 | AB13: Internal Smoke Mode
B14: FAD | C14: =IFERROR(VLOOKUP($C$8,$C$26:$M$40,10,FALSE)," ") | F14: new rat | G14: =Calculation!B36 | J14: ='DATA TRANSFER'!F29 | K14: =C35 | L14: 1 | M14: 1 | N14: 1 | O14: 1 | P14: 0 | Q14: 1 | R14: 0 | S14: 1 | T14: 1 | U14: 1 | AB14: External Smoke Mode
B15: RAD | C15: =IFERROR(VLOOKUP($C$8,$C$26:$M$40,11,FALSE)," ") | J15: ='DATA TRANSFER'!F31 | K15: =C37 | L15: 0 | M15: 0 | N15: 0 | O15: 0 | P15: 0 | Q15: 0 | R15: 0 | S15: 0 | T15: 1 | U15: 1 | AB15: Emergency Ventilation Mode
B16: Cooling | D16: KW
C17: =C16*1000 | K17: Current Mode | L17: Compressor 1 | M17: Compressor 2 | N17: Compressor 3 | O17: Compressor 4 | P17: =P2 | Q17: =Q2 | R17: =R2 | S17: =S2 | T17: Condensor Fan 2 | U17: =T2 | V17: =U2
B18: Fresh Air Temp (FAT) | C18: ='DATA TRANSFER'!F39 | D18: oc | J18: =VLOOKUP(1,J3:K15,1,FALSE) | K18: =VLOOKUP(1,J3:P15,2,FALSE) | L18: =VLOOKUP($K$18,$K$3:$O$15,2,FALSE) | M18: =VLOOKUP($K$18,$K$3:$O$15,3,FALSE) | N18: =VLOOKUP($K$18,$K$3:$O$15,4,FALSE) | O18: =VLOOKUP($K$18,$K$3:$O$15,5,FALSE) | P18: =VLOOKUP($K$18,$K$3:$U$15,6,FALSE) | Q18: =VLOOKUP($K$18,$K$3:$U$15,7,FALSE) | R18: =VLOOKUP($K$18,$K$3:$U$15,8,FALSE) | S18: =VLOOKUP($K$18,$K$3:$U$15,9,FALSE) | T18: =S18 | U18: =VLOOKUP($K$18,$K$3:$U$15,10,FALSE) | V18: =VLOOKUP($K$18,$K$3:$U$15,11,FALSE)
B19: =Calculation!B36+273.15 | C19: =Calculation!B35+273.15 | D19: K | S19: =VLOOKUP($K$18,$K$3:$U$15,9,FALSE)
B20: Time Since HVAC ON | C20: =Calculation!B19 | D20: min
B21: Relative Humiditty | C21: ='DATA TRANSFER'!F43
A25: Sr No | B25: Status of Operation | C25: Status | D25: Heater | E25: Condensor Fan | F25: Evaporator Fan 1 | G25: Evaporator Fan 2 | H25: Compressor 1 | I25: Compressor 2 | J25: Compressor 3 | K25: Compressor 4 | L25: FAD | M25: RAD | N25: Remarks
A26: 1 | B26: 0 | C26: Preconditioning: Preheating | D26: 1 | E26: 0 | F26: 1 | G26: 1 | H26: 0 | I26: 0 | J26: 0 | K26: 0 | L26: 0 | M26: =Calculation!$B$52 | N26: pre-Heating operation
A27: 2 | B27: =IF(AND(C19-C3>3,C7<=10%,C21<=60,Calculation!B19<60,B32=0),1,0) | C27: Preconditioning: Precooling | D27: 0 | E27: 1 | F27: 1 | G27: 1 | H27: 1 | I27: 1 | J27: 1 | K27: 1 | L27: 0 | M27: 1 | N27: pre-Cooling operation
A28: 3 | B28: 0 | C28: Cooling Mode | D28: 0 | E28: 1 | F28: 1 | G28: 1 | H28: 1 | I28: 1 | J28: 1 | K28: 1 | L28: 1 | M28: 1 | N28: Cooling demand dependent
A29: 4 | B29: {=IF(AND(B26:B27=0,B32=0),IF(C18<G5,1,0),0)} | C29: Standard Automatic Cooling State 1 (Cooling Circuits Disabled) | D29: 0 | E29: 0 | F29: 1 | G29: 1 | H29: 0 | I29: 0 | J29: 0 | K29: 0 | L29: 0 | M29: 0
A30: 5 | B30: =IF(AND(H5<=H10,H10<H7,B32=0),1,0) | C30: Standard Automatic Cooling State 2 (Up to 50% Modulated Cooling) | D30: =IF(J15=0,IF(AND(Calculation!B33>Calculation!B35,C3-C19>3,C7<=10%,C21<=60,C20<=60),1,0)) | E30: 1 | F30: 1 | G30: 1 | H30: 1 | I30: 1 | J30: 0 | K30: 0
A31: 6 | B31: {=IF(AND(B26:B27=0,B32=0,B34=0,B35=0),IF(C18>=G7,1,0),0)} | C31: Standard Automatic Cooling State 3 (Up to 100% Modulated Cooling) | D31: 0 | E31: 1 | F31: 1 | G31: 1 | H31: 1 | I31: 1 | J31: 1 | K31: 1
A32: 7 | B32: =IF(AND(B26=0),Calculation!B67,0) | C32: Ventilation Mode | D32: 0 | E32: 0 | F32: 1 | G32: 1 | H32: 0 | I32: 0 | J32: 0 | K32: 0 | L32: 0 | M32: 1 | N32: Fresh air intake closed
A33: 8 | B33: =IF(Calculation!B33-Calculation!B35>5,1,0) | C33: Heating Mode | D33: 1 | E33: 0 | F33: 1 | G33: 1 | H33: 0 | I33: 0 | J33: 0 | K33: 0 | L33: 0/1 | M33: 1 | N33: Cooling/dehumidification with possible reheat
A34: 9 | B34: 0 | C34: Internal Smoke Mode | D34: 0 | E34: 0 | F34: 1 | G34: 1 | H34: 0 | I34: 0 | J34: 0 | K34: 0 | L34: 1 | M34: 0 | N34: Maximum ventilation / smoke removal
A35: 10 | B35: 0 | C35: External Smoke Mode | D35: 0 | E35: 0 | F35: 1 | G35: 1 | H35: 0 | L35: 0 | M35: 1
A36: 11 | C36: Dehumidification Mode | D36: 0/1 | E36: 1 | F36: 1 | G36: 1 | H36: 1 | L36: 0 | M36: 1
A37: 12 | C37: Emergency Ventilation Mode | D37: 0 | E37: 0/1 | F37: 1 | G37: 1 | H37: 0 | L37: 1 | M37: 1
A38: 13 | F38: ='DATA TRANSFER'!F38
A39: 14 | G39: ='DATA TRANSFER'!G38
A40: 15 | E40: =IF(OR(E26:E36),1,0)
B42: HVAC Staggered Start
B43: Compressor 1 | C43: =IF('DATA TRANSFER'!CP23=1,1,0)
B44: Time Elapsed since Compressor 1 start | C44: ='DATA TRANSFER'!Q587
B45: Compressor 2 | C45: =IF(AND(Calculation!B24=1,'Mode Logic'!C43=1,'Mode Logic'!C44>=1),1,0) | E45: =Calculation!B19
B47: Compressor 3
B49: Compressor 4
F376: ='DATA TRANSFER'!F39
Q584: =IF(AND('DATA TRANSFER'!Q584-Calculation!B33>=-0.5,'DATA TRANSFER'!Q584-Calculation!B33<0.5,J13=0,J14=0),1,0)
R587: ='DATA TRANSFER'!R590
R588: ='DATA TRANSFER'!Q587

Sheet HVAC MODES IN NORMAL OPERATION
A1: MODE | B1: Passenger Load | C1: Season | D1: Time | E1: Ambient Temp Min | F1: Ambient Temp Max | G1: Set Point Min | H1: Set Point Max | I1: RH Min | J1: RH Max | K1: Return Air Temperature
A2: Fresh Air Ventilation | B2: AW0 | C2: Summer, Rainy, Winter | D2: Morning, Afternoon, Night | E2: 15 | F2: 50 | G2: 18 | H2: 34 | I2: 0.4 | J2: 0.6 | K2: Initial = Ambient, Final = Set Point
A3: COOL 1 | B3: AW0 Laod 0, AW1 Load 50 ,AW2 Load 300, AW3 Load 380 | C3: Summer | D3: Morning | E3: 25 | F3: 36 | G3: 18 | H3: 34 | I3: 0.4 | J3: 0.6 | K3: RAT > Set Point
D4: Afternoon | E4: 36 | F4: 42.5 | G4: 18 | H4: 34 | I4: 0.4 | J4: 0.6 | K4: RAT > Set Point
D5: Night | E5: 25 | F5: 32 | G5: 18 | H5: 34 | I5: 0.4 | J5: 0.6 | K5: RAT > Set Point
C6: Rainy | D6: Morning | E6: 25 | F6: 30 | G6: 18 | H6: 34 | I6: 0.5 | J6: 0.75 | K6: RAT > Set Point
D7: Afternoon | E7: 30 | F7: 33 | G7: 18 | H7: 34 | I7: 0.5 | J7: 0.75 | K7: RAT > Set Point
D8: Night | E8: 25 | F8: 28 | G8: 18 | H8: 34 | I8: 0.5 | J8: 0.75 | K8: RAT > Set Point
C9: Winter | D9: Morning | E9: 4 | F9: 18 | G9: 18 | H9: 34 | I9: 0.3 | J9: 0.6 | K9: RAT > Set Point
D10: Afternoon | E10: 18 | F10: 28 | G10: 18 | H10: 34 | I10: 0.3 | J10: 0.6 | K10: RAT > Set Point
D11: Night | E11: 4 | F11: 15 | G11: 18 | H11: 34 | I11: 0.3 | J11: 0.6 | K11: RAT > Set Point
A12: COOL 2 | B12: AW0 Laod 0, AW1 Load 50 ,AW2 Load 300, AW3 Load 380 | C12: Summer | D12: Morning | E12: 25 | F12: 36 | G12: 18 | H12: 34 | I12: 0.4 | J12: 0.6 | K12: RAT > SP
D13: Afternoon | E13: 36 | F13: 50 | G13: 18 | H13: 34 | I13: 0.4 | J13: 0.6 | K13: RAT > SP
D14: Night | E14: 25 | F14: 32 | G14: 18 | H14: 34 | I14: 0.4 | J14: 0.6 | K14: RAT > SP
C15: Rainy | D15: Morning | E15: 25 | F15: 30 | G15: 18 | H15: 34 | I15: 0.5 | J15: 0.75 | K15: RAT > SP
D16: Afternoon | E16: 30 | F16: 33 | G16: 18 | H16: 34 | I16: 0.5 | J16: 0.75 | K16: RAT > SP
D17: Night | E17: 25 | F17: 28 | G17: 18 | H17: 34 | I17: 0.5 | J17: 0.75 | K17: RAT > SP
C18: Winter | D18: Morning | E18: 4 | F18: 18 | G18: 18 | H18: 34 | I18: 0.3 | J18: 0.6 | K18: RAT > SP
D19: Afternoon | E19: 18 | F19: 28 | G19: 18 | H19: 34 | I19: 0.3 | J19: 0.6 | K19: RAT > SP
D20: Night | E20: 4 | F20: 15 | G20: 18 | H20: 34 | I20: 0.3 | J20: 0.6 | K20: RAT > SP
A21: Dehumidification | B21: AW0 Laod 0, AW1 Load 50 ,AW2 Load 300, AW3 Load 380 | C21: Summer, Rainy | D21: Morning, Afternoon, Night | E21: 25 | F21: 33 | G21: 18 | H21: 34 | I21: 0.6 | J21: 0.85 | K21: RAT ≈ SP
A22: Pre-Cooling | B22: AW0 Laod 0, AW1 Load 50 ,AW2 Load 300, AW3 Load 380 | C22: Summer | D22: Morning | E22: 30 | F22: 42.5 | G22: 18 | H22: 34 | I22: 0.4 | J22: 0.6 | K22: Initial = Ambient, Final = Set Point
D23: Afternoon | E23: 36 | F23: 50 | G23: 18 | H23: 34 | I23: 0.4 | J23: 0.6 | K23: Initial = Ambient, Final = Set Point
D24: Night | E24: 30 | F24: 36 | G24: 18 | H24: 34 | I24: 0.4 | J24: 0.6 | K24: Initial = Ambient, Final = Set Point
A25: Pre-Heating | B25: AW0 Laod 0, AW1 Load 50 ,AW2 Load 300, AW3 Load 380 | C25: Winter | D25: Morning | E25: 4 | F25: 15 | G25: 18 | H25: 34 | I25: 0.3 | J25: 0.6 | K25: Initial = Ambient Temp, Final = Set Point
D26: Afternoon | E26: 15 | F26: 20 | G26: 18 | H26: 34 | I26: 0.3 | J26: 0.6 | K26: Initial = Ambient Temp, Final = Set Point
D27: Night | E27: 4 | F27: 15 | G27: 18 | H27: 34 | I27: 0.3 | J27: 0.6 | K27: Initial = Ambient Temp, Final = Set Point
A28: Emergency Ventilation | B28: AW0 Laod 0, AW1 Load 50 ,AW2 Load 300, AW3 Load 380 | C28: Summer, Rainy, Winter | D28: Any | E28: Any | F28: Any | G28: — | H28: — | I28: — | J28: — | K28: Temperature independent
A29: Ambient Smoke Mode | B29: AW0 Laod 0, AW1 Load 50 ,AW2 Load 300, AW3 Load 380 | C29: Any | D29: Any | E29: Any | F29: Any | G29: — | H29: — | I29: — | J29: — | K29: Temperature independent
A30: Internal Smoke Mode | B30: AW0 Laod 0, AW1 Load 50 ,AW2 Load 300, AW3 Load 380 | C30: Any | D30: Any | E30: Any | F30: Any | G30: — | H30: — | I30: — | J30: — | K30: Temperature independent

Sheet LFD OLD
A1: Sr. No | B1: Component ID | C1: Component Name | D1: Description | E1: Comment | F1: Labview input | G1: Logical Condition | R1: Status | AE1: COOLING STATUS ATTRIBUTES SUMMARY | BL1: LFD INPUTS TO EXCEL
G2: Dependency 1 LabView Input | H2: Dependency 2 | I2: Dependency 3 | J2: Dependency 4 | K2: Dependency 5 | L2: Dependency 6 | M2: Dependency 7 | N2: Dependency 8 | O2: Dependency 9 | P2: Dependency 10 | Q2: Dependency 11
A4: Additional Inputs | AF4: Mode | AG4: Cool 2 | AH4: Cool 1 | AI4: Preheat | AJ4: PreCool | AK4: Vent | AL4: Heat | AM4: Humidity | AN4: Emergency | AP4: Priority | AQ4: Preheat | AR4: PreCool | AS4: Cool2 | AT4: Cool1 | AU4: Vent | AV4: Humidity | AW4: Heat | AX4: Emergency
A5: 1 | B5: Set Point | E5: TCMS | F5: =Calculation!B33 | G5: Cool 2 | H5: Cool 1 | I5: Vent | J5: Heat | K5: Humidity | L5: Emergency Vent Mode | M5: External Smoke mode | N5: Internal smoke mode | W5: ='DATA TRANSFER'!F43 | AF5: Status | AG5: =R103 | AH5: =R103 | AI5: =R273 | AJ5: =R292 | AK5: =R42 | AL5: =R150
A6: 2 | B6: HAVC1_RATSI_1 | D6: Return Air Temp | E6: I/O | F6: =Calculation!B35 | G6: =IF(OR(V9=1,M6=0,V16=1,Calculation!D107=0,Calculation!D104=0,Calculation!D107=0),1,0) | H6: =IF(AND(Calculation!B67=1,'LFD OLD'!G11=0,'LFD OLD'!H11=0,'LFD OLD'!K6=0,'LFD OLD'!V17=1,'LFD OLD'!V9=1,Calculation!D107=0,Calculation!D104=0),1,0) | J6: =IF(F6 < (F5 - 0.5), 1, 0) | K6: =IF(F9>60,1,0) | L6: ='DATA TRANSFER'!CP36 | M6: ='DATA TRANSFER'!AE22 | N6: ='DATA TRANSFER'!AE21 | U6: passenger load | V6: ='DATA TRANSFER'!F40 | AF6: Fault | AH6: =IF(AND(R106:R109),1,0) | AI6: =IF(AND(R276:R279,R281),1,0) | AJ6: =IF(AND(R294:R298,R299),1,0)
A7: 3 | B7: HVAC1_FATSI_1 | D7: Ambient Temp | E7: I/O | F7: =Calculation!B34 | G7: cooling level 1 to 8 | H7: level 1 | I7: level 2 | J7: level 3 | K7: level 4 | L7: level 5 | M7: level 6 | N7: level 7 | O7: level 8 | U7: Pre-cool | V7: =IF(($W$5>=40)*($W$5<=60),1,0)
A8: 4 | B8: HVAC1_SATSI_1 | D8: Supply Air Temp | E8: I/O | F8: ='Mode Logic'!C18 | H8: =IF(OR(Calculation!B67=1,V9=1,M6=0,V16=1),1,0) | I8: =IF(OR(Calculation!B67=1,V9=1,M6=0,V17=1,G11=0,H11=0,K6=0,Calculation!D107=0,Calculation!D104=0,Calculation!D107=0),1,0) | J8: =IF(OR(Calculation!B67=1,V9=1,M6=0,V18=1,G11=0,H11=0,K6=0,Calculation!D107=0,Calculation!D104=0,Calculation!D107=0),1,0) | K8: =IF(OR(Calculation!B67=1,V9=1,M6=0,V19=1,G11=0,H11=0,K6=0,Calculation!D107=0,Calculation!D104=0,Calculation!D107=0),1,0) | L8: =IF(OR(Calculation!B67=1,V9=1,M6=0,V20=1,G11=0,H11=0,K6=0,Calculation!D107=0,Calculation!D104=0,Calculation!D107=0),1,0) | M8: =IF(OR(Calculation!B67=1,V9=1,M6=0,V21=1,G11=0,H11=0,K6=0,Calculation!D107=0,Calculation!D104=0,Calculation!D107=0),1,0) | N8: =IF(OR(Calculation!B67=1,V9=1,M6=0,V22=1,G11=0,H11=0,K6=0,Calculation!D107=0,Calculation!D104=0,Calculation!D107=0),1,0) | O8: =IF(OR(Calculation!B67=1,V9=1,M6=0,V23=1,G11=0,H11=0,K6=0,Calculation!D107=0,Calculation!D104=0,Calculation!D107=0),1,0) | U8: Pre-heat | V8: =IF(($W$5>=4)*($W$5<=18), 1, 0) | AE8: Commands from Cooling Status Attributes
A9: 5 | B9: HVAC1_RHTSI_1 | D9: Relative Humidity | E9: I/O | F9: ='Mode Logic'!C21 | U9: Cooling level 1 to 8, vent | V9: =IF(($W$5>=50)*AND($W$5<=60),1,0) | AG9: PreCool | AH9: Preheat | AI9: Cool2 | AJ9: Cool1 | AK9: Vent | AL9: Humidity | AM9: Heat | AN9: Emergency | AO9: PreCool | AP9: Preheat | AQ9: Cool2 | AR9: Cool1 | AS9: Vent | AT9: Humidity | AU9: Heat | AV9: Emergency | AW9: Command | AZ9: Emergency Vent Mode | BA9: Internal Smoke mode | BB9: External smoke mode | BD9: Emergency Vent Mode | BE9: Internal Smoke mode | BF9: External smoke mode
A10: 6 | D10: Passenger Loading | E10: I/O | F10: ='DATA TRANSFER'!F40 | G10: PCOOL | H10: PHEAT | U10: Dehumidification | V10: =IF(W5>60,1,0) | AE10: 1 | AF10: HAVC1_COMP_1 | AG10: =R303 | AH10: =R284 | AI10: =Q112 | AJ10: =R112 | AO10: =AG10 | AP10: =AH10 | AQ10: =IF(AG10=1,1,AI10) | AR10: =IF(OR(AG10,AI10),1,AJ10) | AS10: =IF(OR(AG10:AJ10),1,AK10) | AT10: =IF(OR(AG10:AK10),1,AL10) | AU10: =IF(OR(AG10:AL10),1,AM10) | AV10: =IF(OR(AG10:AM10),1,AN10) | AW10: =AV10 | AY10: HAVC1_COMP_1 | AZ10: ='CIRCUIT SIM'!L696 | BA10: ='CIRCUIT SIM'!Q696 | BB10: ='CIRCUIT SIM'!S696 | BD10: =IF(OR(AG10:AN10,BA10,BB10),1,AZ10) | BE10: =IF(OR(AG10:AN10,AZ10,BB10),1,BA10) | BF10: =IF(OR(AG10:AN10,AZ10:BA10),1,BB10)
A11: 7 | B11: Chk_TDR Precool | D11: HVAC1_START Time | E11: I/O | F11: =HVAC_IOs!D51-HVAC_IOs!D50 | G11: =Calculation!B40 | H11: =Calculation!B39 | AE11: 2 | AF11: HAVC1_COMP_2 | AG11: =R304 | AH11: =R285 | AI11: =Q113 | AJ11: =R113 | AO11: =AG11 | AP11: =IF(AG11,1,AH11) | AQ11: =IF(OR(AG11:AH11),1,AI11) | AR11: =IF(OR(AG11:AI11),1,AJ11) | AS11: =IF(OR(AG11:AJ11),1,AK11) | AT11: =IF(OR(AG11:AK11),1,AL11) | AU11: =IF(OR(AG11:AL11),1,AM11) | AV11: =IF(OR(AG11:AM11),1,AN11) | AW11: =AV11 | AY11: HAVC1_COMP_2 | AZ11: ='CIRCUIT SIM'!L697 | BA11: ='CIRCUIT SIM'!Q697 | BB11: ='CIRCUIT SIM'!S697 | BD11: =IF(OR(AG11:AN11,BA11,BB11),1,AZ11) | BE11: =IF(OR(AG11:AN11,AZ11,BB11),1,BA11) | BF11: =IF(OR(AG11:AN11,AZ11:BA11),1,BB11)
A12: 8 | B12: Pumpdown_CHk | D12: Pumodown (Managed Shutdown) Check | F12: =HVAC_IOs!D52 | U12: Vent temperature | V12: =IF(F6<=F5-0.5,1,0) | AE12: 3 | AF12: HAVC1_COMP_3 | AG12: =R305 | AH12: =R286 | AI12: =Q114 | AJ12: =R114 | AO12: =AG12 | AP12: =IF(AG12,1,AH12) | AQ12: =IF(OR(AG12:AH12),1,AI12) | AR12: =IF(OR(AG12:AI12),1,AJ12) | AS12: =IF(OR(AG12:AJ12),1,AK12) | AT12: =IF(OR(AG12:AK12),1,AL12) | AU12: =IF(OR(AG12:AL12),1,AM12) | AV12: =IF(OR(AG12:AM12),1,AN12) | AY12: HAVC1_COMP_3 | AZ12: ='CIRCUIT SIM'!L698 | BA12: ='CIRCUIT SIM'!Q698 | BB12: ='CIRCUIT SIM'!S698 | BD12: =IF(OR(AG12:AN12,BA12,BB12),1,AZ12) | BE12: =IF(OR(AG12:AN12,AZ12,BB12),1,BA12) | BF12: =IF(OR(AG12:AN12,AZ12:BA12),1,BB12)
A13: 9 | B13: Equilization_Chk | D13: Equilization Runtime check | F13: =HVAC_IOs!D53 | J13: Aux Supply | L13: isolate | M13: =TCMS!C105 | AE13: 4 | AF13: HAVC1_COMP_4 | AG13: =R306 | AH13: =R287 | AI13: =Q115 | AJ13: =R115 | AO13: =AG13 | AP13: =IF(AG13,1,AH13) | AQ13: =IF(OR(AG13:AH13),1,AI13) | AR13: =IF(OR(AG13:AI13),1,AJ13) | AS13: =IF(OR(AG13:AJ13),1,AK13) | AT13: =IF(OR(AG13:AK13),1,AL13) | AU13: =IF(OR(AG13:AL13),1,AM13) | AV13: =IF(OR(AG13:AM13),1,AN13) | AY13: HAVC1_COMP_4 | AZ13: ='CIRCUIT SIM'!L699 | BA13: ='CIRCUIT SIM'!Q699 | BB13: ='CIRCUIT SIM'!S699 | BD13: =IF(OR(AG13:AN13,BA13,BB13),1,AZ13) | BE13: =IF(OR(AG13:AN13,AZ13,BB13),1,BA13) | BF13: =IF(OR(AG13:AN13,AZ13:BA13),1,BB13)
A14: 10 | B14: Chk_TDR LP | D14: LP Cutout | F14: 1 | U14: set point | V14: ='DATA TRANSFER'!F37 | AE14: 5 | AF14: HVAC1_CF_1 | AG14: =R307 | AH14: =R288 | AI14: =P114 | AJ14: =Q114 | AO14: =AG14 | AP14: =IF(AG14,1,AH14) | AQ14: =IF(OR(AG14:AH14),1,AI14) | AR14: =IF(OR(AG14:AI14),1,AJ14) | AS14: =IF(OR(AG14:AJ14),1,AK14) | AT14: =IF(OR(AG14:AK14),1,AL14) | AU14: =IF(OR(AG14:AL14),1,AM14) | AV14: =IF(OR(AG14:AM14),1,AN14) | AY14: HVAC1_CF_1 | AZ14: ='CIRCUIT SIM'!L700 | BA14: ='CIRCUIT SIM'!Q700 | BB14: ='CIRCUIT SIM'!S700 | BD14: =IF(OR(AG14:AN14,BA14,BB14),1,AZ14) | BE14: =IF(OR(AG14:AN14,AZ14,BB14),1,BA14) | BF14: =IF(OR(AG14:AN14,AZ14:BA14),1,BB14)
A15: 11 | B15: Chk_TDR Comp1 | D15: TDR Comp1 | F15: =HVAC_IOs!D47 | U15: cooling level | V15: ='DATA TRANSFER'!F38 | AE15: 6 | AF15: HVAC1_CF_2 | AG15: =R308 | AH15: =R289 | AI15: =P115 | AJ15: =Q115 | AO15: =AG15 | AP15: =IF(AG15,1,AH15) | AQ15: =IF(OR(AG15:AH15),1,AI15) | AR15: =IF(OR(AG15:AI15),1,AJ15) | AS15: =IF(OR(AG15:AJ15),1,AK15) | AT15: =IF(OR(AG15:AK15),1,AL15) | AU15: =IF(OR(AG15:AL15),1,AM15) | AV15: =IF(OR(AG15:AM15),1,AN15) | AY15: HVAC1_CF_2 | AZ15: ='CIRCUIT SIM'!L701 | BA15: ='CIRCUIT SIM'!Q701 | BB15: ='CIRCUIT SIM'!S701 | BD15: =IF(OR(AG15:AN15,BA15,BB15),1,AZ15) | BE15: =IF(OR(AG15:AN15,AZ15,BB15),1,BA15) | BF15: =IF(OR(AG15:AN15,AZ15:BA15),1,BB15)
A16: 12 | B16: CHk_TDR Comp2 | C16: E1 | D16: TDR Comp 2 | F16: =HVAC_IOs!D54 | U16: level 1 | V16: =IF(AND(V15>=V14+0.5,V15<V14+1.5),1,0) | AE16: 7 | AF16: Command_RAD | AG16: =R309 | AH16: =R290 | AI16: =P111 | AJ16: =Q111 | AM16: =R156 | AO16: =AG16 | AP16: =IF(AG16,1,AH16) | AQ16: =IF(OR(AG16:AH16),1,AI16) | AR16: =IF(OR(AG16:AI16),1,AJ16) | AS16: =IF(OR(AG16:AJ16),1,AK16) | AT16: =IF(OR(AG16:AK16),1,AL16) | AU16: =IF(OR(AG16:AL16),1,AM16) | AV16: =IF(OR(AG16:AM16),1,AN16) | AY16: Command_RAD | AZ16: ='CIRCUIT SIM'!L702 | BA16: ='CIRCUIT SIM'!Q702 | BB16: ='CIRCUIT SIM'!S702 | BD16: =IF(OR(AG16:AN16,BA16,BB16),1,AZ16) | BE16: =IF(OR(AG16:AN16,AZ16,BB16),1,BA16) | BF16: =IF(OR(AG16:AN16,AZ16:BA16),1,BB16)
A17: 13 | D17: Internal Smoke (NOT) | U17: level 2 | V17: =IF(AND(V15>=V14+1.5,V15<V14+2.5),1,0) | AE17: 8 | AF17: Command_FAD_1 | AG17: =R310 | AH17: =R291 | AI17: =R113 | AJ17: =S113 | AM17: =R156 | AO17: =AG17 | AP17: =IF(AG17,1,AH17) | AQ17: =IF(OR(AG17:AH17),1,AI17) | AR17: =IF(OR(AG17:AI17),1,AJ17) | AS17: =IF(OR(AG17:AJ17),1,AK17) | AT17: =IF(OR(AG17:AK17),1,AL17) | AU17: =IF(OR(AG17:AL17),1,AM17) | AV17: =IF(OR(AG17:AM17),1,AN17) | AY17: Command_FAD_1 | AZ17: ='CIRCUIT SIM'!L703 | BA17: ='CIRCUIT SIM'!Q703 | BB17: ='CIRCUIT SIM'!S703 | BD17: =IF(OR(AG17:AN17,BA17,BB17),1,AZ17) | BE17: =IF(OR(AG17:AN17,AZ17,BB17),1,BA17) | BF17: =IF(OR(AG17:AN17,AZ17:BA17),1,BB17)
U18: level 3 | V18: =IF(AND(V15>=V14+2.5,V15<V14+3.5),1,0) | AE18: 9 | AF18: Command_FAD_2 | AG18: =R311 | AH18: =R292 | AI18: =R114 | AJ18: =S114 | AM18: =R156 | AO18: =AG18 | AP18: =IF(AG18,1,AH18) | AQ18: =IF(OR(AG18:AH18),1,AI18) | AR18: =IF(OR(AG18:AI18),1,AJ18) | AS18: =IF(OR(AG18:AJ18),1,AK18) | AT18: =IF(OR(AG18:AK18),1,AL18) | AU18: =IF(OR(AG18:AL18),1,AM18) | AV18: =IF(OR(AG18:AM18),1,AN18) | AY18: Command_FAD_2 | AZ18: ='CIRCUIT SIM'!L704 | BA18: ='CIRCUIT SIM'!Q704 | BB18: ='CIRCUIT SIM'!S704 | BD18: =IF(OR(AG18:AN18,BA18,BB18),1,AZ18) | BE18: =IF(OR(AG18:AN18,AZ18,BB18),1,BA18) | BF18: =IF(OR(AG18:AN18,AZ18:BA18),1,BB18)
U19: level 4 | V19: =IF(AND(V15>=V14+3.5,V15<V14+4.5),1,0) | AE19: 10 | AF19: HVAC1_SAF1 | AG19: =R312 | AH19: =R293 | AI19: =P110 | AJ19: =Q110 | AM19: =R156 | AO19: =AG19 | AP19: =IF(AG19,1,AH19) | AQ19: =IF(OR(AG19:AH19),1,AI19) | AR19: =IF(OR(AG19:AI19),1,AJ19) | AS19: =IF(OR(AG19:AJ19),1,AK19) | AT19: =IF(OR(AG19:AK19),1,AL19) | AU19: =IF(OR(AG19:AL19),1,AM19) | AV19: =IF(OR(AG19:AM19),1,AN19) | AY19: HVAC1_SAF1 | AZ19: ='CIRCUIT SIM'!L705 | BA19: ='CIRCUIT SIM'!Q705 | BB19: ='CIRCUIT SIM'!S705 | BD19: =IF(OR(AG19:AN19,BA19,BB19),1,AZ19) | BE19: =IF(OR(AG19:AN19,AZ19,BB19),1,BA19) | BF19: =IF(OR(AG19:AN19,AZ19:BA19),1,BB19)
U20: level 5 | V20: =IF(AND(V15>=V14+4.5,V15<V14+5.5),1,0) | AE20: 11 | AF20: HVAC1_SAF2 | AG20: =R313 | AH20: =R294 | AI20: =P111 | AJ20: =Q111 | AM20: =R156 | AO20: =AG20 | AP20: =IF(AG20,1,AH20) | AQ20: =IF(OR(AG20:AH20),1,AI20) | AR20: =IF(OR(AG20:AI20),1,AJ20) | AS20: =IF(OR(AG20:AJ20),1,AK20) | AT20: =IF(OR(AG20:AK20),1,AL20) | AU20: =IF(OR(AG20:AL20),1,AM20) | AV20: =IF(OR(AG20:AM20),1,AN20) | AY20: HVAC1_SAF2 | AZ20: ='CIRCUIT SIM'!L706 | BA20: ='CIRCUIT SIM'!Q706 | BB20: ='CIRCUIT SIM'!S706 | BD20: =IF(OR(AG20:AN20,BA20,BB20),1,AZ20) | BE20: =IF(OR(AG20:AN20,AZ20,BB20),1,BA20) | BF20: =IF(OR(AG20:AN20,AZ20:BA20),1,BB20)
A21: HVAC LFD's | U21: level 6 | V21: =IF(AND(V15>=V14+5.5,V15<V14+6.5),1,0) | AE21: 12 | AF21: Command_Heater | AY21: Command_Heater
U22: level 7 | V22: =IF(AND(V15>=V14+6.5,V15<V14+7.5),1,0) | AE22: 13 | AF22: Command_Liquidline Solenoid 1 | AY22: Command_Liquidline Solenoid 1
A23: 1. HVAC fresh air damper | U23: level 8 | V23: =IF(V15>=V14+7.5,1,0) | AE23: 14 | AF23: Command_Liquidline Solenoid 2 | AY23: Command_Liquidline Solenoid 2
A24: 1 | B24: External_smoke_detected | F24: ='DATA TRANSFER'!F29 | R24: =IF(AND(D24:Q24),1,0) | AE24: 15 | AF24: Emergency Inverter | AY24: Emergency Inverter
A25: 2 | B25: Driver_Close_command | F25: =HVAC_IOs!D23 | R25: =IF(AND(F25:Q25),1,0) | AE25: 16
A26: 3 | B26: Internal_Smoke_Detected | F26: ='DATA TRANSFER'!F28 | R26: =IF(AND(D26:Q26),1,0)
H27: =IF(OR(F24:F26),1,0) | R27: =IF(AND(F27:Q27),1,0)
A28: 4 | B28: Driver_by_pass_command | F28: 0 | G28: =IF(NOT(F28),1,0) | R28: =IF(AND(D28:Q28),1,0)
A29: 5 | B29: FADR_closed | F29: =Calculation!B28 | R29: =IF(AND(F29:Q29),1,0)
A30: 6 | B30: Fresh_air_Damper_Close(FAD) | H30: =IF(AND(H27,G28,F29),1,0) | R30: =IF(AND(D30:Q30),1,0)
A34: 2. HVAC emergency ventilation Control
A35: 1 | B35: APS1_healthy | F35: =HVAC_IOs!D15 | G35: =IF(NOT(F35),1,0) | R35: =IF(AND(F35:Q35),1,0)
A36: 2 | B36: APS2_Healthy | F36: =HVAC_IOs!D26 | G36: =IF(NOT(F36),1,0) | R36: =IF(AND(F36:Q36),1,0)
B37: LFC05 | H37: =IF(OR(G35:G36),1,0)
A38: 3 | B38: 110V_Battery_supply | F38: =HVAC_IOs!D25 | R38: =IF(AND(F38:Q38),1,0)
A39: 4 | B39: APS1_healthy | F39: =F35 | G39: =IF(NOT(F39),1,0) | R39: =IF(AND(F39:Q39),1,0)
A40: 5 | B40: APS2_healthy | F40: =F36 | G40: =IF(NOT(F40),1,0) | R40: =IF(AND(F40:Q40),1,0)
B41: LFC11 | H41: =IF(AND(F38,G39:G40),1,0)
A42: 6 | B42: VDU command | F42: =HVAC_IOs!D27 | R42: =IF(AND(F42:Q42),1,0)
A43: 7 | B43: HVAC system status | F43: =IF(Calculation!B56=1,0,1) | R43: =IF(AND(F43:Q43),1,0)
A44: 8 | B44: Emergency ventilation | I44: =IF(OR(H37,H41,F42),1,0) | R44: =IF(AND(F44:Q44),1,0)
A45: 9 | B45: Feedback_indication | I45: =F43 | R45: =IF(AND(F45:Q45),1,0)
A48: 3. HVAC Staggered Starting
A49: 1 | B49: APS_1_ok | F49: =HVAC_IOs!D15 | R49: =IF(AND(F49:Q49),1,0)
A50: 2 | B50: APS_2_ok | F50: =HVAC_IOs!D26 | R50: =IF(AND(F50:Q50),1,0)
B51: LFC 03 | G51: =IF(AND(F49:F50),1,0)
A52: 3 | B52: START_Command_TCMS | F52: =HVAC_IOs!D18 | R52: =IF(AND(F52:Q52),1,0)
A53: 4 | B53: START_allow | F53: =G58 | R53: =IF(AND(F53:Q53),1,10)
A54: 5 | B54: Comp_2_Start | F54: =G61 | R54: =IF(AND(F54:Q54),1,0)
A55: 6 | B55: Load_Cooling_Level_5 | F55: 1 | R55: =IF(AND(F55:Q55),1,0)
A56: 7 | B56: Comp_3_Start | F56: =G63 | R56: =IF(AND(F56:Q56),1,0)
A57: 8 | B57: Load_Cooling_level_7 | F57: 1 | R57: =IF(AND(F57:Q57),1,0)
A58: 9 | B58: START_allow | G58: =IF(AND(G51,B52),1,0) | R58: =IF(AND(F58:Q58),1,0)
A59: 10 | B59: Comp_1_Start | G59: =F53 | R59: =IF(AND(G59:Q59),1,0)
A60: 11 | B60: 1_sec_delay | G60: =F53 | R60: =IF(AND(G60:Q60),1,0)
A61: 12 | B61: Comp_2_Start | G61: =G60 | R61: =IF(AND(G61:Q61),1,0)
A62: 13 | B62: 1_sec_delay | G62: =IF(AND(F54:F55),1,0) | R62: =IF(AND(G62:Q62),1,0)
A63: 14 | B63: Com_3_start | G63: =G62 | R63: =IF(AND(G63:Q63),1,0)
A64: 15 | B64: 1_sec_delay | G64: =IF(AND(F56:F57),1,0) | R64: =IF(AND(G64:Q64),1,0)
A65: 16 | B65: comp_4_start | G65: =G64 | R65: =IF(AND(G65:Q65),1,0)
A70: 4. Out side Smoke
A71: 1 | B71: HVAC1_SMDR_de-energized | F71: =HVAC_IOs!D5 | R71: =IF(AND(F71:Q71),1,0)
A72: 2 | B72: HVAC2_SMDR_de-energized | F72: =HVAC_IOs!D5 | R72: =IF(AND(F72:Q72),1,0)
A73: 3 | B73: SMRR_relay_reset | F73: =HVAC_IOs!K27 | G73: =IF(NOT(F73),1,0) | R73: =IF(AND(F73:Q73),1,0)
A74: 4 | B74: Command_compressor_1_OFF | H74: =IF(AND(F71:F72,G73),1,0) | R74: =IF(AND(F74:Q74),1,0)
A75: 5 | B75: Command_compressor_2_OFF | H75: =IF(AND(F71,F72,G73),1,0) | R75: =IF(AND(H75:Q75),1,0)
A76: 6 | B76: Command_compressor_1_OFF | H76: =IF(AND(F71:F72,G73),1,0) | R76: =IF(AND(H76:Q76),1,0)
A77: 7 | B77: Command_compressor_2_OFF | H77: =IF(AND(F71:F72,G73),1,0) | R77: =IF(AND(H77:Q77),1,0)
A78: 8 | B78: Command_return_air_damper_Close | H78: =IF(AND(F71:F72,G73),1,0) | R78: =IF(AND(H78:Q78),1,0)
A79: 9 | B79: Command_supply_air_fan_OFF | H79: =IF(AND(F71:F72,G73),1,0) | R79: =IF(AND(H79:Q79),1,0)
A80: 10 | B80: Command_fresh_air_damper_Close | H80: =IF(AND(F71:F72,G73),1,0) | R80: =IF(AND(H80:Q80),1,0)
A81: 11 | B81: FADR_close_full_train | H81: =IF(AND(F71:F72,G73),1,0) | R81: =IF(AND(H81:Q81),1,0)
A86: 5. Inside Smoke
A88: 1 | B88: Inside_smoke_active(FDU_low) | F88: =HVAC_IOs!D4 | R88: =IF(AND(F88:Q88),1,0)
A89: 2 | B89: HVAC_in_ON_condition | F89: 1 | R89: =IF(AND(F89:Q89),1,0)
A90: 3 | B90: Command_compressor_1_OFF | G90: =IF(AND(F88:F89),1,0) | R90: =IF(AND(G90:Q90),1,0)
A91: 4 | B91: Command_compressor_2_OFF | G91: =IF(AND(F88:F89),1,0) | R91: =IF(AND(G91:Q91),1,0)
A92: 5 | B92: Command_compressor_3_OFF | G92: =IF(AND(F88:F89),1,0) | R92: =IF(AND(G92:Q92),1,0)
A93: 6 | B93: Command_compressor_4_OFF | G93: =IF(AND(F88:F89),1,0) | R93: =IF(AND(G93:Q93),1,0)
A94: 7 | B94: Command_return_Air_damper_close | G94: =IF(AND(F88:F89),1,0) | R94: =IF(AND(G94:Q94),1,0)
A95: 8 | B95: command_supply_air_fan_OFF | G95: =IF(AND(F88:F89),1,0) | R95: =IF(AND(G95:Q95),1,0)
A96: 9 | B96: command_fresh_air_damper_close | G96: =IF(AND(F88:F89),1,) | R96: =IF(AND(G96:Q96),1,0)
A101: 6. Cooling Multiple Stages
A103: 1 | B103: HVAC_ON | F103: 1 | R103: =IF(AND(F103:Q103),1,0)
A104: 2 | B104: Cooling_mode selected | F104: =HVAC_IOs!D20 | R104: =IF(AND(F104:Q104),1,0)
A105: 3 | B105: RAT>Cooling_set_point | F105: =IF(Calculation!B35>Calculation!B33,1,0) | R105: =IF(AND(F105:Q105),1,0)
A106: 4 | B106: HP_fault | F106: =IF(AND(HVAC_IOs!R6=1,HVAC_IOs!R8=1),1,0) | G106: =IF(NOT(F106),1,0) | R106: =IF(AND(G106:Q106),1,0)
A107: 5 | B107: LP_fault | F107: =IF(AND(HVAC_IOs!R7=1,HVAC_IOs!R9=1),1,0) | G107: =IF(NOT(F107),1,0) | R107: =IF(AND(G107:Q107),1,0)
A108: 6 | B108: CB_fault | F108: 0 | G108: =IF(NOT(F108),1,0) | R108: =IF(AND(G108:Q108),1,0)
A109: 7 | B109: SAFAN_fault | F109: =IF(AND(HVAC_IOs!D45=1,HVAC_IOs!D46=1),0,1) | G109: =IF(NOT(F109),1,0) | R109: =IF(AND(G109:Q109),1,0)
A110: 8 | B110: SAF_ON | H110: =IF(AND(R103:R105,R106:R109),1,0) | R110: =IF(AND(F110:Q110),1,0)
A111: 9 | B111: RAD_open | H111: =IF(AND(R103:R105,R106:R109),1,0) | R111: =IF(AND(H111:Q111),1,0)
A112: 10 | B112: Cooling_enable | H112: =IF(AND(R103:R105,R106:R109),1,0) | R112: =IF(AND(H112:Q112),1,0)
A113: 11 | B113: FAD_Open | H113: =IF(AND(R103:R105,R106:R109),1,0) | R113: =IF(AND(H113:Q113),1,0)
A114: 12 | B114: Condensor_fan_open | H114: =IF(AND(R103:R105,R106:R109),1,0) | R114: =IF(AND(H114:Q114),1,0)
A119: 7. Fixed Speed Compressor
A121: 1 | B121: Cooling_level_3 | F121: =IF(OR(Calculation!$B$59:$B$61),1,0) | R121: =IF(AND(F121:Q121),1,0)
A122: 2 | B122: Cooling_level_4 | F122: =IF(OR(Calculation!$B$59:$B$61),1,0) | R122: =IF(AND(F122:Q122),1,0)
A123: 3 | B123: Cooling_level_5 | F123: =IF(OR(Calculation!$B$59:$B$61),1,0) | R123: =IF(AND(F123:Q123),1,0)
B124: LFC04 | G124: =IF(OR(F121:F123),1,0)
A125: 4 | B125: Cooling_level_6 | F125: =IF(OR(Calculation!$B$59:$B$61),1,0) | R125: =IF(AND(F125:Q125),1,0)
...

Sheet LFD New
A1: SR No. | B1: INPUTS TO LFD | C1: SOURCE | D1: STATUS
A2: 1 | B2: HVAC 1 ON | D2: 1
B3: HVAC 2 ON | D3: 1
J4: {=IF(OR('Mode Logic'!J6:J10=1),1,0)}
A6: 2 | B6: APS1_healthy | D6: 0
A7: 3 | B7: APS2_Healthy | D7: 0
A8: 4 | B8: 110V_Battery_supply | D8: 1
A9: 5 | B9: VDU command
A10: 6 | B10: HVAC system status
A11: 7 | B11: HVAC1_SMDR_de-energized
A12: 8 | B12: HVAC2_SMDR_de-energized
A13: 9 | B13: SMRR_relay_reset
A14: 10 | B14: TCMS Start allow
A15: 11 | B15: APS_1 failure | D15: =IF(NOT(D6),1,0)
A16: 12 | B16: =IF(Calculation!B35>Calculation!B33,1,0) | D16: =IF(NOT(D7),1,0)
A17: 13 | B17: HVAC_priority_Select
B18: HVAC_AUTO_Mode_TCMS | D18: 1
B19: PPR_High | D19: 1 | O19: =IF(OR('Mode Logic'!J3:J4),1,0)
B20: Comp_min._OFF_timer_expired | D20: 1
B21: No_condenser_fan1_failure | C21: =IF(OR('Mode Logic'!J3,'Mode Logic'!J12),1,0) | D21: 1
B22: No_condenser_fan2_failure | D22: 1
B23: Compressor Set Enabled | D23: 1
B24: Comp start not inhibited by start perm | D24: 1
B25: CTMC_energized_condenser_fan_START | D25: 1
B26: Liquid_line_solenoid_valve_open | D26: 1
B27: CFMC_feedback_OK | D27: 1
B28: CMC_energized | D28: 1
B29: Cooling_demand_>_2nd_comp._threshold | D29: =IF(OR('Mode Logic'!J7:J10),1,0)
B30: 2nd_comp._required | D30: =D29
B31: Comp.start-_allowed | D31: 1
B32: CFM fan OK | D32: 1
B33: HVAC_enable | D33: 1
B34: Motor_01_OK | D34: 1
B35: CB_healthy | D35: 1
B36: NOT_shut_down | D36: 1
B37: Minimum_ON_timer_(60 sec) | D37: 0
B38: Auto_mode_from_TCMS | D38: {=IF(OR('Mode Logic'!J6:J10=1),1,0)}
B39: Stand_by_mode_ON | D39: 1
B40: APS_load_reduction_ON | D40: 1
B41: LVPS_load_shed_ON | D41: 1
B42: No_fire_detected' | D42: 1
B43: HP_OK | D43: 1
B44: LP_OK | D44: 1
B45: Breaker_ok | D45: 1
B46: Supply_fan_feedback_OK | D46: 1
B47: Cooling_mode selected | D47: 1
B48: RAT>Cooling_set_point | D48: =IF(Calculation!B35>Calculation!B33,1,0)
B49: HP_fault | D49: 0
B50: LP_fault | D50: 0
B51: CB_fault | D51: 0
B52: SAFAN_fault | D52: 0
B53: Command_emergency_mode | D53: 0
B54: APS1_file | D54: 0
B55: APS2_file | D55: 0
B56: PPR1_trip | D56: 0
B57: PPR2_trip | D57: 0
B58: SAFC1_closed | D58: 0
B59: SAFC2_closed | D59: 0
B60: EMR | D60: 1
... B62: HEC_HEC communication status | D62: 1
B63: HVAC_ON | D63: =D2
B64: Cooling enble | D64: =IF(OR('Mode Logic'!J4:J10),1,0)
B65: Cooling enable | D65: =D64
B66: Heating enable | D66: =IF(OR('Mode Logic'!J3:J4),1,0)
B67: Reheat enable | D67: =D66
B68: ventilation enable | D68: ='Mode Logic'!J11
B69: 110V_DC_Trainline | D69: 1
B70: FADR_energized | D70: ='Mode Logic'!P18
B71: TCMS_close_Command | D71: 1
B72: Normal_operation_mode | D72: =IF(OR('Mode Logic'!J5:J12),1,0)
B73: Passenger Load Modulation Available | D73: 1
B74: PPR1_high | D74: 1
B75: Heating_demand_>_0 | D75: =D66
B76: Overhead_heater_thermostate_trip | D76: 0
B77: Ambient_temp_Limit_ok | D77: 1
B78: PWM_output_active_for_0-50% | D78: 0
B79: Continuous_ON(50-100%) | D79: 0
B80: Continuous_ON(100%) | D80: 1
B81: Heater_enable | D81: =D75
B82: PWM_active_for_50-100% | D82: =D78
B83: continuous_ON_at(100%) | D83: =D80
B84: Heater_enable | D84: =D81
B85: No_standby_mode | D85: 1
B86: No_APS_Load_reduction | D86: 1
B87: No_LVPS_Load_shed | D87: 1
B88: No_fire_detected | D88: 1
B89: Interior_temp_<_set_Point | D89: =IF(OR('Mode Logic'!J3,'Mode Logic'!J12),1,0)
B90: Fire_detected_on_board | D90: 0
B91: Driver_by_passs_fire_ventilation_OFF | D91: 1
B92: External_detected_on_board | D92: 0
B93: Driver_by_pass-smoke_damper_close | D93: 0
B94: APS_415_VAC_available | D94: 1
B95: 110_VDC_control available | D95: 1
B96: 110_VDC_FADR_available | D96: 1
B97: 110_VDC_SFC_OFF_relay_available | D97: 1
B98: HVAC_unit_all_circuit_breaker_ON | D98: 1
B99: Car_HVAC_circuit_breaker_ON | D99: 1
B100: Emergency_ventilation_mode | D100: 0
B101: TCMS_auto_mode | D101: =D38
B102: APS degraded | D102: 0
...

Sheet CIRCUIT SIM
A1: Sr. No. | B1: Physical location | C1: Component Name | D1: Logical Condition | J1: Condition 1 | P1: Sr. No. | Q1: Physical location | R1: Component Name | S1: Logical Condition | Y1: Condition 1 | AF1: Sr. No. | AG1: Physical location | AH1: Component Name | AI1: Logical Condition | AO1: Condition 1 | AS1: Sr. No. | AT1: Physical location | AU1: Component Name | AV1: Logical Condition | BB1: Condition 1 | BI1: Sr. No. | BJ1: Physical location | BK1: Component Name | BL1: Logical Condition | BR1: Condition 1 | BX1: Sr. No. | BY1: Physical location | BZ1: Component Name | CA1: Logical Condition | CG1: Condition 1 | CI1: Sr. No. | CJ1: Physical location | CK1: Component Name | CL1: Logical Condition | CR1: Condition 1 | CY1: Sr. No. | CZ1: Physical location | DA1: Component Name | DB1: Logical Condition - External circuit | DH1: Condition 1 | DK1: Sr. No. | DL1: Physical location | DM1: Component Name | DN1: Logical Condition - Internal circuit | DT1: Condition 1 | DZ1: Sr. No. | EA1: Physical location | EB1: Component Name | EC1: Logical Condition - internal Circuit | EI1: Condition 1 | EO1: Sr. No. | EP1: Physical location | EQ1: Component Name | ER1: Logical Condition - 14 | EX1: Condition 1 | FE1: Sr. No. | FF1: Physical location | FG1: Component Name | FH1: Logical Condition - External circuit | FN1: Condition 1 | FT1: Sr. No. | FU1: Physical location | FV1: Component Name | FW1: Logical Condition - NO | GC1: Condition 1 | GF1: Sr. No. | GG1: Physical location | GH1: Component Name | GI1: Logical Condition - External circuit | GO1: Condition 1 | GU1: Sr. No. | GV1: Physical location | GW1: Component Name | GX1: Logical Condition - External circuit | HD1: Condition 1 | HK1: Sr. No. | HL1: Physical location | HM1: Component Name | HN1: Logical Condition - External circuit | HZ1: Sr. No. | IA1: Physical location | IB1: Component Name | IC1: Logical Condition - NO 13 | II1: Condition 1 | IL1: Sr. No. | IM1: Physical location | IN1: Component Name | IO1: Logical Condition - External circuit | IU1: Condition 1 | IX1: Sr. No. | IY1: Physical location | IZ1: Component Name | JA1: Logical Condition - External circuit | JN1: Sr. No. | JO1: Physical location | JP1: Component Name | JQ1: Logical Condition - External circuit | JW1: Condition 1 | JZ1: Sr. No. | KA1: Physical location | KB1: Component Name | KI1: Condition 1 | KP1: Sr. No. | KQ1: Physical location | KR1: Component Name | KS1: Logical Condition - External circuit | KY1: Condition 1 | LB1: Sr. No. | LC1: Physical location | LD1: Component Name | LE1: Logical Condition - AS PER INTERNAL CKT NO 11 | LK1: Condition 1 | LR1: Sr. No. | LS1: Physical location | LT1: Component Name | LU1: Logical Condition - NO 12 | MA1: Condition 1 | MH1: Sr. No. | MI1: Physical location | MJ1: Component Name | MQ1: Condition 1
D2: lab view input | E2: Dependency on LABVIEW INPUT | F2: Dependency 1 previous wire | G2: Dependency 3 | H2: Dependency 4 | I2: Dependency 5 | S2: lab view input | T2: Dependency on LABVIEW INPUT | U2: Dependency 1 previous wire | V2: Dependency 3 | W2: Dependency 4 | X2: Dependency 5 | AI2: lab view input | AJ2: Dependency on LABVIEW INPUT | AK2: Dependency 1 previous wire | AL2: Dependency 3 | AM2: Dependency 4 | AN2: Dependency 5 | AV2: lab view input | AW2: Dependency on LABVIEW INPUT | AX2: Dependency 1 previous wire | AY2: Dependency 3 | AZ2: Dependency 4 | BA2: Dependency 5 | BL2: lab view input | BM2: Dependency on LABVIEW INPUT | BN2: Dependency 1 previous wire | BO2: Dependency 3 | BP2: Dependency 4 | BQ2: Dependency 5 | CA2: lab view input | CB2: Dependency on LABVIEW INPUT | CC2: Dependency 1 previous wire | CD2: Dependency 3 | CE2: Dependency 4 | CF2: Dependency 5 | CL2: lab view input | CM2: Dependency on LABVIEW INPUT | CN2: Dependency 1 previous wire | CO2: Dependency 3 | CP2: Dependency 4 | CQ2: Dependency 5 | DB2: lab view input | DC2: Dependency on LABVIEW INPUT | DD2: Dependency 1 previous wire | DE2: Dependency 3 | DF2: Dependency 4 | DG2: Dependency 5 | DN2: lab view input | DO2: Dependency on LABVIEW INPUT | DP2: Dependency 1 previous wire | DQ2: Dependency 3 | DR2: Dependency 4 | DS2: Dependency 5 | EC2: lab view input | ED2: Dependency on LABVIEW INPUT | EE2: Dependency 1 previous wire | EF2: Dependency 3 | EG2: Dependency 4 | EH2: Dependency 5 | ER2: lab view input | ES2: Dependency on LABVIEW INPUT | ET2: Dependency 1 previous wire | EU2: Dependency 3 | EV2: Dependency 4 | EW2: Dependency 5 | FH2: lab view input | FI2: Dependency on LABVIEW INPUT | FJ2: Dependency 1 previous wire | FK2: Dependency 3 | FL2: Dependency 4 | FM2: Dependency 5 | FW2: lab view input | FX2: Dependency on LABVIEW INPUT | FY2: Dependency 1 previous wire | FZ2: Dependency 3 | GA2: Dependency 4 | GB2: Dependency 5 | GI2: lab view input | GJ2: Dependency on LABVIEW INPUT | GK2: Dependency 1 previous wire | GL2: Dependency 3 | GN2: Dependency 5 | GX2: lab view input | GY2: Dependency on LABVIEW INPUT | GZ2: Dependency 1 previous wire | HA2: Dependency 3 | HB2: Dependency 4 | HC2: Dependency 5 | HN2: lab view input | HO2: Dependency on LABVIEW INPUT | HP2: Dependency 1 previous wire | HQ2: Dependency 3 | HR2: Dependency 4 | HS2: Dependency 5 | IC2: lab view input | ID2: Dependency on LABVIEW INPUT | IE2: Dependency 1 previous wire | IF2: Dependency 3 | IG2: Dependency 4 | IH2: Dependency 5 | IO2: lab view input | IP2: Dependency on LABVIEW INPUT | IQ2: Dependency 1 previous wire | IR2: Dependency 3 | IS2: Dependency 4 | IT2: Dependency 5 | JA2: lab view input | JB2: Dependency on LABVIEW INPUT | JC2: Dependency 1 previous wire | JD2: Dependency 3 | JE2: Dependency 4 | JF2: Dependency 5 | JQ2: lab view input | JR2: Dependency on LABVIEW INPUT | JS2: Dependency 1 previous wire | JT2: Dependency 3 | JU2: Dependency 4 | JV2: Dependency 5 | KC2: lab view input | KD2: Dependency on LABVIEW INPUT | KE2: Dependency 1 previous wire | KF2: Dependency 3 | KG2: Dependency 4 | KH2: Dependency 5 | KS2: lab view input | KT2: Dependency on LABVIEW INPUT | KU2: Dependency 1 previous wire | KV2: Dependency 3 | KW2: Dependency 4 | KX2: Dependency 5 | LE2: lab view input | LF2: Dependency on LABVIEW INPUT | LG2: Dependency 1 previous wire | LH2: Dependency 3 | LI2: Dependency 4 | LJ2: Dependency 5 | LU2: lab view input | LV2: Dependency on LABVIEW INPUT | LW2: Dependency 1 previous wire | LX2: Dependency 3 | LY2: Dependency 4 | LZ2: Dependency 5 | MK2: lab view input | ML2: Dependency on LABVIEW INPUT | MM2: Dependency 1 previous wire | MN2: Dependency 3 | MO2: Dependency 4 | MP2: Dependency 5
A3: 1. Air conditioning VENTILATION CABIN | L3: CKT 1 | P3: 2. Air conditioning Power Supply HVAC 1 | AA3: CKT 2,3 | AF3: 3. Air conditioning Power Supply HVAC 1 | AS3: 4. Air conditioning HVAC1/2 CONTROL | BI3: 5. Air conditioning HVAC 2 CONTROL panel | BX3: 6. Air conditioning HVAC 2 CONTROL panel | CI3: 7. Air conditioning HVAC1/2 CONTROL | CT3: CKT 7 | CY3: 8. Air conditioning HVAC 1/2 Diagnostic | DK3: 9. Air conditioning HVAC 1/2 Diagnostic | DZ3: 10. MP0010409MW01_05_PUNE_HVAC SYSTEM_25.VSDX ( HVAC 1-2 CONTROL PANEL ) | EO3: 11. De-Energized Condition | EZ3: CKT 11 | FE3: 12. Normal Operating Condition | FP3: CKT 12, 13 | FT3: 13. When Smoke Is Detected | GF3: 14. Car Side Scope Of Work | GU3: 15. Meter Cable Length For Rad Will Be Provide With Unit | HK3: 16. SAF Power & Control Circuit Unit | HZ3: 17. Phase Protection Relay (PPR) Monitoring Circuit Unit | IL3: 18. Emergency SAF & Return Air Damper Circuit Unit | IX3: 19. FROM CAR SIDE 110V DC WILL BE DISCONNECTED WHEN EXT OR INT SMOKE DETECTED Unit | JI3: CKT 19 | JN3: 20. CAR SIDE SCOPE OF WORK (WHEN SMOKE DETECTED IN BOTH CAR ) | JZ3: 21. FROM CAR SIDE 110 V DC WILL BE DISCONNECTED TO SWITCH OFF THE SAFC IN CASE OF INTERNAL SMOKE DETECTION/ IN CASE OF F/B FROM SAFC PLC WILL SIWTCH OFF LOADS OF HVAC | KP3: 22. HVAC CONTROL PANEL | LB3: 23. MP0010409MW01_05_PUNE_HVAC SYSTEM_25.VSDX | LM3: CKT 23 | LR3: 24. P0010409MW01_05_PUNE_HVAC SYSTEM_25.VSDX (HVAC 1-2) DMA/TA/DMB | MC3: CKT 24 | MH3: 25. MP0010409MW01_05_PUNE_HVAC SYSTEM_25.VSDX
A4: 1 | B4: -HA/08.D6 | C4: 24HTC | D4: strating point | F4: 1 | J4: =IF(AND(E4:I4),1,0) | L4: COMPONENT | N4: REMARK | P4: 1 | Q4: HA/24.E6 | U4: =AB37 | Y4: =IF(OR(T4:X4),1,0) | AA4: COMPONENT | AC4: REMARK | AF4: 1 | AG4: HA/24.E6 | AK4: 1 | AO4: =IF(OR(AJ4:AN4),1,0) | AS4: 1 | AT4: -HA/10.D4 | AW4: 1 | BB4: =IF(AND(AW4:BA4),1,0) | BD4: CKT 4 | BI4: 1 | BJ4: HA/16.D7 | BN4: 1 | BR4: =IF(AND(BM4:BQ4),1,0) | BT4: CKT 5 | BX4: 1 | BY4: HA/16.D7 | CC4: 1 | CG4: =IF(AND(CB4:CF4),1,0) | CI4: 1 | CN4: 1 | CR4: =IF(AND(CM4:CQ4),1,0) | CT4: COMPONENT | CV4: REMARK | CY4: 1 | DD4: =CU9 | DH4: =IF(AND(DC4:DG4),1,0) | DK4: 1 | DM4: Batt 110 Vdc | DP4: =DW7 | DT4: =IF(AND(DO4:DS4),1,0) | DZ4: 1 | EB4: FROM APS 415 VAC | EE4: =EL6 | EI4: =IF(AND(ED4:EH4),1,0) | EK4: CKT 10 | EO4: 1 | EQ4: SMRR-110VDC | ET4: =FA5 | EX4: =IF(AND(ES4:EW4),1,0) | EZ4: COMPONENT | FB4: REMARK | FE4: 1 | FF4: P | FG4: SMRR-110VDC | FJ4: =FA5 | FN4: =IF(AND(FI4:FM4),1,0) | FP4: COMPONENT | FR4: REMARK | FT4: 1 | FV4: SMRR-110VDC | FY4: =FQ7 | GC4: =IF(AND(FX4:GB4),1,0) | GF4: 1 | GH4: 110VDC | GK4: =GR7 | GO4: =IF(AND(GJ4:GN4),1,0) | GU4: 1 | GW4: 24 V DC /DC | GZ4: =HG8 | HD4: =IF(AND(GY4:HC4),1,0) | HF4: CKT 15 | HK4: 1 | HM4: APS 2 | HP4: =HW7 | HT4: =IF(AND(HO4:HS4),1,0) | HV4: CKT 16,17 ,18 | HZ4: 1 | IB4: APS 1 _R | IE4: =HW6 | II4: =IF(AND(ID4:IH4),1,0) | IL4: 1 | IN4: From 110/24 vdc converter emergency saf 1 & 2 | IQ4: =HW18 | IU4: =IF(AND(IP4:IT4),1,0) | IX4: 1 | JC4: =JJ5 | JG4: =IF(AND(JB4:JF4),1,0) | JI4: COMPONENT | JK4: REMARK | JN4: 1 | JP4: 110 V DC | JS4: =JJ18 | JW4: =IF(AND(JR4:JV4),1,0) | JZ4: 1 | KE4: =KL10 | KF4: =KI5 | KI4: =IF(AND(KD4:KH4),1,0) | KK4: CKT 21 | KP4: 1 | KQ4: X1_ 4 PIN POWER CONNECTOR | KR4: APS 1 415 V AC R | KU4: =KL17 | KY4: =IF(AND(KT4:KX4),1,0) | LB4: 1 | LC4: X2 | LD4: 415 VAC _U2 | LG4: =LN37 | LK4: =IF(AND(LF4:LJ4),1,0) | LM4: COMPONENT | LO4: REMARK | LR4: 1 | LW4: 1 | MA4: =IF(AND(LV4:LZ4),1,0) | MC4: COMPONENT | ME4: REMARK | MH4: 1 | MJ4: 110 V DC | MM4: =MT6 | MQ4: =IF(AND(ML4:MP4),1,0) | MS4: CKT 25
A5: 2 | D5: 110V | F5: =J4 | J5: =IF(AND(E5:I5),1,0) | L5: 24 HTC wire | M5: 1 | P5: 2 | U5: =Y4 | Y5: =IF(AND(T5:X5),1,0) | AA5: SAFB1 _9.5A | AF5: 2 | AK5: =AO4 | AO5: =IF(AND(AJ5:AN5),1,0) | AS5: 2 | AU5: HRC9-O | AW5: =BE7 | AX5: =BB4 | BB5: =IF(AND(AW5:BA5),1,0) | BD5: COMPONENT | BF5: REMARK | BI5: 2 | BN5: =BR4 | BR5: =IF(AND(BM5:BQ5),1,0) | BT5: COMPONENT | BV5: REMARK | BX5: 2 | CC5: =CG4 | CG5: =IF(AND(CB5:CF5),1,0) | CI5: 2 | CJ5: UD .X14.05-F-A 8 +14.10 | CN5: =CR4 | CR5: =IF(AND(CM5:CQ5),1,0) | CT5: TCR6 -E | CU5: 1 | CY5: 2 | CZ5: UD .X14.03-F | DD5: =DH4 | DH5: =IF(AND(DC5:DG5),1,0) | DK5: 2 | DP5: =DT4 | DT5: =IF(AND(DO5:DS5),1,0) | DV5: CKT 9 | DZ5: 2 | EE5: =EI4 | EI5: =IF(AND(ED5:EH5),1,0) | EK5: COMPONENT | EM5: REMARK | EO5: 2 | ET5: =EX4 | EX5: =IF(AND(ES5:EW5),1,0) | EZ5: SMRR-110VDC | FA5: =IF(OR(FA6=1,FA7=1),0,1) | FE5: 2 | FJ5: =FN4 | FN5: =IF(AND(FI5:FM5),1,0) | FP5: SMRR-110VDC | FQ5: =IF(OR(FQ6=1,FQ7=1),0,1) | FT5: 2 | FY5: =GC4 | GC5: =IF(AND(FX5:GB5),1,0) | GF5: 2 | GK5: =GO4 | GO5: =IF(AND(GJ5:GN5),1,0) | GQ5: CKT 14 | GU5: 2 | GW5: SAFC2 | GZ5: =GR15 | HA5: =HD4 | HD5: =IF(AND(GY5:HC5),1,0) | HF5: COMPONENT | HH5: REMARK | HK5: 2 | HP5: =HT4 | HT5: =IF(AND(HO5:HS5),1,0) | HV5: COMPONENT | HX5: REMARK | HZ5: 2 | IE5: =II4 | II5: =IF(AND(ID5:IH5),1,0) | IL5: 2 | IN5: TMR2_60 SEC | IQ5: =HW20 | IR5: =IU4 | IU5: =IF(AND(IP5:IT5),1,0) | IX5: 2 | IZ5: SMDR | JC5: =JJ6 | JD5: =JG4 | JG5: =IF(AND(JB5:JF5),1,0) | JI5: 24 VDC | JJ5: 1 | JN5: 2 | JP5: 2 WAY SWITCH | JS5: =JW4 | JW5: =IF(AND(JR5:JV5),1,0) | JZ5: 2 | KE5: =KI6 | KI5: =IF(AND(KD5:KH5),1,0) | KK5: COMPONENT | KM5: REMARK | KP5: 2 | KU5: =KY4 | KY5: =IF(AND(KT5:KX5),1,0) | LB5: 2 | LG5: =LK4 | LK5: =IF(AND(LF5:LJ5),1,0) | LM5: SAFB1 _9.5A | LN5: 1 | LR5: 2 | LW5: =MA4 | MA5: =IF(AND(LV5:LZ5),1,0) | MC5: LUB | MD5: 1 | MH5: 2 | MM5: =MQ4 | MQ5: =IF(AND(ML5:MP5),1,0) | MS5: COMPONENT | MU5: REMARK
A6: 3 | F6: =J5 | J6: =IF(AND(E6:I6),1,0) | L6: CACS | M6: 1 | P6: 3 | U6: =Y5 | Y6: =IF(AND(T6:X6),1,0) | AA6: SAFC1_12A | AF6: 3 | AK6: =AO5 | AO6: =IF(AND(AJ6:AN6),1,0) | AS6: 3 | AW6: =BB5 | BB6: =IF(AND(AW6:BA6),1,0) | BD6: SRRB | BE6: 1 | BI6: 3 | BN6: =BR5 | BR6: =IF(AND(BM6:BQ6),1,0) | BT6: LUB | BU6: 1 | BX6: 3 | CC6: =CG5 | CG6: =IF(AND(CB6:CF6),1,0) | CI6: 3 | CN6: =CR4 | CR6: =IF(AND(CM6:CQ6),1,0) | CY6: 3 | DD6: =DH4 | DH6: =IF(AND(DC6:DG6),1,0) | DK6: 3 | DL6: 14.20 LA.F09 | DM6: HTCN | DP6: =DW17 | DQ6: =DT5 | DT6: =IF(AND(DO6:DS6),1,0) | DV6: COMPONENT | DX6: REMARK | DZ6: 3 | EB6: FROM APS 415 VAC | EE6: =EL6 | EI6: =IF(AND(ED6:EH6),1,0) | EK6: From APS 415 Vac_1 | EL6: 1 | EO6: 3 | ET6: =EX5 | EX6: =IF(AND(ES6:EW6),1,0) | EZ6: SMDR1-110VDC | FA6: ='DATA TRANSFER'!M12 | FE6: 3 | FJ6: =FN5 | FN6: =IF(AND(FI6:FM6),1,0) | FP6: SMDR1-110VDC | FQ6: ='DATA TRANSFER'!M12 | FT6: 3 | FY6: =GC5 | GC6: =IF(AND(FX6:GB6),1,0) | GF6: 3 | GK6: =GO5 | GO6: =IF(AND(GJ6:GN6),1,0) | GQ6: COMPONENT | GS6: REMARK | GU6: 3 | GZ6: =HD5 | HD6: =IF(AND(GY6:HC6),1,0) | HF6: 110VDC | HG6: 1 | HK6: 3 | HP6: =HT5 | HT6: =IF(AND(HO6:HS6),1,0) | HV6: APS 1 | HW6: 1 | HZ6: 3 | IB6: APS 1 _Y | IE6: =HW6 | II6: =IF(AND(ID6:IH6),1,0) | IL6: 3 | IQ6: =IU5 | IU6: =IF(AND(IP6:IT6),1,0) | IX6: 3 | JC6: =JG5 | JG6: =IF(AND(JB6:JF6),1,0) | JI6: SMDR | JJ6: =IF(OR('DATA TRANSFER'!M12),1,0) | JN6: 3 | JP6: HVAC1 SMDR 1 | JS6: =JJ19 | JT6: =JW5 | JW6: =IF(AND(JR6:JV6),1,0) | JZ6: 3 | KB6: AUX MPCB | KE6: =KL9 | KF6: =KI7 | KI6: =IF(AND(KD6:KH6),1,0) | KK6: 24 VDC | KL6: 1 | KP6: 3 | KQ6: X1_ 4 PIN POWER CONNECTOR | KR6: APS 1 415 V AC Y | KU6: =KL17 | KY6: =IF(AND(KT6:KX6),1,0) | LB6: 3 | LG6: =LK5 | LK6: =IF(AND(LF6:LJ6),1,0) | LM6: SAFC1_12A | LN6: 1 | LR6: 3 | LW6: =MA5 | MA6: =IF(AND(LV6:LZ6),1,0) | MC6: DC/DC CONVERTER 1 | MD6: 1 | MH6: 3 | MI6: LA.FO1 | MJ6: ACCP1N_6A | MM6: =MT7 | MN6: =MQ5 | MQ6: =IF(AND(ML6:MP6),1,0) | MS6: 110 V DC | MT6: 1
A7: 4 | F7: =J6 | J7: =IF(AND(E7:I7),1,0) | L7: HFAN2 3A | M7: 1 | P7: 4 | Q7: HA/24.E6 | U7: =AB37 | Y7: =IF(AND(T7:X7),1,0) | AA7: CMPB1 _13A | AF7: 4 | AG7: HA/24.E6 | AK7: 1 | AO7: =IF(AND(AJ7:AN7),1,0) | AS7: 4 | AU7: SRRB | AW7: =IF(NOT(BE8),1,0) | AX7: =BB6 | BB7: =IF(AND(AW7:BA7),1,0) | BD7: HRC9-O | BE7: 1 | BI7: 4 | BN7: =BR6 | BR7: =IF(AND(BM7:BQ7),1,0) | BT7: DC/DC CONVERTER 1 | BU7: 1 | BX7: 4 | CC7: =CG6 | CG7: =IF(AND(CB7:CF7),1,0) | CI7: 4 | CJ7: UD .X63.21-F 8 +63.20 | CN7: =CR6 | CR7: =IF(AND(CM7:CQ7),1,0) | CT7: CKT 8 | CY7: 4 | DD7: =DH6 | DH7: =IF(AND(DC7:DG7),1,0) | DK7: 4 | DP7: =DT6 | DT7: =IF(AND(DO7:DS7),1,0) | DV7: Batt 110Vdc | DW7: 1 | DZ7: 4 | EE7: =EI6 | EI7: =IF(AND(ED7:EH7),1,0) | EK7: From APS 415 Vac_2 | EL7: 1 | EO7: 4 | EQ7: SMRR | ET7: =FA15 | EU7: =EX6 | EX7: =IF(AND(ES7:EW7),1,0) | EZ7: SMDR2-110VDC | FA7: ='DATA TRANSFER'!M10 | FE7: 4 | FG7: SMRR | FJ7: =FA15 | FK7: =FN6 | FN7: =IF(AND(FI7:FM7),1,0) | FP7: SMDR2-110VDC | FQ7: ='Mode Logic'!P18 | FT7: 4 | FV7: SMRR | FY7: =FQ15 | FZ7: =GC6 | GC7: =IF(AND(FX7:GB7),1,0) | GF7: 4 | GH7: HVAC1 SMDR | GK7: =GR8 | GL7: =GO6 | GO7: =IF(AND(GJ7:GN7),1,0) | GQ7: 110VDC | GR7: 1 | GU7: 4 | GW7: FADR | GZ7: =GR9 | HA7: =HD6 | HD7: =IF(AND(GY7:HC7),1,0) | HF7: SMDR | HG7: 1 | HK7: 4 | HM7: MPCB | HP7: =HW8 | HQ7: =HT6 | HT7: =IF(AND(HO7:HS7),1,0) | HV7: APS2 | HW7: 1 | HZ7: 4 | IE7: =II6 | II7: =IF(AND(ID7:IH7),1,0) | IL7: 4 | IN7: ESAFC | IQ7: =IF(OR('Mode Logic'!U18:V18),1,0) | IR7: =IU6 | IU7: =IF(AND(IP7:IT7),1,0) | IX7: 4 | IZ7: SMOKE DETECTPR OK | JC7: =JG6 | JG7: =IF(AND(JB7:JF7),1,0) | JI7: SMOKE DETECTPR OK | JJ7: 1 | JN7: 4 | JS7: =IF(OR(JW13,JW6),1,0) | JW7: =IF(AND(JR7:JV7),1,0) | JZ7: 4 | KE7: =KI8 | KI7: =IF(AND(KD7:KH7),1,0) | KK7: 110 V DC | KL7: 1 | KP7: 4 | KU7: =KY6 | KY7: =IF(AND(KT7:KX7),1,0) | LB7: 4 | LC7: X2 | LD7: 415 VAC _V2 | LG7: =LN37 | LK7: =IF(AND(LF7:LJ7),1,0) | LM7: CMPB1 _13A | LN7: ='DATA TRANSFER'!MF15 | LR7: 4 | LT7: LUB | LW7: =MD5 | LX7: =MA6 | LY7: =MA43 | MA7: =IF(AND(LV7:LZ7),1,0) | MC7: EMR | MD7: 1 | MH7: 4 | MM7: =MQ6 | MQ7: =IF(AND(ML7:MP7),1,0) | MS7: ACCP1N_6A | MT7: 1
A8: 5 | F8: =J7 | J8: =IF(AND(E8:I8),1,0) | L8: HFAN1 3A | M8: 1 | P8: 5 | U8: =Y7 | Y8: =IF(AND(T8:X8),1,0) | AA8: CMPB2 _13A | AF8: 5 | AK8: =AO7 | AO8: =IF(AND(AJ8:AN8),1,0) | AS8: 5 | AW8: =BB7 | BB8: =IF(AND(AW8:BA8),1,0) | BD8: SMDRB | BE8: =IF(OR('DATA TRANSFER'!M12),1,0) | BI8: 5 | BN8: =BR7 | BR8: =IF(AND(BM8:BQ8),1,0) | BT8: EMR | BU8: 1 | BX8: 5 | CC8: =CG7 | CG8: =IF(AND(CB8:CF8),1,0) | CI8: 5 | CN8: =CR6 | CR8: =IF(AND(CM8:CQ8),1,0) | CT8: COMPONENT | CV8: REMARK | CY8: 5 | CZ8: JE .A01-X9 (15) JE .A01 (+14.25) | DA8: RIO1 I_FADForcedCls | DD8: =CU9 | DE8: =DH7 | DH8: =IF(AND(DC8:DG8),1,0) | DK8: 5 | DL8: LA.T01 | DM8: 24 HTC(200W) | DP8: =DW18 | DQ8: =DT7 | DT8: =IF(AND(DO8:DS8),1,0) | DV8: CACS | DW8: 1 | DZ8: 5 | EB8: FROM APS 415 VAC | EE8: =EL6 | EI8: =IF(AND(ED8:EH8),1,0) | EK8: 110 Vdc | EL8: 1 | EO8: 5 | ET8: =EX7 | EX8: =IF(AND(ES8:EW8),1,0) | EZ8: FADR-110VDC | FA8: ='Mode Logic'!P18 | FE8: 5 | FJ8: =FN7 | FN8: =IF(AND(FI8:FM8),1,0) | FP8: FADR-110VDC | FQ8: ='Mode Logic'!P18 | FT8: 5 | FY8: =GC7 | GC8: =IF(AND(FX8:GB8),1,0) | GF8: 5 | GK8: =GO7 | GO8: =IF(AND(GJ8:GN8),1,0) | GQ8: SMDR | GR8: =IF(OR('DATA TRANSFER'!M12),1,0) | GU8: 5 | GZ8: =HD7 | HD8: =IF(AND(GY8:HC8),1,0) | HF8: 24 V DC /DC | HG8: 1 | HK8: 5 | HP8: =HT7 | HT8: =IF(AND(HO8:HS8),1,0) | HV8: MPCB 1 | HW8: 1 | HZ8: 5 | IB8: APS 1 _B | IE8: =HW6 | II8: =IF(AND(ID8:IH8),1,0) | IL8: 5 | IQ8: =IU7 | IU8: =IF(AND(IP8:IT8),1,0) | IX8: 5 | IZ8: FROM CAR SIDE 110 VDC | JC8: =JJ8 | JG8: =IF(AND(JB8:JF8),1,0) | JI8: 110 V DC | JJ8: 1 | JN8: 5 | JP8: HVAC1 SMDR 2 | JS8: =JJ19 | JT8: =JW7 | JW8: =IF(AND(JR8:JV8),1,0) | JZ8: 5 | KE8: =HVAC_IOs!D7 | KI8: =IF(AND(KD8:KH8),1,0) | KK8: SFC OFF | KL8: =IF(OR('Mode Logic'!U18:V18),1,0) | KP8: 5 | KQ8: X1_ 4 PIN POWER CONNECTOR | KR8: APS 1 415 V AC B | KU8: =KL17 | KY8: =IF(AND(KT8:KX8),1,0) | LB8: 5 | LG8: =LK7 | LK8: =IF(AND(LF8:LJ8),1,0) | LM8: CMPB2 _13A | LN8: 1 | LR8: 5 | LW8: =MA7 | MA8: =IF(AND(LV8:LZ8),1,0) | MC8: DC/DC CONVERTER 2 | MD8: 1 | MH8: 5 | MM8: =MQ7 | MQ8: =IF(AND(ML8:MP8),1,0) | MS8: MCBTL | MT8: 1
A9: 6 | C9: CACS | F9: =M6 | G9: =J8 | J9: =IF(AND(G9:I9),1,0) | L9: FAN1 P=60W | M9: ='DATA TRANSFER'!AT26 | P9: 6 | U9: =Y8 | Y9: =IF(AND(T9:X9),1,0) | AA9: CMPB3 _13A | AF9: 6 | AK9: =AO8 | AO9: =IF(AND(AJ9:AN9),1,0) | AS9: 6 | AW9: =BB5 | BB9: =IF(AND(AW9:BA9),1,0) | BI9: 6 | BN9: =BR8 | BR9: =IF(AND(BM9:BQ9),1,0) | BT9: DC/DC CONVERTER 2 | BU9: 1 | BX9: 6 | CC9: =CG8 | CG9: =IF(AND(CB9:CF9),1,0) | CI9: 6 | CN9: =CR8 | CR9: =IF(AND(CM9:CQ9),1,0) | CT9: I_FADForcedCls | CU9: ='DATA TRANSFER'!M16 | CY9: 6 | DD9: =DH6 | DH9: =IF(AND(DC9:DG9),1,0) | DK9: 6 | DM9: 110V | DP9: =DT8 | DT9: =IF(AND(DO9:DS9),1,0) | DV9: HFAN2 3A | DW9: ='DATA TRANSFER'!AT26 | DZ9: 6 | EE9: =EI8 | EI9: =IF(AND(ED9:EH9),1,0) | EK9: SMRR | EL9: 1 | EO9: 6 | EQ9: SMDR1-110VDC | ET9: 1 | EX9: =IF(AND(ES9:EW9),1,0) | EZ9: SFC OFF -110VDC | FA9: 1 | FE9: 6 | FG9: SMDR1-110VDC | FJ9: 1 | FN9: =IF(AND(FI9:FM9),1,0) | FP9: SFC OFF -110VDC | FQ9: 1 | FT9: 6 | FV9: SMDR1-110VDC | FY9: =FQ6 | GC9: =IF(AND(FX9:GB9),1,0) | GF9: 6 | GH9: HVAC2 SMDR | GK9: =GR8 | GL9: =GO6 | GO9: =IF(AND(GJ9:GN9),1,0) | GQ9: FADR_1 | GR9: ='Mode Logic'!P18 | GU9: 6 | GZ9: =HD8 | HD9: =IF(AND(GY9:HC9),1,0) | HF9: SFAFC2 | HG9: 1 | HK9: 6 | HP9: =HT8 | HT9: =IF(AND(HO9:HS9),1,0) | HV9: MPCB 2 | HW9: 1 | HZ9: 6 | IE9: =II8 | II9: =IF(AND(ID9:IH9),1,0) | IL9: 6 | IQ9: =IU7 | IU9: =IF(AND(IP9:IT9),1,0) | IX9: 6 | IZ9: SMDR | JC9: =JJ6 | JD9: =JG8 | JG9: =IF(AND(JB9:JF9),1,0) | JI9: SFC OFF | JJ9: =IF(OR('Mode Logic'!U18:V18),1,0) | JN9: 6 | JS9: =IF(OR(JW8,JW16),1,0) | JW9: =IF(AND(JR9:JV9),1,0) | JZ9: 6 | KE9: =KI10 | KF9: =KI12 | KI9: =IF(AND(KD9:KH9),1,0) | KK9: AUX MPCB | KL9: 1 | KP9: 6 | KU9: =KY8 | KY9: =IF(AND(KT9:KX9),1,0) | LB9: 6 | LC9: X2 | LD9: 415 VAC _W2 | LG9: =LN37 | LK9: =IF(AND(LF9:LJ9),1,0) | LM9: CMPB3 _13A | LN9: 1 | LR9: 6 | LT9: DC/DC CONVERTER 1 | LW9: =MD6 | LX9: =MA8 | LY9: =MA44 | MA9: =IF(AND(LV9:LZ9),1,0) | MC9: ESAFC | MD9: =IF(OR('Mode Logic'!V18),1,0) | MH9: 6 | MM9: 1 | MQ9: =IF(AND(ML9:MP9),1,0) | MS9: SRRB | MT9: 1
A10: 7 | F10: =J9 | J10: =IF(AND(E10:I10),1,0) | L10: FAN2 P=60W | M10: ='DATA TRANSFER'!AT26 | P10: 7 | Q10: HA/24.E6 | U10: =AB37 | Y10: =IF(AND(T10:X10),1,0) | AA10: CMPB4 _13A | AF10: 7 | AG10: HA/24.E6 | AK10: 1 | AO10: =IF(AND(AJ10:AN10),1,0) | AS10: 7 | AW10: =BB9 | BB10: =IF(AND(AW10:BA10),1,0) | BI10: 7 | BN10: =BR9 | BR10: =IF(AND(BM10:BQ10),1,0) | BT10: ESAFC | BU10: ='DATA TRANSFER'!AT19 | BX10: 7 | CC10: =CG9 | CG10: =IF(AND(CB10:CF10),1,0) | CI10: 7 | CJ10: UD .X63.22-F 1 +63.20 | CN10: =CR9 | CR10: =IF(AND(CM10:CQ10),1,0) | CT10: I_FADForcedOpn | CU10: =IF(NOT(CU9),1,0) | CY10: 7 | CZ10: JE .A01-X9 (15) JE .A01 (+14.25) | DA10: RIO2 I_FADForcedCls | DD10: =CU9 | DE10: =DH9 | DH10: =IF(AND(DC10:DG10),1,0) | DK10: 7 | DL10: LA.F09 | DM10: HTCN | DP10: =DW17 | DQ10: =DT9 | DT10: =IF(AND(DO10:DS10),1,0) | DV10: HFAN1 3A | DW10: ='DATA TRANSFER'!AT19 | DZ10: 7 | EB10: FROM APS 415 VAC | EE10: =EL6 | EI10: =IF(AND(ED10:EH10),1,0) | EK10: SMDR1 | EL10: =IF(OR('DATA TRANSFER'!M12),1,0) | EO10: 7 | ET10: =EX9 | EX10: =IF(AND(ES10:EW10),1,0) | EZ10: PPR1 | FA10: 1 | FE10: 7 | FJ10: =FN9 | FN10: =IF(AND(FI10:FM10),1,0) | FP10: PPR1 | FQ10: 1 | FT10: 7 | FY10: =GC9 | GC10: =IF(AND(FX10:GB10),1,0) | GF10: 7 | GK10: =GO9 | GO10: =IF(AND(GJ10:GN10),1,0) | GQ10: FADR_2 | GR10: ='Mode Logic'!P18 | GU10: 7 | GZ10: =HD9 | HD10: =IF(AND(GY10:HC10),1,0) | HF10: EMR | HG10: 1 | HK10: 7 | HP10: =HT9 | HT10: =IF(AND(HO10:HS10),1,0) | HV10: SAFC2 | HW10: ='Mode Logic'!U18 | HZ10: 7 | IB10: PPR1 | IE10: =HW14 | II10: =IF(AND(ID10:IH10),1,0) | IL10: 7 | IQ10: =IU6 | IU10: =IF(AND(IP10:IT10),1,0) | IX10: 7 | IZ10: TO CAR SIDE FOR SMOKE DETECTE F/B NO SIGNAL RECEIVED WHEN SMOKE DETECTED | JC10: =JJ7 | JD10: =JG9 | JG10: =IF(AND(JB10:JF10),1,0) | JI10: SAFC2 | JJ10: ='Mode Logic'!V18 | JN10: 7 | JP10: HVAC1 SMDR 3 | JS10: =JJ19 | JT10: =JW9 | JW10: =IF(AND(JR10:JV10),1,0) | JZ10: 7 | KB10: SAFC | KE10: =KL10 | KF10: =KI11 | KI10: =IF(AND(KD10:KH10),1,0) | KK10: SAFC | KL10: =IF(OR('Mode Logic'!U18:V18),1,0) | KP10: 7 | KQ10: X1_ 4 PIN POWER CONNECTOR | KR10: APS 1 415 V AC PE | KU10: =KL17 | KY10: =IF(AND(KT10:KX10),1,0) | LB10: 7 | LG10: =LK9 | LK10: =IF(AND(LF10:LJ10),1,0) | LM10: CMPB4 _13A | LN10: 1 | LR10: 7 | LW10: =MA9 | MA10: =IF(AND(LV10:LZ10),1,0) | MC10: RETURN AIR DAMPER | MD10: ='Mode Logic'!Q18 | MH10: 7 | MJ10: ACCP1N_6A | MM10: =MT7 | MN10: =MQ9 | MQ10: =IF(AND(ML10:MP10),1,0) | MS10: HCR9 | MT10: 1
A11: 8 | F11: =J10 | J11: =IF(AND(E11:I11),1,0) | L11: TERMOSTAT 1 | M11: 1 | P11: 8 | U11: =Y10 | Y11: =IF(AND(T11:X11),1,0) | AA11: CMPC1 16A | AF11: 8 | AK11: =AO10 | AO11: =IF(AND(AJ11:AN11),1,0) | AS11: 8 | AW11: =BB10 | BB11: =IF(AND(AW11:BA11),1,0) | BI11: 8 | BN11: =BR10 | BR11: =IF(AND(BM11:BQ11),1,0) | BT11: RETURN AIR DAMPER | BU11: ='Mode Logic'!Q18 | BX11: 8 | CC11: =CG10 | CG11: =IF(AND(CB11:CF11),1,0) | CI11: 8 | CN11: =CR9 | CR11: =IF(AND(CM11:CQ11),1,0) | CY11: 8 | DD11: =CU10 | DH11: =IF(AND(DC11:DG11),1,0) | DK11: 8 | DM11: 24 VDC | DP11: =DT8 | DT11: =IF(AND(DO11:DS11),1,0) | DV11: FAN1 P=60W | DW11: ='DATA TRANSFER'!AT19 | DZ11: 8 | EE11: =EI10 | EI11: =IF(AND(ED11:EH11),1,0) | EK11: SMDR2 | EL11: =IF(OR('DATA TRANSFER'!M12),1,0) | EO11: 8 | ET11: =EX10 | EX11: =IF(AND(ES11:EW11),1,0) | EZ11: PPR2 | FA11: 1 | FE11: 8 | FJ11: =FN10 | FN11: =IF(AND(FI11:FM11),1,0) | FP11: PPR2 | FQ11: 1 | FT11: 8 | FY11: =GC10 | GC11: =IF(AND(FX11:GB11),1,0) | GF11: 8 | GH11: HVAC1 SMDR | GK11: =GR8 | GL11: =GO10 | GO11: =IF(AND(GJ11:GN11),1,0) | GQ11: FADR_3 | GR11: ='Mode Logic'!P18 | GU11: 8 | GZ11: =HD10 | HD11: =IF(AND(GY11:HC11),1,0) | HF11: FADR | HG11: 1 | HK11: 8 | HP11: =HT10 | HT11: =IF(AND(HO11:HS11),1,0) | HV11: SAFC1 | HW11: ='Mode Logic'!U18 | HZ11: 8 | IB11: APS 2 _R | IE11: =HW7 | II11: =IF(AND(ID11:IH11),1,0) | IL11: 8 | IN11: EMR | IQ11: =HW13 | IR11: =IU10 | IU11: =IF(AND(IP11:IT11),1,0) | IX11: 8 | IZ11: 110 VDC ALWAYS ON | JC11: =JJ8 | JG11: =IF(AND(JB11:JF11),1,0) | JI11: ESAFC | JJ11: 1 | JN11: 8 | JS11: =JW5 | JW11: =IF(AND(JR11:JV11),1,0) | JZ11: 8 | KE11: 1 | KI11: =IF(AND(KD11:KH11),1,0) | KP11: 8 | KU11: =KY10 | KY11: =IF(AND(KT11:KX11),1,0) | LB11: 8 | LC11: X2 | LD11: 415 VAC _PE | LG11: =LN37 | LK11: =IF(AND(LF11:LJ11),1,0) | LM11: CMPC1 16A | LN11: ='DATA TRANSFER'!MF15 | LR11: 8 | LW11: =MA10 | MA11: =IF(AND(LV11:LZ11),1,0) | MC11: SMRR | MD11: 1 | MH11: 8 | MM11: =MQ4 | MQ11: =IF(AND(ML11:MP11),1,0) | MS11: SMDRB | MT11: ='DATA TRANSFER'!M12
A12: 9 | C12: HFAN2 3A | F12: =M10 | G12: =J11 | J12: =IF(AND(E12:I12),1,0) | L12: TERMOSTAT 2 | M12: 1 | P12: 9 | U12: =Y11 | Y12: =IF(AND(T12:X12),1,0) | AA12: CMPC2 16A | AF12: 9 | AK12: =AO11 | AO12: =IF(AND(AJ12:AN12),1,0) | AS12: 9 | AW12: =BB11 | BB12: =IF(AND(AW12:BA12),1,0) | BI12: 9 | BN12: =BR11 | BR12: =IF(AND(BM12:BQ12),1,0) | BX12: 9 | CC12: =CG11 | CG12: =IF(AND(CB12:CF12),1,0) | CI12: 9 | CN12: =CR8 | CR12: =IF(AND(CM12:CQ12),1,0) | CY12: 9 | CZ12: -UD .X14.03-F | DD12: =DH11 | DH12: =IF(AND(DC12:DG12),1,0) | DK12: 9 | DP12: =DT11 | DT12: =IF(AND(DO12:DS12),1,0) | DV12: FAN2 P=60W | DW12: ='DATA TRANSFER'!AT26 | DZ12: 9 | EB12: FROM APS 415 VAC | EE12: =EL7 | EI12: =IF(AND(ED12:EH12),1,0) | EK12: FADR | EL12: ='Mode Logic'!P18 | EO12: 9 | ET12: =IF(OR(FA6,FA7),1,0) | EX12: =IF(AND(ES12:EW12),1,0) | EZ12: TMR2 | FA12: 1 | FE12: 9 | FG12: SMDR2-110VDC | FJ12: 1 | FN12: =IF(AND(FI12:FM12),1,0) | FP12: TMR2 | FQ12: 1 | FT12: 9 | FV12: SMDR | FY12: =FQ20 | FZ12: =GC11 | GC12: =IF(AND(FX12:GB12),1,0) | GF12: 9 | GK12: =GO11 | GO12: =IF(AND(GJ12:GN12),1,0) | GQ12: FADR_4 | GR12: ='Mode Logic'!P18 | GU12: 9 | GZ12: =HD32 | HD12: =IF(AND(GY12:HC12),1,0) | HF12: SFC OFF | HG12: 1 | HK12: 9 | HM12: SAFC2 | HP12: =HW10 | HQ12: =HT11 | HR12: =HT16 | HS12: =HT21 | HT12: =IF(AND(HO12:HS12),1,0) | HV12: ESAFC | HW12: 1 | HZ12: 9 | IE12: =II11 | II12: =IF(AND(ID12:IH12),1,0) | IL12: 9 | IQ12: =IU11 | IU12: =IF(AND(IP12:IT12),1,0) | IX12: 9 | IZ12: SFC OFF | JC12: =JJ9 | JD12: =JG11 | JG12: =IF(AND(JB12:JF12),1,0) | JI12: FADR | JJ12: ='Mode Logic'!P18 | JN12: 9 | JP12: HVAC2 SMDR 1 | JS12: =JJ19 | JT12: =JW11 | JW12: =IF(AND(JR12:JV12),1,0) | JZ12: 9 | KE12: =KI10 | KI12: =IF(AND(KD12:KH12),1,0) | KP12: 9 | KQ12: X2 | KR12: APS 2 415 V AC R | KU12: =KL18 | KY12: =IF(AND(KT12:KX12),1,0) | LB12: 9 | LG12: =LK11 | LK12: =IF(AND(LF12:LJ12),1,0) | LM12: CMPC2 16A | LN12: 1 | LR12: 9 | LW12: =MA11 | MA12: =IF(AND(LV12:LZ12),1,0) | MC12: SMDR1 | MD12: ='DATA TRANSFER'!AT15 | MH12: 9 | MJ12: MCBTL | MM12: =MT8 | MN12: =MQ11 | MQ12: =IF(AND(ML12:MP12),1,0) | MS12: SMDRB | MT12: ='DATA TRANSFER'!M10
A13: 10 | F13: =J12 | J13: =IF(AND(E13:I13),1,0) | L13: HTC | M13: ='DATA TRANSFER'!AT18 | P13: 10 | Q13: HA/24.E6 | U13: =AB37 | Y13: =IF(AND(T13:X13),1,0) | AA13: CMPC3 16A | AF13: 10 | AG13: HA/24.E6 | AK13: 1 | AO13: =IF(AND(AJ13:AN13),1,0) | AS13: 10 | AW13: =BB12 | BB13: =IF(AND(AW13:BA13),1,0) | BI13: 10 | BK13: LUB | BN13: =BU6 | BO13: =BR12 | BR13: =IF(AND(BM13:BQ13),1,0) | BX13: 10 | BZ13: LUB | CC13: =BU6 | CD13: =CG12 | CG13: =IF(AND(CB13:CF13),1,0) | CI13: 10 | CJ13: UD .X63.22-F 1 +63.20 | CN13: =CR12 | CR13: =IF(AND(CM13:CQ13),1,0) | CY13: 10 | DD13: =DH12 | DH13: =IF(AND(DC13:DG13),1,0) | DK13: 10 | DP13: =DT12 | DT13: =IF(AND(DO13:DS13),1,0) | DV13: TERMOSTAT 1 | DW13: 1 | DZ13: 10 | EE13: =EI12 | EI13: =IF(AND(ED13:EH13),1,0) | EK13: SFC OFF | EL13: 1 | EO13: 10 | ET13: =EX12 | EX13: =IF(AND(ES13:EW13),1,0) | EZ13: TMR1 | FA13: 1 | FE13: 10 | FJ13: =FN12 | FN13: =IF(AND(FI13:FM13),1,0) | FP13: TMR1 | FQ13: 1 | FT13: 10 | FY13: =GC12 | GC13: =IF(AND(FX13:GB13),1,0) | GF13: 10 | GH13: HVAC2 SMDR | GK13: =GR8 | GL13: =GO10 | GO13: =IF(AND(GJ13:GN13),1,0) | GQ13: FADR_5 | GR13: ='Mode Logic'!P18 | GU13: 10 | GZ13: =HD12 | HD13: =IF(AND(GY13:HC13),1,0) | HF13: M DAMPER (FRESH AIR DAMPER 1 RAD 1) | HG13: 1 | HK13: 10 | HP13: =HT12 | HT13: =IF(AND(HO13:HS13),1,0) | HV13: EMR | HW13: 1 | HZ13: 10 | IB13: APS 2 _Y | IE13: =HW7 | II13: =IF(AND(ID13:IH13),1,0) | IL13: 10 | IQ13: =IU11 | IU13: =IF(AND(IP13:IT13),1,0) | IX13: 10 | JC13: =JG12 | JG13: =IF(AND(JB13:JF13),1,0) | JI13: EMR | JJ13: 1 | JN13: 10 | JS13: =JW12 | JW13: =IF(AND(JR13:JV13),1,0) | JZ13: 10 | KB13: 110 V DC ALWAYS ON | KE13: =KL7 | KI13: =IF(AND(KD13:KH13),1,0) | KK13: CKT 22 | KP13: 10 | KU13: =KY12 | KY13: =IF(AND(KT13:KX13),1,0) | LB13: 10 | LG13: =LK12 | LK13: =IF(AND(LF13:LJ13),1,0) | LM13: CMPC3 16A | LN13: 1 | LR13: 10 | LW13: =MA12 | MA13: =IF(AND(LV13:LZ13),1,0) | MC13: SMDR2 | MD13: 1 | MH13: 10 | MM13: =MQ12 | MQ13: =IF(AND(ML13:MP13),1,0) | MS13: FADR | MT13: ='Mode Logic'!P18
A14: 11 | F14: =J13 | J14: =IF(AND(E14:I14),1,0) | L14: ELECTRICAL HEATING P=1.5 KW | M14: ='DATA TRANSFER'!AT18 | P14: 11 | U14: =Y13 | Y14: =IF(AND(T14:X14),1,0) | AA14: CMPC4 16A | AF14: 11 | AK14: =AO13 | AO14: =IF(AND(AJ14:AN14),1,0) | AS14: 11 | AW14: =BB13 | BB14: =IF(AND(AW14:BA14),1,0) | BI14: 11 | BN14: =BR13 | BR14: =IF(AND(BM14:BQ14),1,0) | BX14: 11 | CC14: =CG13 | CG14: =IF(AND(CB14:CF14),1,0) | CI14: 11 | CN14: =CR12 | CR14: =IF(AND(CM14:CQ14),1,0) | CY14: 11 | DD14: =DH13 | DH14: =IF(AND(DC14:DG14),1,0) | DK14: 11 | DM14: 24 VDC | DP14: =DT8 | DT14: =IF(AND(DO14:DS14),1,0) | DV14: TERMOSTAT 2 | DW14: 1 | DZ14: 11 | EB14: FROM APS 415 VAC | EE14: =EL7 | EI14: =IF(AND(ED14:EH14),1,0) | EO14: 11 | EQ14: SMDR2-110VDC | ET14: 1 | EX14: =IF(AND(ES14:EW14),1,0) | EZ14: SMTR | FA14: 1 | FE14: 11 | FJ14: =FN13 | FN14: =IF(AND(FI14:FM14),1,0) | FP14: SMTR | FQ14: 1 | FT14: 11 | FV14: SMDR2 -110VDC | FY14: =FQ7 | GC14: =IF(AND(FX14:GB14),1,0) | GF14: 11 | GK14: =GO13 | GO14: =IF(AND(GJ14:GN14),1,0) | GQ14: FADR_6 | GR14: ='Mode Logic'!P18 | GU14: 11 | GZ14: =HD15 | HD14: =IF(AND(GY14:HC14),1,0) | HF14: M DAMPER (FRESH AIR DAMPER 2 RAD 2) | HG14: 1 | HK14: 11 | HM14: APS 2 | HP14: =HW8 | HT14: =IF(AND(HO14:HS14),1,0) | HV14: PPR1 | HW14: 1 | HZ14: 11 | IE14: =II13 | II14: =IF(AND(ID14:IH14),1,0) | IL14: 11 | IQ14: =IF(OR(IU8,IU12),1,0) | IU14: =IF(AND(IP14:IT14),1,0) | IX14: 11 | IZ14: FADR | JC14: =JJ12 | JD14: =JG13 | JG14: =IF(AND(JB14:JF14),1,0) | JN14: 11 | JS14: =JW7 | JW14: =IF(AND(JR14:JV14),1,0) | JZ14: 11 | KE14: =KI13 | KI14: =IF(AND(KD14:KH14),1,0) | KK14: COMPONENT | KM14: REMARK | KP14: 11 | KQ14: X2 | KR14: APS 2 415 V AC Y | KU14: =KL18 | KY14: =IF(AND(KT14:KX14),1,0) | LB14: 11 | LD14: PHASE PROTECTION RELAY 2 PPR2 | LG14: =LN34 | LH14: =LK10 | LI14: =LK8 | LJ14: =LK6 | LK14: =IF(AND(LF14:LJ14),1,0) | LM14: CMPC4 16A | LN14: 1 | LR14: 11 | LW14: =MA13 | MA14: =IF(AND(LV14:LZ14),1,0) | MC14: FADR | MD14: ='Mode Logic'!P18 | MH14: 11 | MJ14: SRRB | MM14: =IF(OR(MT11=1,MT12=1),0,1) | MN14: =MQ13 | MQ14: =IF(AND(ML14:MP14),1,0) | MS14: SMDR | MT14: 1
A15: 12 | F15: =J14 | J15: =IF(AND(E15:I15),1,0) | P15: 12 | U15: =Y14 | Y15: =IF(AND(T15:X15),1,0) | AA15: SUPPLY AIR FAN 1 Pa=1.25kW P.f=0.75 | AB15: ='DATA TRANSFER'!AT19 | AF15: 12 | AK15: =AO14 | AO15: =IF(AND(AJ15:AN15),1,0) | AS15: 12 | AU15: SMDRB | AW15: 1 | AX15: =BB14 | BB15: =IF(AND(AW15:BA15),1,0) | BI15: 12 | BK15: DC/DC CONVERTER 1 | BN15: =BU7 | BO15: =BR14 | BR15: =IF(AND(BM15:BQ15),1,0) | BX15: 12 | BZ15: DC/DC CONVERTER 1 | CC15: =BU7 | CD15: =CG14 | CG15: =IF(AND(CB15:CF15),1,0) | CI15: 12 | CN15: =CR8 | CR15: =IF(AND(CM15:CQ15),1,0) | CY15: 12 | CZ15: JE .A01-X9 (15) JE .A01 (+14.25) | DA15: RIO1 I_FADForcedOpn | DD15: =CU10 | DE15: =DH14 | DH15: =IF(AND(DC15:DG15),1,0) | DK15: 12 | DP15: =DT14 | DT15: =IF(AND(DO15:DS15),1,0) | DV15: HTC | DW15: ='DATA TRANSFER'!AT18 | DZ15: 12 | EE15: =EI14 | EI15: =IF(AND(ED15:EH15),1,0) | EO15: 12 | ET15: =EX14 | EX15: =IF(AND(ES15:EW15),1,0) | EZ15: SMRR | FA15: =IF(OR(FQ6=1,FQ7=1),0,1) | FE15: 12 | FJ15: =FN14 | FN15: =IF(AND(FI15:FM15),1,0) | FP15: SMRR | FQ15: 1 | FT15: 12 | FY15: =GC14 | GC15: =IF(AND(FX15:GB15),1,0) | GF15: 12 | GH15: HVAC1 SMDR | GK15: =GR8 | GL15: =GO14 | GO15: =IF(AND(GJ15:GN15),1,0) | GQ15: SFC OFF | GR15: =IF(OR('Mode Logic'!V18),1,0) | GU15: 12 | GZ15: 1 | HD15: =IF(AND(GY15:HC15),1,0) | HF15: TMR2 | HG15: 1 | HK15: 12 | HP15: =HT14 | HT15: =IF(AND(HO15:HS15),1,0) | HV15: PPR2 | HW15: 1 | HZ15: 12 | IB15: APS2 _B | IE15: =HW7 | II15: =IF(AND(ID15:IH15),1,0) | IL15: 12 | IN15: 24 V DC | IQ15: =HW17 | IU15: =IF(AND(IP15:IT15),1,0) | IX15: 12 | JC15: =JG14 | JG15: =IF(AND(JB15:JF15),1,0) | JI15: CKT 20 | JN15: 12 | JP15: HVAC2 SMDR 2 | JS15: =JJ19 | JT15: =JW14 | JW15: =IF(AND(JR15:JV15),1,0) | JZ15: 12 | KB15: SFC OFF | KE15: =KL8 | KF15: =KI14 | KI15: =IF(AND(KD15:KH15),1,0) | KK15: 24 VDC | KL15: 1 | KP15: 12 | KU15: =KY14 | KY15: =IF(AND(KT15:KX15),1,0) | LB15: 12 | LG15: =LK5 | LK15: =IF(AND(LF15:LJ15),1,0) | LM15: SUPPLY AIR FAN 1 Pa=1.25kW P.f=0.75 | LN15: ='DATA TRANSFER'!AT19 | LR15: 12 | LW15: =MA14 | MA15: =IF(AND(LV15:LZ15),1,0) | MC15: SFC OFF | MD15: 1 | MH15: 12 | MJ15: SMRR | MM15: 1 | MQ15: =IF(AND(ML15:MP15),1,0) | MS15: SFC OFF | MT15: =IF(OR('Mode Logic'!V18),1,0)
A16: 13 | F16: =J15 | J16: =IF(AND(E16:I16),1,0) | P16: 13 | R16: PPR1 | U16: =AB34 | V16: =Y12 | W16: =Y9 | X16: =Y6 | Y16: =IF(AND(T16:X16),1,0) | AA16: SUPPLY AIR FAN 1 Pa=1.25kW P.f=0.76 | AB16: ='DATA TRANSFER'!AT19 | AF16: 13 | AH16: PPR1 | AK16: =AB33 | AL16: =AO12 | AM16: =AO9 | AN16: =AO6 | AO16: =IF(AND(AJ16:AN16),1,0) | AS16: 13 | AW16: =BB15 | BB16: =IF(AND(AW16:BA16),1,0) | BI16: 13 | BN16: =BR15 | BR16: =IF(AND(BM16:BQ16),1,0) | BX16: 13 | CC16: =CG15 | CG16: =IF(AND(CB16:CF16),1,0) | CI16: 13 | CJ16: UD .X63.22-F 1 +63.20 | CN16: =CR15 | CR16: =IF(AND(CM16:CQ16),1,0) | CY16: 13 | DD16: =DH13 | DH16: =IF(AND(DC16:DG16),1,0) | DK16: 13 | DL16: LAS03(14.30) | DM16: CACS | DP16: =DW8 | DQ16: =DT15 | DT16: =IF(AND(DO16:DS16),1,0) | DV16: ELECTRICAL HEATING P=1.5 KW | DW16: ='DATA TRANSFER'!AT18 | DZ16: 13 | EB16: FROM APS 415 VAC | EE16: =EL7 | EI16: =IF(AND(ED16:EH16),1,0) | EO16: 13 | EQ16: FADR-110VDC | ET16: 1 | EX16: =IF(AND(ES16:EW16),1,0) | EZ16: SFC OFF | FA16: =IF(OR('Mode Logic'!V18),1,0) | FE16: 13 | FG16: FADR-110VDC | FJ16: 1 | FN16: =IF(AND(FI16:FM16),1,0) | FP16: SFC OFF | FQ16: 1 | FT16: 13 | FV16: FADR -110VDC | FY16: =FQ8 | GC16: =IF(AND(FX16:GB16),1,0) | GF16: 13 | GK16: =GO15 | GO16: =IF(AND(GJ16:GN16),1,0) | GU16: 13 | GZ16: =HD50 | HD16: =IF(AND(GY16:HC16),1,0) | HF16: 24 V HEC | HG16: 1 | HK16: 13 | HP16: =HT7 | HT16: =IF(AND(HO16:HS16),1,0) | HV16: TMR1 | HW16: 1 | HZ16: 13 | IE16: =II15 | II16: =IF(AND(ID16:IH16),1,0) | IL16: 13 | IN16: ESAFC | IQ16: =IF(OR('Mode Logic'!U18:V18),1,0) | IR16: =IU15 | IU16: =IF(AND(IP16:IT16),1,0) | IX16: 13 | JC16: =JG14 | JG16: =IF(AND(JB16:JF16),1,0) | JI16: COMPONENT | JK16: REMARK | JN16: 13 | JS16: =JW15 | JW16: =IF(AND(JR16:JV16),1,0) | JZ16: 13 | KE16: =KI15 | KI16: =IF(AND(KD16:KH16),1,0) | KK16: 110 V DC | KL16: 1 | KP16: 13 | KQ16: X2 | KR16: APS 2 415 V AC B | KU16: =KL18 | KY16: =IF(AND(KT16:KX16),1,0) | LB16: 13 | LG16: =LK24 | LH16: =LK15 | LK16: =IF(AND(LF16:LJ16),1,0) | LM16: SUPPLY AIR FAN 1 Pa=1.25kW P.f=0.76 | LN16: ='DATA TRANSFER'!AT19 | LR16: 13 | LW16: =MA15 | MA16: =IF(AND(LV16:LZ16),1,0) | MC16: 24 V DC | MD16: 1 | MH16: 13 | MM16: 1 | MQ16: =IF(AND(ML16:MP16),1,0) | MS16: SMRR | MT16: 1
A17: 14 | F17: =J16 | J17: =IF(AND(E17:I17),1,0) | P17: 14 | U17: =Y6 | Y17: =IF(AND(T17:X17),1,0) | AA17: COMPRESSOR 1 (3A) Pa=7.5kW P.f=0.75 | AB17: ='Mode Logic'!L18 | AF17: 14 | AK17: =AO6 | AO17: =IF(AND(AJ17:AN17),1,0) | AS17: 14 | AW17: =BB16 | BB17: =IF(AND(AW17:BA17),1,0) | BI17: 14 | BN17: =BR16 | BR17: =IF(AND(BM17:BQ17),1,0) | BX17: 14 | CC17: =CG16 | CG17: =IF(AND(CB17:CF17),1,0) | CI17: 14 | CN17: =CR15 | CR17: =IF(AND(CM17:CQ17),1,0) | CY17: 14 | CZ17: JE .A01-X9 (15) JE .A01 (+14.25) | DA17: RIO2 I_FADForcedOpn | DD17: =CU10 | DE17: =DH16 | DH17: =IF(AND(DC17:DG17),1,0) | DK17: 14 | DP17: =DT16 | DT17: =IF(AND(DO17:DS17),1,0) | DV17: HTCN | DW17: 1 | DZ17: 14 | EE17: =EI16 | EI17: =IF(AND(ED17:EH17),1,0) | EO17: 14 | ET17: =EX16 | EX17: =IF(AND(ES17:EW17),1,0) | EZ17: FADR | FA17: 1 | FE17: 14 | FJ17: =FN16 | FN17: =IF(AND(FI17:FM17),1,0) | FP17: FADR | FQ17: 1 | FT17: 14 | FY17: =GC16 | GC17: =IF(AND(FX17:GB17),1,0) | GF17: 14 | GH17: HVAC2 SMDR | GK17: =GR8 | GL17: =GO14 | GO17: =IF(AND(GJ17:GN17),1,0) | GU17: 14 | GZ17: =HD16 | HD17: =IF(AND(GY17:HC17),1,0) | HF17: RAD OPEN | HG17: 1 | HK17: 14 | HP17: =HT12 | HT17: =IF(AND(HO17:HS17),1,0) | HV17: 24 VDC | HW17: 1 | HZ17: 14 | IB17: PPR2 | IE17: =HW15 | II17: =IF(AND(ID17:IH17),1,0) | IL17: 14 | IQ17: =IU16 | IU17: =IF(AND(IP17:IT17),1,0) | IX17: 14 | IZ17: 24 VDC | JC17: =JJ5 | JG17: =IF(AND(JB17:JF17),1,0) | JI17: 24 VDC | JJ17: 1 | JN17: 14 | JS17: =JW9 | JW17: =IF(AND(JR17:JV17),1,0) | JZ17: 14 | KE17: =KI16 | KI17: =IF(AND(KD17:KH17),1,0) | KK17: APS 1 | KL17: 1 | KP17: 14 | KU17: =KY16 | KY17: =IF(AND(KT17:KX17),1,0) | LB17: 14 | LG17: =LK26 | LH17: =LK16 | LK17: =IF(AND(LF17:LJ17),1,0) | LM17: COMPRESSOR 1 (3A) Pa=7.5kW P.f=0.75 | LN17: ='DATA TRANSFER'!AT15 | LR17: 14 | LW17: =MA16 | MA17: =IF(AND(LV17:LZ17),1,0) | MH17: 14 | MJ17: HCR | MM17: =MT10 | MN17: =MQ12 | MQ17: =IF(AND(ML17:MP17),1,0) | MS17: TCR 6 | MT17: 1
A18: 15 | C18: FAN2 P=60W | F18: =M10 | G18: =J17 | J18: =IF(AND(E18:I18),1,0) | P18: 15 | R18: SAFB1 _9.5A | U18: =AB15 | V18: =Y17 | W18: =Y22 | X18: =Y25 | Y18: =IF(AND(T18:X18),1,0) | AA18: COMPRESSOR 2 (3A) Pa=7.5kW P.f=0.76 | AB18: ='Mode Logic'!M18 | AF18: 15 | AH18: SAFB1 _9.5A | AK18: =AB15 | AL18: =AO17 | AO18: =IF(AND(AJ18:AN18),1,0) | AS18: 15 | AW18: =BB17 | BB18: =IF(AND(AW18:BA18),1,0) | BI18: 15 | BN18: =BR17 | BR18: =IF(AND(BM18:BQ18),1,0) | BX18: 15 | CC18: =CG17 | CG18: =IF(AND(CB18:CF18),1,0) | CI18: 15 | CJ18: 5000000 | CN18: 1 | CR18: =IF(AND(CM18:CQ18),1,0) | DK18: 15 | DL18: LAF11(14.20) | DM18: HFAN1 | DP18: =DW11 | DQ18: =DT17 | DT18: =IF(AND(DO18:DS18),1,0) | DV18: 24 HTC(200W) | DW18: 1 | DZ18: 15 | EB18: FROM APS 415 VAC | EE18: =EL7 | EI18: =IF(AND(ED18:EH18),1,0) | EO18: 15 | ET18: =EX17 | EX18: =IF(AND(ES18:EW18),1,0) | EZ18: 24VDC/DC | FA18: 1 | FE18: 15 | FJ18: =FN17 | FN18: =IF(AND(FI18:FM18),1,0) | FP18: 24VDC/DC | FQ18: 1 | FT18: 15 | FY18: =GC17 | GC18: =IF(AND(FX18:GB18),1,0) | GF18: 15 | GK18: =GO17 | GO18: =IF(AND(GJ18:GN18),1,0) | GU18: 15 | GZ18: =HD17 | HD18: =IF(AND(GY18:HC18),1,0) | HF18: RAD CLOSE | HG18: 1 | HK18: 15 | HM18: APS2 | HP18: =HW8 | HT18: =IF(AND(HO18:HS18),1,0) | HV18: 110 V DC | HW18: 1 | HZ18: 15 | IE18: =HW17 | II18: =IF(AND(ID18:IH18),1,0) | IL18: 15 | IN18: EMERGENCY SAF 1 & 2 | IQ18: =IU17 | IU18: =IF(AND(IP18:IT18),1,0) | IX18: 15 | IZ18: SAFC2 | JC18: =JJ10 | JD18: =JG17 | JG18: =IF(AND(JB18:JF18),1,0) | JI18: 110 V DC | JJ18: 1 | JN18: 15 | JP18: HVAC2 SMDR 3 | JS18: =JJ19 | JT18: =JW16 | JW18: =IF(AND(JR18:JV18),1,0) | JZ18: 15 | KB18: 24 V DC | KE18: =KL6 | KI18: =IF(AND(KD18:KH18),1,0) | KK18: APS 2 | KL18: 1 | KP18: 15 | KQ18: X2 | KR18: APS 2 415 V AC PE | KU18: =KL18 | KY18: =IF(AND(KT18:KX18),1,0) | LB18: 15 | LG18: =LK17 | LK18: =IF(AND(LF18:LJ18),1,0) | LM18: COMPRESSOR 2 (3A) Pa=7.5kW P.f=0.76 | LN18: ='DATA TRANSFER'!AT15 | LR18: 15 | LW18: =MA17 | MA18: =IF(AND(LV18:LZ18),1,0) | MH18: 15 | MM18: =MQ22 | MQ18: =IF(AND(ML18:MP18),1,0) | MS18: DI RIO2 PCB 9(24))_I_FADFORCED OPN | MT18: ='Mode Logic'!P18
A19: 16 | F19: =J18 | J19: =IF(AND(E19:I19),1,0) | P19: 16 | U19: =Y18 | Y19: =IF(AND(T19:X19),1,0) | AA19: COMPRESSOR 3 (3A) Pa=7.5kW P.f=0.77 | AB19: ='Mode Logic'!N18 | AF19: 16 | AK19: =AO18 | AO19: =IF(AND(AJ19:AN19),1,0) | AS19: 16 | AW19: =BB18 | BB19: =IF(AND(AW19:BA19),1,0) | BI19: 16 | BN19: =BR18 | BR19: =IF(AND(BM19:BQ19),1,0) | BX19: 16 | CC19: =CG18 | CG19: =IF(AND(CB19:CF19),1,0) | CI19: 16 | CN19: =CR18 | CR19: =IF(AND(CM19:CQ19),1,0) | DK19: 16 | DP19: =DT18 | DT19: =IF(AND(DO19:DS19),1,0) | DV19: CACPN | DW19: 1 | DZ19: 16 | EE19: =EI18 | EI19: =IF(AND(ED19:EH19),1,0) | EO19: 16 | EQ19: SFC OFF | ET19: =FA16 | EX19: =IF(AND(ES19:EW19),1,0) | EZ19: 24V HEC | FA19: 1 | FE19: 16 | FG19: SFC OFF | FJ19: =FA16 | FK19: =FN18 | FN19: =IF(AND(FI19:FM19),1,0) | FP19: 24V HEC | FQ19: 1 | FT19: 16 | FV19: SFC OFF | FY19: =FQ16 | FZ19: =GC18 | GC19: =IF(AND(FX19:GB19),1,0) | GF19: 16 | GK19: =GO5 | GO19: =IF(AND(GJ19:GN19),1,0) | GU19: 16 | GZ19: =HD18 | HD19: =IF(AND(GY19:HC19),1,0) | HK19: 16 | HP19: =HT18 | HT19: =IF(AND(HO19:HS19),1,0) | HV19: SFC | HW19: 1 | HZ19: 16 | IB19: PPR1 | IE19: =HW14 | IF19: =II18 | II19: =IF(AND(ID19:IH19),1,0) | IL19: 16 | IN19: 24VDC | IQ19: =HW17 | IU19: =IF(AND(IP19:IT19),1,0) | IX19: 16 | JC19: =JG18 | JG19: =IF(AND(JB19:JF19),1,0) | JI19: SMDR | JJ19: =IF(OR('DATA TRANSFER'!M12),1,0) | JN19: 16 | JS19: =JW18 | JW19: =IF(AND(JR19:JV19),1,0) | JZ19: 16 | KE19: =KL8 | KF19: =KI18 | KI19: =IF(AND(KD19:KH19),1,0) | KK19: SMRR | KL19: =IF(OR('DATA TRANSFER'!M12),1,0) | KP19: 16 | KU19: =KY18 | KY19: =IF(AND(KT19:KX19),1,0) | LB19: 16 | LG19: =LK7 | LK19: =IF(AND(LF19:LJ19),1,0) | LM19: COMPRESSOR 3 (3A) Pa=7.5kW P.f=0.77 | LN19: ='DATA TRANSFER'!AT24 | LR19: 16 | LW19: =MA18 | MA19: =IF(AND(LV19:LZ19),1,0) | MH19: 16 | MJ19: SMDR | MM19: =IF(OR('DATA TRANSFER'!M12),1,0) | MQ19: =IF(AND(ML19:MP19),1,0) | MS19: DI RIO1 PCB 9(24)_I_FADFORCED OPN | MT19: ='Mode Logic'!P18
A20: 17 | F20: =J6 | J20: =IF(AND(E20:I20),1,0) | P20: 17 | R20: SAFC1_12A | U20: =AB15 | V20: =Y19 | W20: =Y23 | X20: =Y26 | Y20: =IF(AND(T20:X20),1,0) | AA20: COMPRESSOR 4 (3A) Pa=7.5kW P.f=0.78 | AB20: ='Mode Logic'!O18 | AF20: 17 | AH20: SAFC1_12A | AK20: =AB16 | AL20: =AO19 | AO20: =IF(AND(AJ20:AN20),1,0) | AS20: 17 | AW20: =BB16 | BB20: =IF(AND(AW20:BA20),1,0) | BI20: 17 | BN20: =BR19 | BR20: =IF(AND(BM20:BQ20),1,0) | BX20: 17 | CC20: =CG19 | CG20: =IF(AND(CB20:CF20),1,0) | CI20: 17 | CN20: =CR18 | CR20: =IF(AND(CM20:CQ20),1,0) | DK20: 17 | DP20: =DT19 | DT20: =IF(AND(DO20:DS20),1,0) | DV20: APS | DW20: 1 | DZ20: 17 | EB20: 110VDC | EE20: =EL8 | EI20: =IF(AND(ED20:EH20),1,0) | EO20: 17 | EQ20: FADR | ET20: =EL12 | EU20: =EX19 | EX20: =IF(AND(ES20:EW20),1,0) | EZ20: SMDR | FA20: =IF(OR(FA7,FA8),1,0) | FE20: 17 | FG20: FADR | FJ20: 1 | FK20: =FN19 | FN20: =IF(AND(FI20:FM20),1,0) | FP20: SMDR | FQ20: 1 | FT20: 17 | FY20: =GC19 | GC20: =IF(AND(FX20:GB20),1,0) | GF20: 17 | GK20: =IF(OR(GO18:GO19),1,0) | GO20: =IF(AND(GJ20:GN20),1,0) | GU20: 17 | GZ20: =HD21 | HD20: =IF(AND(GY20:HC20),1,0) | HK20: 17 | HP20: =HT7 | HT20: =IF(AND(HO20:HS20),1,0) | HV20: TMR2 | HW20: 1 | HZ20: 17 | IE20: =II19 | II20: =IF(AND(ID20:IH20),1,0) | IL20: 17 | IN20: TMR2 | IQ20: =HW20 | IR20: =IU19 | IU20: =IF(AND(IP20:IT20),1,0) | IX20: 17 | IZ20: FADR | JC20: =JJ12 | JD20: =JG19 | JG20: =IF(AND(JB20:JF20),1,0) | JI20: SFC OFF | JJ20: =IF(OR('Mode Logic'!U18:V18),1,0) | JN20: 17 | JS20: =IF(OR(JW19,JW10,JW42),1,0) | JW20: =IF(AND(JR20:JV20),1,0) | JZ20: 17 | KE20: =KI19 | KI20: =IF(AND(KD20:KH20),1,0) | KK20: SMDR 1 | KL20: =IF(OR('DATA TRANSFER'!M12),1,0) | KP20: 17 | KQ20: X1 | KU20: =IF(AND(KY5,KY7,KY9,KY11),1,0) | KY20: =IF(AND(KT20:KX20),1,0) | LB20: 17 | LG20: =LK26 | LH20: =LK19 | LK20: =IF(AND(LF20:LJ20),1,0) | LM20: COMPRESSOR 4 (3A) Pa=7.5kW P.f=0.78 | LN20: ='DATA TRANSFER'!AT25 | LR20: 17 | LW20: =MA19 | MA20: =IF(AND(LV20:LZ20),1,0) | MH20: 17 | MM20: 1 | MQ20: =IF(AND(ML20:MP20),1,0) | MS20: ACCP2N | MT20: 1
A21: 18 | F21: =M6 | G21: =J20 | J21: =IF(AND(E21:I21),1,0) | P21: 18 | U21: =Y20 | Y21: =IF(AND(T21:X21),1,0) | AB21: 1 | AF21: 18 | AK21: =AO20 | AO21: =IF(AND(AJ21:AN21),1,0) | AS21: 18 | AW21: =BB20 | BB21: =IF(AND(AW21:BA21),1,0) | BI21: 18 | BN21: =BR20 | BR21: =IF(AND(BM21:BQ21),1,0) | BX21: 18 | CC21: =CG20 | CG21: =IF(AND(CB21:CF21),1,0) | CI21: 18 | CN21: =IF(OR(CR20,CR37),1,0) | CR21: =IF(AND(CM21:CQ21),1,0) | DK21: 18 | DP21: =DT20 | DT21: =IF(AND(DO21:DS21),1,0) | DZ21: 18 | EE21: =EI20 | EI21: =IF(AND(ED21:EH21),1,0) | EO21: 18 | ET21: =EX20 | EX21: =IF(AND(ES21:EW21),1,0) | FE21: 18 | FJ21: =FN20 | FN21: =IF(AND(FI21:FM21),1,0) | FT21: 18 | FV21: FADR | FY21: =FQ17 | FZ21: =GC20 | GC21: =IF(AND(FX21:GB21),1,0) | GF21: 18 | GK21: =GO20 | GO21: =IF(AND(GJ21:GN21),1,0) | GU21: 18 | GZ21: =HD53 | HD21: =IF(AND(GY21:HC21),1,0) | HK21: 18 | HP21: =HT20 | HT21: =IF(AND(HO21:HS21),1,0) | HV21: 0 VDC | HW21: 1 | HZ21: 18 | IE21: =II20 | II21: =IF(AND(ID21:IH21),1,0) | IL21: 18 | IQ21: =IU20 | IU21: =IF(AND(IP21:IT21),1,0) | IX21: 18 | JC21: =JG20 | JG21: =IF(AND(JB21:JF21),1,0) | JI21: FADR1 | JJ21: ='Mode Logic'!P18 | JN21: 18 | JS21: =JW20 | JW21: =IF(AND(JR21:JV21),1,0) | JZ21: 18 | KB21: DI SFC OFF | KE21: =KI20 | KF21: =KI19 | KI21: =IF(AND(KD21:KH21),1,0) | KK21: SMDR 2 | KL21: =IF(OR('DATA TRANSFER'!M12),1,0) | KP21: 18 | KQ21: X2 | KU21: =IF(OR(KY13,KY15,KY17,KY19),1,0) | KY21: =IF(AND(KT21:KX21),1,0) | LB21: 18 | LG21: =LK26 | LH21: =LK26 | LK21: =IF(AND(LF21:LJ21),1,0) | LN21: 1 | LR21: 18 | LW21: =MA20 | MA21: =IF(AND(LV21:LZ21),1,0) | MH21: 18 | MM21: =MQ17 | MQ21: =IF(AND(ML21:MP21),1,0) | MS21: DI RIO 2 PCB 9 (15)_I_FAD FORCED CLS | MT21: =IF(NOT('Mode Logic'!P18),1,0)
A22: 19 | F22: =J21 | J22: =IF(AND(E22:I22),1,0) | P22: 19 | U22: =Y9 | Y22: =IF(AND(T22:X22),1,0) | AA22: CONDESER MOTOR 1 (3A) Pa=2.5kW P.f=0.74 | AB22: ='DATA TRANSFER'!AT14 | AF22: 19 | AK22: =AO9 | AO22: =IF(AND(AJ22:AN22),1,0) | AS22: 19 | AU22: SMDRB | AW22: =BE8 | AX22: =BB21 | BB22: =IF(AND(AW22:BA22),1,0) | BI22: 19 | BN22: =BR21 | BR22: =IF(AND(BM22:BQ22),1,0) | BX22: 19 | CC22: =CG21 | CG22: =IF(AND(CB22:CF22),1,0) | CI22: 19 | CN22: =CR20 | CR22: =IF(AND(CM22:CQ22),1,0) | DK22: 19 | DM22: FAN1 P-60W | DP22: =DW11 | DQ22: =DT21 | DT22: =IF(AND(DO22:DS22),1,0) | DZ22: 19 | EB22: 0VDC | EE22: 1 | EI22: =IF(AND(ED22:EH22),1,0) | EO22: 19 | EQ22: SFC OFF -110VDC | ET22: =FA9 | EX22: =IF(AND(ES22:EW22),1,0) | FE22: 19 | FG22: SFC OFF -110VDC | FJ22: =FA9 | FN22: =IF(AND(FI22:FM22),1,0) | FT22: 19 | FY22: =GC21 | GC22: =IF(AND(FX22:GB22),1,0) | GF22: 19 | GK22: =GO21 | GO22: =IF(AND(GJ22:GN22),1,0) | GU22: 19 | GZ22: 1 | HD22: =IF(AND(GY22:HC22),1,0) | HK22: 19 | HP22: =HT12 | HT22: =IF(AND(HO22:HS22),1,0) | HV22: RAD OPEN | HW22: 1 | HZ22: 19 | IE22: =HW17 | II22: =IF(AND(ID22:IH22),1,0) | IL22: 19 | IQ22: =IU21 | IU22: =IF(AND(IP22:IT22),1,0) | IX22: 19 | JC22: =JG21 | JG22: =IF(AND(JB22:JF22),1,0) | JI22: FADR2 | JJ22: ='Mode Logic'!P18 | JN22: 19 | JP22: SFC OFF | JS22: =JJ20 | JT22: =JW21 | JW22: =IF(AND(JR22:JV22),1,0) | JZ22: 19 | KB22: 24 V DC | KE22: =KL6 | KI22: =IF(AND(KD22:KH22),1,0) | KK22: FADR | KL22: 1 | KP22: 19 | KR22: CONTROL PANEL | KU22: =KY20 | KV22: =KY21 | KY22: =IF(AND(KT22:KX22),1,0) | LB22: 19 | LG22: =LK21 | LK22: =IF(AND(LF22:LJ22),1,0) | LM22: CONDESER MOTOR 1 (3A) Pa=2.5kW P.f=0.74 | LN22: ='DATA TRANSFER'!AT14 | LR22: 19 | LW22: =MA21 | MA22: =IF(AND(LV22:LZ22),1,0) | MH22: 19 | MJ22: SMDRB | MM22: =MT11 | MN22: =MQ21 | MO22: =MQ17 | MQ22: =IF(AND(ML22:MP22),1,0) | MS22: DI RIO 1 PCB 9 (15)_I_FAD FORCED CLS | MT22: =IF(NOT('Mode Logic'!P18),1,0)
A23: 20 | C23: HFAN1 3A | F23: =M9 | G23: =J22 | J23: =IF(AND(E23:I23),1,0) | P23: 20 | U23: =Y18 | V23: =Y22 | Y23: =IF(AND(T23:X23),1,0) | AA23: CONDESER MOTOR 2 (3A) Pa=2.5kW P.f=0.75 | AB23: ='DATA TRANSFER'!AT22 | AF23: 20 | AK23: =AO18 | AL23: =AO22 | AO23: =IF(AND(AJ23:AN23),1,0) | AS23: 20 | AW23: =BB22 | BB23: =IF(AND(AW23:BA23),1,0) | BI23: 20 | BN23: =BR22 | BR23: =IF(AND(BM23:BQ23),1,0) | BX23: 20 | CC23: =CG22 | CG23: =IF(AND(CB23:CF23),1,0) | CI23: 20 | CN23: =CR22 | CR23: =IF(AND(CM23:CQ23),1,0) | DK23: 20 | DP23: =DT22 | DT23: =IF(AND(DO23:DS23),1,0) | DZ23: 20 | EE23: =EI22 | EI23: =IF(AND(ED23:EH23),1,0) | EO23: 20 | ET23: =EX22 | EX23: =IF(AND(ES23:EW23),1,0) | FE23: 20 | FJ23: =FN22 | FN23: =IF(AND(FI23:FM23),1,0) | FT23: 20 | FV23: SFC-OFF 110VDC | FY23: =FQ9 | GC23: =IF(AND(FX23:GB23),1,0) | GF23: 20 | GH23: SFC OFF | GK23: =GR15 | GL23: =GO22 | GO23: =IF(AND(GJ23:GN23),1,0) | GU23: 20 | GZ23: =HD22 | HD23: =IF(AND(GY23:HC23),1,0) | HK23: 20 | HP23: =HT7 | HT23: =IF(AND(HO23:HS23),1,0) | HV23: RAD CLOSED | HW23: 1 | HZ23: 20 | IB23: PPR2 | IE23: =HW15 | IF23: =II22 | II23: =IF(AND(ID23:IH23),1,0) | IL23: 20 | IQ23: =IU22 | IU23: =IF(AND(IP23:IT23),1,0) | IX23: 20 | IZ23: 0 V DC | JC23: 1 | JG23: =IF(AND(JB23:JF23),1,0) | JI23: FADR6 | JJ23: ='Mode Logic'!P18 | JN23: 20 | JS23: =JW22 | JW23: =IF(AND(JR23:JV23),1,0) | JZ23: 20 | KE23: =KL10 | KF23: =KI22 | KI23: =IF(AND(KD23:KH23),1,0) | KK23: SFC OFF | KL23: =IF(OR('Mode Logic'!U18:V18),1,0) | KP23: 20 | KQ23: X5 | KU23: =IF(AND(KY26,KY28,KY24),1,0) | KY23: =IF(AND(KT23:KX23),1,0) | LB23: 20 | LG23: =LK9 | LK23: =IF(AND(LF23:LJ23),1,0) | LM23: CONDESER MOTOR 2 (3A) Pa=2.5kW P.f=0.75 | LN23: ='DATA TRANSFER'!AT22 | LR23: 20 | LW23: =MA22 | MA23: =IF(AND(LV23:LZ23),1,0) | MH23: 20 | MJ23: DI RIO 2 PCB 9(15)_I_FADFORCED CIS | MM23: =MQ22 | MN23: =MQ22 | MQ23: =IF(AND(ML23:MP23),1,0) | MS23: SMDR | MT23: 1
A24: 21 | F24: =J23 | J24: =IF(AND(E24:I24),1,0) | P24: 21 | U24: =Y20 | V24: =Y23 | Y24: =IF(AND(T24:X24),1,0) | AA24: CDFB 4,63A | AF24: 21 | AK24: =AO20 | AO24: =IF(AND(AJ24:AN24),1,0) | AS24: 21 | AW24: =BB23 | BB24: =IF(AND(AW24:BA24),1,0) | BI24: 21 | BN24: =BR23 | BR24: =IF(AND(BM24:BQ24),1,0) | BX24: 21 | CC24: =CG23 | CG24: =IF(AND(CB24:CF24),1,0) | CI24: 21 | CN24: =CR22 | CR24: =IF(AND(CM24:CQ24),1,0) | DK24: 21 | DP24: =DT14 | DT24: =IF(AND(DO24:DS24),1,0) | DZ24: 21 | EB24: SMRR | EE24: =EL9 | EI24: =IF(AND(ED24:EH24),1,0) | EO24: 21 | ET24: =EX23 | EX24: =IF(AND(ES24:EW24),1,0) | FE24: 21 | FJ24: =FN23 | FN24: =IF(AND(FI24:FM24),1,0) | FT24: 21 | FY24: =GC23 | GC24: =IF(AND(FX24:GB24),1,0) | GF24: 21 | GK24: =GO23 | GO24: =IF(AND(GJ24:GN24),1,0) | GU24: 21 | GZ24: =HD23 | HD24: =IF(AND(GY24:HC24),1,0) | HK24: 21 | HM24: APS1 | HP24: =HW6 | HT24: =IF(AND(HO24:HS24),1,0) | HZ24: 21 | IE24: =II23 | II24: =IF(AND(ID24:IH24),1,0) | IL24: 21 | IN24: 0VDC | IQ24: =HW21 | IU24: =IF(AND(IP24:IT24),1,0) | IX24: 21 | JC24: =JG23 | JG24: =IF(AND(JB24:JF24),1,0) | JN24: 21 | JP24: FADR1 | JS24: =JJ21 | JT24: =JW23 | JW24: =IF(AND(JR24:JV24),1,0) | JZ24: 21 | KE24: =KI23 | KI24: =IF(AND(KD24:KH24),1,0) | KK24: RS 485 | KP24: 21 | KU24: =KY25 | KY24: =IF(AND(KT24:KX24),1,0) | LB24: 21 | LD24: SAFB2 | LG24: =LN15 | LH24: =LK23 | LI24: =LK19 | LJ24: =LK15 | LK24: =IF(AND(LF24:LJ24),1,0) | LM24: CDFB 4,63A | LN24: 1 | LR24: 21 | LW24: =MA23 | MA24: =IF(AND(LV24:LZ24),1,0) | MH24: 21 | MM24: =MT22 | MN24: =MQ22 | MQ24: =IF(AND(ML24:MP24),1,0)
A25: 22 | F25: =J24 | J25: =IF(AND(E25:I25),1,0) | P25: 22 | U25: =Y12 | Y25: =IF(AND(T25:X25),1,0) | AA25: CDFC 9A | AF25: 22 | AK25: =AO12 | AO25: =IF(AND(AJ25:AN25),1,0) | AS25: 22 | AW25: =BB13 | BB25: =IF(AND(AW25:BA25),1,0) | BI25: 22 | BN25: 1 | BR25: =IF(AND(BM25:BQ25),1,0) | BX25: 22 | CC25: 1 | CG25: =IF(AND(CB25:CF25),1,0) | CI25: 22 | CN25: =CR24 | CR25: =IF(AND(CM25:CQ25),1,0) | DK25: 22 | DP25: =DT24 | DT25: =IF(AND(DO25:DS25),1,0) | DZ25: 22 | EE25: =EI24 | EI25: =IF(AND(ED25:EH25),1,0) | EO25: 22 | EQ25: SFC OFF | ET25: =FA16 | EU25: =EX24 | EX25: =IF(AND(ES25:EW25),1,0) | FE25: 22 | FG25: SFC OFF | FJ25: =FA16 | FK25: =FN24 | FN25: =IF(AND(FI25:FM25),1,0) | FT25: 22 | FY25: =GC24 | GC25: =IF(AND(FX25:GB25),1,0) | GF25: 22 | GH25: FADR1 | GK25: =GR9 | GL25: =GO24 | GO25: =IF(AND(GJ25:GN25),1,0) | GU25: 22 | GZ25: =HD24 | HD25: =IF(AND(GY25:HC25),1,0) | HK25: 22 | HP25: =HT24 | HT25: =IF(AND(HO25:HS25),1,0) | HZ25: 22 | IE25: =II24 | II25: =IF(AND(ID25:IH25),1,0) | IL25: 22 | IQ25: =IU24 | IU25: =IF(AND(IP25:IT25),1,0) | IX25: 22 | IZ25: 24 V DC | JC25: =JJ5 | JG25: =IF(AND(JB25:JF25),1,0) | JN25: 22 | JS25: =JW24 | JW25: =IF(AND(JR25:JV25),1,0) | JZ25: 22 | KB25: DI SAF 1 & 2 | KE25: =KI24 | KF25: =KI23 | KI25: =IF(AND(KD25:KH25),1,0) | KP25: 22 | KQ25: X5 | KR25: RS 485 | KU25: 1 | KY25: =IF(AND(KT25:KX25),1,0) | LB25: 22 | LG25: =LK24 | LK25: =IF(AND(LF25:LJ25),1,0) | LM25: CDFC 9A | LN25: 1 | LR25: 22 | LW25: =MA24 | MA25: =IF(AND(LV25:LZ25),1,0) | MH25: 22 | MM25: =MQ18 | MQ25: =IF(AND(ML25:MP25),1,0)
A26: 23 | F26: =J25 | J26: =IF(AND(E26:I26),1,0) | P26: 23 | U26: =Y18 | V26: =Y25 | Y26: =IF(AND(T26:X26),1,0) | AA26: SAFB1 9.5A | AF26: 23 | AK26: =AO18 | AO26: =IF(AND(AJ26:AN26),1,0) | AS26: 23 | AU26: SMDRB | AW26: 1 | AX26: =BB25 | BB26: =IF(AND(AW26:BA26),1,0) | BI26: 23 | BN26: =BR25 | BR26: =IF(AND(BM26:BQ26),1,0) | BX26: 23 | CC26: =CG25 | CG26: =IF(AND(CB26:CF26),1,0) | CI26: 23 | CJ26: UD .X63.22-F 1 +63.20 | CN26: =CR25 | CR26: =IF(AND(CM26:CQ26),1,0) | DK26: 23 | DP26: =DT16 | DQ26: =DT25 | DT26: =IF(AND(DO26:DS26),1,0) | DZ26: 23 | EB26: SMDR1 | EE26: =EL10 | EI26: =IF(AND(ED26:EH26),1,0) | EO26: 23 | ET26: =EX25 | EX26: =IF(AND(ES26:EW26),1,0) | FE26: 23 | FJ26: =FN25 | FN26: =IF(AND(FI26:FM26),1,0) | FT26: 23 | FV26: SFC OFF | FY26: =FQ16 | GC26: =IF(AND(FX26:GB26),1,0) | GF26: 23 | GK26: =GO64 | GO26: =IF(AND(GJ26:GN26),1,0) | GU26: 23 | GZ26: =HD51 | HD26: =IF(AND(GY26:HC26),1,0) | HK26: 23 | HP26: =HT25 | HT26: =IF(AND(HO26:HS26),1,0) | HZ26: 23 | IE26: =HW17 | II26: =IF(AND(ID26:IH26),1,0) | IL26: 23 | IQ26: =IU25 | IU26: =IF(AND(IP26:IT26),1,0) | IX26: 23 | IZ26: 1 | JC26: =JG25 | JG26: =IF(AND(JB26:JF26),1,0) | JN26: 23 | JS26: =JW24 | JW26: =IF(AND(JR26:JV26),1,0) | KP26: 23 | KU26: =KY27 | KY26: =IF(AND(KT26:KX26),1,0) | LB26: 23 | LD26: SAFC2 | LG26: =LN15 | LH26: =LK25 | LJ26: =LK16 | LK26: =IF(AND(LF26:LJ26),1,0) | LM26: SAFB1 9.5A | LN26: 1 | LR26: 23 | LW26: =MA25 | MA26: =IF(AND(LV26:LZ26),1,0) | MH26: 23 | MJ26: SMDRB | MM26: =MT12 | MN26: =MT12 | MQ26: =IF(AND(ML26:MP26),1,0)
A27: 24 | B27: =IF(OR('Mode Logic'!U18:V18),1,0) | F27: =J26 | J27: =IF(AND(E27:I27),1,0) | P27: 24 | U27: =Y20 | V27: =Y26 | Y27: =IF(AND(T27:X27),1,0) | AA27: SAFC1 12A | AF27: 24 | AK27: =AO20 | AO27: =IF(AND(AJ27:AN27),1,0) | AS27: 24 | AW27: =BB26 | BB27: =IF(AND(AW27:BA27),1,0) | BI27: 24 | BN27: =BR26 | BR27: =IF(AND(BM27:BQ27),1,0) | BX27: 24 | CC27: =CG26 | CG27: =IF(AND(CB27:CF27),1,0) | CI27: 24 | CN27: =CR26 | CR27: =IF(AND(CM27:CQ27),1,0) | DK27: 24 | DL27: LAF12(14.20) | DM27: HFAN2 | DP27: =DW12 | DT27: =IF(AND(DO27:DS27),1,0) | DZ27: 24 | EE27: =EI26 | EI27: =IF(AND(ED27:EH27),1,0) | EO27: 24 | ET27: 1 | EX27: =IF(AND(ES27:EW27),1,0) | FE27: 24 | FJ27: 1 | FN27: =IF(AND(FI27:FM27),1,0) | FT27: 24 | FY27: =GC26 | GC27: =IF(AND(FX27:GB27),1,0) | GF27: 24 | GK27: =GO25 | GO27: =IF(AND(GJ27:GN27),1,0) | GU27: 24 | GZ27: =HD26 | HD27: =IF(AND(GY27:HC27),1,0) | HK27: 24 | HM27: MPCB 2 | HP27: =HW9 | HT27: =IF(AND(HO27:HS27),1,0) | HZ27: 24 | IB27: PPR1 | IE27: =HW14 | IF27: =II26 | II27: =IF(AND(ID27:IH27),1,0) | IL27: 24 | IQ27: =IU26 | IU27: =IF(AND(IP27:IT27),1,0) | IX27: 24 | IZ27: OPENING OF FAD AS PER AW LEVEL (A0) | JC27: =JG26 | JG27: =IF(AND(JB27:JF27),1,0) | JN27: 24 | JS27: =JW20 | JW27: =IF(AND(JR27:JV27),1,0) | KP27: 24 | KQ27: X5 | KR27: RS 485 | KU27: 1 | KY27: =IF(AND(KT27:KX27),1,0) | LB27: 24 | LG27: =LK26 | LK27: =IF(AND(LF27:LJ27),1,0) | LM27: SAFC1 12A | LN27: 1 | LR27: 24 | LW27: =MA26 | MA27: =IF(AND(LV27:LZ27),1,0) | MH27: 24 | MM27: =MQ26 | MQ27: =IF(AND(ML27:MP27),1,0)
A28: 25 | F28: =J27 | J28: =IF(AND(E28:I28),1,0) | P28: 25 | R28: SUPPLY AIR FAN 1 Pa=1.25kW P.f=0.75 | U28: =AB15 | V28: =Y21 | W28: =Y24 | X28: =Y27 | Y28: =IF(AND(T28:X28),1,0) | AA28: EMR DRIVE | AB28: 1 | AF28: 25 | AH28: SUPPLY AIR FAN 1 Pa=1.25kW P.f=0.75 | AK28: =AB15 | AL28: =AO21 | AM28: =AO24 | AN28: =AO27 | AO28: =IF(AND(AJ28:AN28),1,0) | AS28: 25 | AW28: =BB27 | BB28: =IF(AND(AW28:BA28),1,0) | BI28: 25 | BN28: =BR27 | BR28: =IF(AND(BM28:BQ28),1,0) | BX28: 25 | CC28: =CG27 | CG28: =IF(AND(CB28:CF28),1,0) | CI28: 25 | CN28: =CR27 | CR28: =IF(AND(CM28:CQ28),1,0) | DK28: 25 | DP28: =DT27 | DT28: =IF(AND(DO28:DS28),1,0) | DZ28: 25 | EB28: SMDR2 | EE28: =EL11 | EI28: =IF(AND(ED28:EH28),1,0) | EO28: 25 | ET28: =EX27 | EX28: =IF(AND(ES28:EW28),1,0) | FE28: 25 | FJ28: =FN27 | FN28: =IF(AND(FI28:FM28),1,0) | FT28: 25 | FY28: 1 | GC28: =IF(AND(FX28:GB28),1,0) | GF28: 25 | GK28: =GO20 | GO28: =IF(AND(GJ28:GN28),1,0) | GU28: 25 | GZ28: =HD27 | HD28: =IF(AND(GY28:HC28),1,0) | HK28: 25 | HP28: =HT27 | HT28: =IF(AND(HO28:HS28),1,0) | HZ28: 25 | IE28: =II27 | II28: =IF(AND(ID28:IH28),1,0) | IL28: 25 | IQ28: =IU27 | IU28: =IF(AND(IP28:IT28),1,0) | IX28: 25 | JC28: ='Mode Logic'!P18 | JG28: =IF(AND(JB28:JF28),1,0) | JN28: 25 | JP28: SFC OFF | JS28: =JJ20 | JT28: =JW27 | JW28: =IF(AND(JR28:JV28),1,0) | KP28: 25 | KU28: =KY29 | KY28: =IF(AND(KT28:KX28),1,0) | LB28: 25 | LG28: =LK27 | LK28: =IF(AND(LF28:LJ28),1,0) | LM28: EMR DRIVE | LN28: 1 | LR28: 25 | LW28: =MA27 | MA28: =IF(AND(LV28:LZ28),1,0) | MH28: 25 | MJ28: FADR | MM28: =MT13 | MQ28: =IF(AND(ML28:MP28),1,0)
A29: 26 | F29: =J28 | J29: =IF(AND(E29:I29),1,0) | P29: 26 | U29: =Y28 | Y29: =IF(AND(T29:X29),1,0) | AA29: HTRB 13.2A | AF29: 26 | AK29: =AO28 | AL29: =AO30 | AM29: =AO31 | AO29: =IF(AND(AJ29:AN29),1,0) | AS29: 26 | AW29: =BB28 | BB29: =IF(AND(AW29:BA29),1,0) | BI29: 26 | BN29: =BR28 | BR29: =IF(AND(BM29:BQ29),1,0) | BX29: 26 | CC29: =CG28 | CG29: =IF(AND(CB29:CF29),1,0) | CI29: 26 | CJ29: UD .X63.22-F 1 +63.20 | CN29: =CR28 | CR29: =IF(AND(CM29:CQ29),1,0) | DK29: 26 | DP29: =DT27 | DQ29: =DT28 | DT29: =IF(AND(DO29:DS29),1,0) | DZ29: 26 | EE29: =EI28 | EI29: =IF(AND(ED29:EH29),1,0) | EO29: 26 | EQ29: 24V HEC | ET29: =FA19 | EX29: =IF(AND(ES29:EW29),1,0) | FE29: 26 | FJ29: 1 | FN29: =IF(AND(FI29:FM29),1,0) | FT29: 26 | FY29: =GC28 | GC29: =IF(AND(FX29:GB29),1,0) | GF29: 26 | GK29: =GO28 | GO29: =IF(AND(GJ29:GN29),1,0) | GU29: 26 | GZ29: =HD28 | HD29: =IF(AND(GY29:HC29),1,0) | HK29: 26 | HP29: =HT28 | HT29: =IF(AND(HO29:HS29),1,0) | HZ29: 26 | IB29: PPR2 | IE29: =HW15 | IF29: =II28 | II29: =IF(AND(ID29:IH29),1,0) | IL29: 26 | IQ29: =IU28 | IU29: =IF(AND(IP29:IT29),1,0) | IX29: 26 | JC29: =JG28 | JG29: =IF(AND(JB29:JF29),1,0) | JN29: 26 | JS29: =JW28 | JW29: =IF(AND(JR29:JV29),1,0) | KP29: 26 | KQ29: X5 | KR29: GND | KU29: 1 | KY29: =IF(AND(KT29:KX29),1,0) | LB29: 26 | LD29: SUPPLY AIR FAN 1 PA = 1.25 KW ,P.F = 0.75 | LG29: =LN15 | LH29: =LK18 | LI29: =LK23 | LJ29: =LK28 | LK29: =IF(AND(LF29:LJ29),1,0) | LM29: HTRB 13.2A | LN29: ='DATA TRANSFER'!AT18 | LR29: 26 | LW29: =MA28 | MA29: =IF(AND(LV29:LZ29),1,0) | MH29: 26 | MJ29: SMDR | MM29: =IF(OR('DATA TRANSFER'!M12),1,0) | MQ29: =IF(AND(ML29:MP29),1,0)
A30: 27 | C30: FAN1 P=60W | F30: =M9 | G30: =J29 | J30: =IF(AND(E30:I30),1,0) | P30: 27 | U30: =Y28 | Y30: =IF(AND(T30:X30),1,0) | AA30: HTRC1 9A | AF30: 27 | AK30: =AO28 | AO30: =IF(AND(AJ30:AN30),1,0) | AS30: 27 | AW30: =BB13 | BB30: =IF(AND(AW30:BA30),1,0) | BI30: 27 | BN30: =BR29 | BR30: =IF(AND(BM30:BQ30),1,0) | BX30: 27 | CC30: =CG29 | CG30: =IF(AND(CB30:CF30),1,0) | CI30: 27 | CN30: =CR29 | CR30: =IF(AND(CM30:CQ30),1,0) | DK30: 27 | DM30: FAN1 P-60W | DP30: =DW11 | DT30: =IF(AND(DO30:DS30),1,0) | DZ30: 27 | EB30: FADR | EE30: =EL12 | EI30: =IF(AND(ED30:EH30),1,0) | EO30: 27 | ET30: =EX29 | EX30: =IF(AND(ES30:EW30),1,0) | FE30: 27 | FJ30: =FN29 | FN30: =IF(AND(FI30:FM30),1,0) | FT30: 27 | FY30: 1 | GC30: =IF(AND(FX30:GB30),1,0) | GF30: 27 | GK30: =GO29 | GO30: =IF(AND(GJ30:GN30),1,0) | GU30: 27 | GZ30: =IF(OR(HD29,HD48),1,0) | HD30: =IF(AND(GY30:HC30),1,0) | HK30: 27 | HP30: =HT29 | HT30: =IF(AND(HO30:HS30),1,0) | HZ30: 27 | IE30: =II29 | II30: =IF(AND(ID30:IH30),1,0) | IL30: 27 | IQ30: =IF(AND(IU29,IU23),1,0) | IU30: =IF(AND(IP30:IT30),1,0) | IX30: 27 | IZ30: EMR | JC30: =JJ13 | JD30: =JG29 | JE30: =JG27 | JG30: =IF(OR(JB30:JF30),1,0) | JN30: 27 | JP30: FADR2 | JS30: =JJ22 | JT30: =JW29 | JW30: =IF(AND(JR30:JV30),1,0) | KP30: 27 | KQ30: X4 | KU30: =IF(AND(KY31,KY33,KY35,KY37),1,0) | KY30: =IF(AND(KT30:KX30),1,0) | LB30: 27 | LG30: =LK29 | LK30: =IF(AND(LF30:LJ30),1,0) | LM30: HTRC1 9A | LN30: ='DATA TRANSFER'!AT18 | LR30: 27 | LW30: =MA29 | MA30: =IF(AND(LV30:LZ30),1,0) | MH30: 27 | MM30: 1 | MQ30: =IF(AND(ML30:MP30),1,0)
A31: 28 | F31: =J30 | J31: =IF(AND(E31:I31),1,0) | P31: 28 | R31: GROUND | U31: 1 | Y31: =IF(AND(T31:X31),1,0) | AA31: HTRC2 9A | AF31: 28 | AK31: =AO28 | AO31: =IF(AND(AJ31:AN31),1,0) | AS31: 28 | AU31: SMDRB | AW31: =BE8 | AX31: =BB30 | BB31: =IF(AND(AW31:BA31),1,0) | BI31: 28 | BN31: =BR30 | BR31: =IF(AND(BM31:BQ31),1,0) | BX31: 28 | CC31: =CG30 | CG31: =IF(AND(CB31:CF31),1,0) | CI31: 28 | CN31: =CR30 | CR31: =IF(AND(CM31:CQ31),1,0) | DK31: 28 | DP31: =DT30 | DT31: =IF(AND(DO31:DS31),1,0) | DZ31: 28 | EE31: =EI30 | EI31: =IF(AND(ED31:EH31),1,0) | EO31: 28 | ET31: =EX30 | EX31: =IF(AND(ES31:EW31),1,0) | FE31: 28 | FJ31: =FN30 | FN31: =IF(AND(FI31:FM31),1,0) | FT31: 28 | FY31: =GC30 | GC31: =IF(AND(FX31:GB31),1,0) | GF31: 28 | GH31: SFC OFF | GK31: =GR15 | GL31: =GO30 | GO31: =IF(AND(GJ31:GN31),1,0) | GU31: 28 | GZ31: =HD30 | HD31: =IF(AND(GY31:HC31),1,0) | HK31: 28 | HP31: =HT30 | HT31: =IF(AND(HO31:HS31),1,0) | HZ31: 28 | IB31: TMR1 | IE31: =HW16 | IF31: =II30 | II31: =IF(AND(ID31:IH31),1,0) | IL31: 28 | IN31: RAD/S3 | IQ31: ='Mode Logic'!Q18 | IU31: =IF(AND(IP31:IT31),1,0) | IX31: 28 | JC31: =JG30 | JG31: =IF(AND(JB31:JF31),1,0) | JN31: 28 | JS31: =JW30 | JW31: =IF(AND(JR31:JV31),1,0) | KP31: 28 | KU31: =KY32 | KY31: =IF(AND(KT31:KX31),1,0) | LB31: 28 | LG31: =LK30 | LK31: =IF(AND(LF31:LJ31),1,0) | LM31: HTRC2 9A | LN31: ='DATA TRANSFER'!AT18 | LR31: 28 | LW31: =MA30 | MA31: =IF(AND(LV31:LZ31),1,0) | MH31: 28 | MJ31: SFC OFF | MM31: =MT15 | MQ31: =IF(AND(ML31:MP31),1,0)
A32: 29 | F32: =J6 | J32: =IF(AND(E32:I32),1,0) | P32: 29 | Q32: HA/24.E4 | U32: =AB36 | Y32: =IF(AND(T32:X32),1,0) | AA32: HEATER 1 4.5kW | AB32: ='DATA TRANSFER'!AT18 | AF32: 29 | AH32: GROUND | AK32: 1 | AO32: =IF(AND(AJ32:AN32),1,0) | AS32: 29 | AW32: =BB31 | BB32: =IF(AND(AW32:BA32),1,0) | BI32: 29 | BN32: =BR31 | BR32: =IF(AND(BM32:BQ32),1,0) | BX32: 29 | CC32: =CG31 | CG32: =IF(AND(CB32:CF32),1,0) | CI32: 29 | CJ32: UD .X63.22-F 1 +63.20 | CN32: =CR31 | CR32: =IF(AND(CM32:CQ32),1,0) | DK32: 29 | DP32: =DT24 | DT32: =IF(AND(DO32:DS32),1,0) | DZ32: 29 | EB32: SFC OFF | EE32: =EL13 | EI32: =IF(AND(ED32:EH32),1,0) | EO32: 29 | ET32: =EX29 | EX32: =IF(AND(ES32:EW32),1,0) | FE32: 29 | FG32: 24V HEC | FJ32: =FN29 | FN32: =IF(AND(FI32:FM32),1,0) | FT32: 29 | FY32: =GC31 | GC32: =IF(AND(FX32:GB32),1,0) | GF32: 29 | GK32: =GO31 | GO32: =IF(AND(GJ32:GN32),1,0) | GU32: 29 | GW32: 0/24 v dc | GZ32: =HG8 | HD32: =IF(AND(GY32:HC32),1,0) | HK32: 29 | HM32: SAFC1 | HP32: =HW11 | HQ32: =HT31 | HR32: =HT42 | HT32: =IF(AND(HO32:HS32),1,0) | HZ32: 29 | IE32: =II31 | II32: =IF(AND(ID32:IH32),1,0) | IL32: 29 | IQ32: =IU31 | IU32: =IF(AND(IP32:IT32),1,0) | IX32: 29 | JC32: =JG31 | JG32: =IF(AND(JB32:JF32),1,0) | JN32: 29 | JS32: =JW30 | JW32: =IF(AND(JR32:JV32),1,0) | KP32: 29 | KU32: 1 | KY32: =IF(AND(KT32:KX32),1,0) | LB32: 29 | LG32: =LK29 | LK32: =IF(AND(LF32:LJ32),1,0) | LM32: HEATER 1 4.5kW | LN32: ='DATA TRANSFER'!AT18 | LR32: 29 | LW32: =MA31 | MA32: =IF(AND(LV32:LZ32),1,0) | MH32: 29 | MM32: 1 | MQ32: =IF(AND(ML32:MP32),1,0)
A33: 30 | F33: =J32 | J33: =IF(AND(E33:I33),1,0) | P33: 30 | U33: =Y32 | Y33: =IF(AND(T33:X33),1,0) | AA33: PPR1 | AB33: 1 | AF33: 30 | AG33: HA/24.E5 | AK33: 1 | AO33: =IF(AND(AJ33:AN33),1,0) | AS33: 30 | AW33: =BB32 | BB33: =IF(AND(AW33:BA33),1,0) | BI33: 30 | BN33: =BR32 | BR33: =IF(AND(BM33:BQ33),1,0) | BX33: 30 | CC33: =CG32 | CG33: =IF(AND(CB33:CF33),1,0) | CI33: 30 | CN33: =CR32 | CR33: =IF(AND(CM33:CQ33),1,0) | DK33: 30 | DP33: =DT16 | DQ33: =DT32 | DT33: =IF(AND(DO33:DS33),1,0) | DZ33: 30 | EE33: =EI32 | EI33: =IF(AND(ED33:EH33),1,0) | EO33: 30 | ET33: =EX31 | EX33: =IF(AND(ES33:EW33),1,0) | FE33: 30 | FJ33: =FN31 | FN33: =IF(AND(FI33:FM33),1,0) | FT33: 30 | FY33: =GC30 | GC33: =IF(AND(FX33:GB33),1,0) | GF33: 30 | GH33: FADR2 | GK33: =GR10 | GL33: =GO32 | GO33: =IF(AND(GJ33:GN33),1,0) | GU33: 30 | GZ33: =HD34 | HD33: =IF(AND(GY33:HC33),1,0) | HK33: 30 | HP33: =HT32 | HT33: =IF(AND(HO33:HS33),1,0) | HZ33: 30 | IE33: =II31 | II33: =IF(AND(ID33:IH33),1,0) | IL33: 30 | IQ33: =IU32 | IU33: =IF(AND(IP33:IT33),1,0) | IX33: 30 | JC33: =JG36 | JG33: =IF(AND(JB33:JF33),1,0) | JN33: 30 | JS33: =JW20 | JW33: =IF(AND(JR33:JV33),1,0) | KP33: 30 | KU33: =KY34 | KY33: =IF(AND(KT33:KX33),1,0) | LB33: 30 | LG33: 1 | LK33: =IF(AND(LF33:LJ33),1,0) | LM33: PPR1 | LN33: 1 | LR33: 30 | LW33: =MA32 | MA33: =IF(AND(LV33:LZ33),1,0) | MH33: 30 | MM33: =MQ4 | MQ33: =IF(AND(ML33:MP33),1,0)
A34: 31 | C34: CACS | F34: =M6 | G34: =J33 | J34: =IF(AND(E34:I34),1,0) | P34: 31 | U34: =Y33 | Y34: =IF(AND(T34:X34),1,0) | AA34: PPR2 | AB34: 1 | AF34: 31 | AK34: =AO33 | AO34: =IF(AND(AJ34:AN34),1,0) | AS34: 31 | AW34: =BB33 | BB34: =IF(AND(AW34:BA34),1,0) | BI34: 31 | BK34: LUB | BN34: =BU6 | BO34: =BR33 | BR34: =IF(AND(BM34:BQ34),1,0) | BX34: 31 | BZ34: LUB | CC34: =BU6 | CD34: =CG33 | CG34: =IF(AND(CB34:CF34),1,0) | CI34: 31 | CN34: 1 | CR34: =IF(AND(CM34:CQ34),1,0) | DK34: 31 | DP34: =DT33 | DT34: =IF(AND(DO34:DS34),1,0) | DZ34: 31 | EE34: 1 | EI34: =IF(AND(ED34:EH34),1,0) | EO34: 31 | ET34: =FA18 | EX34: =IF(AND(ES34:EW34),1,0) | FE34: 31 | FG34: 24VDC/DC | FJ34: 1 | FN34: =IF(AND(FI34:FM34),1,0) | FT34: 31 | FY34: =GC32 | GC34: =IF(AND(FX34:GB34),1,0) | GF34: 31 | GK34: =GO64 | GO34: =IF(AND(GJ34:GN34),1,0) | GU34: 31 | GZ34: 1 | HD34: =IF(AND(GY34:HC34),1,0) | HK34: 31 | HM34: ESAFC | HP34: =IF(OR(HW10:HW11),1,0) | HQ34: =HT35 | HT34: =IF(AND(HO34:HS34),1,0) | IL34: 31 | IQ34: =IU33 | IU34: =IF(AND(IP34:IT34),1,0) | IX34: 31 | JC34: =JG33 | JG34: =IF(AND(JB34:JF34),1,0) | JN34: 31 | JP34: SFC OFF | JS34: =JJ20 | JT34: =JW33 | JW34: =IF(AND(JR34:JV34),1,0) | KP34: 31 | KU34: 1 | KY34: =IF(AND(KT34:KX34),1,0) | LB34: 31 | LG34: =LN36 | LK34: =IF(AND(LF34:LJ34),1,0) | LM34: PPR2 | LN34: 1 | LR34: 31 | LW34: =MA33 | MA34: =IF(AND(LV34:LZ34),1,0) | MH34: 31 | MJ34: ACCP1N_6A | MM34: =MT7 | MN34: =MQ33 | MQ34: =IF(AND(ML34:MP34),1,0)
A35: 32 | F35: =J34 | J35: =IF(AND(E35:I35),1,0) | P35: 32 | Q35: HA/24.E4 | U35: =AB36 | Y35: =IF(AND(T35:X35),1,0) | AA35: HEATER 2 4.5kW | AB35: ='DATA TRANSFER'!AT18 | AF35: 32 | AK35: =AO34 | AO35: =IF(AND(AJ35:AN35),1,0) | BI35: 32 | BN35: =BR34 | BR35: =IF(AND(BM35:BQ35),1,0) | BX35: 32 | CC35: =CG34 | CG35: =IF(AND(CB35:CF35),1,0) | CI35: 32 | CN35: =CR34 | CR35: =IF(AND(CM35:CQ35),1,0) | DK35: 32 | DP35: =DT34 | DT35: =IF(AND(DO35:DS35),1,0) | DZ35: 32 | EE35: 1 | EI35: =IF(AND(ED35:EH35),1,0) | EO35: 32 | ET35: =EX34 | EX35: =IF(AND(ES35:EW35),1,0) | FE35: 32 | FJ35: =FN34 | FN35: =IF(AND(FI35:FM35),1,0) | FT35: 32 | FV35: 24VDC(DC/DC) | FY35: =FQ18 | GC35: =IF(AND(FX35:GB35),1,0) | GF35: 32 | GK35: =GO33 | GO35: =IF(AND(GJ35:GN35),1,0) | GU35: 32 | GZ35: =HD32 | HD35: =IF(AND(GY35:HC35),1,0) | HK35: 32 | HP35: =HT36 | HT35: =IF(AND(HO35:HS35),1,0) | IL35: 32 | IN35: S3 | IQ35: =IU34 | IU35: =IF(AND(IP35:IT35),1,0) | IX35: 32 | JC35: =JJ12 | JG35: =IF(AND(JB35:JF35),1,0) | JN35: 32 | JS35: =JW34 | JW35: =IF(AND(JR35:JV35),1,0) | KP35: 32 | KU35: =KY36 | KY35: =IF(AND(KT35:KX35),1,0) | LB35: 32 | LG35: =LK34 | LK35: =IF(AND(LF35:LJ35),1,0) | LM35: HEATER 2 4.5kW | LN35: ='DATA TRANSFER'!AT18 | LR35: 32 | LW35: =MA34 | MA35: =IF(AND(LV35:LZ35),1,0) | MH35: 32 | MM35: =MQ34 | MQ35: =IF(AND(ML35:MP35),1,0)
A36: 33 | F36: =J35 | J36: =IF(AND(E36:I36),1,0) | P36: 33 | U36: =Y35 | Y36: =IF(AND(T36:X36),1,0) | AA36: APS 1 | AB36: 1 | AF36: 33 | AG36: HA/24.E5 | AK36: 1 | AO36: =IF(AND(AJ36:AN36),1,0) | BI36: 33 | BN36: =BR15 | BO36: =BR35 | BR36: =IF(AND(BM36:BQ36),1,0) | BX36: 33 | CC36: =CG15 | CD36: =CG35 | CG36: =IF(AND(CB36:CF36),1,0) | CI36: 33 | CN36: =CR34 | CR36: =IF(AND(CM36:CQ36),1,0) | DK36: 33 | DM36: THR1 | DP36: ='DATA TRANSFER'!AT18 | DQ36: =DT35 | DT36: =IF(AND(DO36:DS36),1,0) | DZ36: 33 | EB36: ONLY FOR HVAC 2 | EE36: =EI35 | EI36: =IF(AND(ED36:EH36),1,0) | EO36: 33 | EQ36: PPR1 | ET36: =FA10 | EU36: =EX35 | EX36: =IF(AND(ES36:EW36),1,0) | FE36: 33 | FG36: PPR1 | FJ36: =FA10 | FK36: =FN35 | FN36: =IF(AND(FI36:FM36),1,0) | FT36: 33 | FY36: =GC35 | GC36: =IF(AND(FX36:GB36),1,0) | GF36: 33 | GK36: =GO20 | GO36: =IF(AND(GJ36:GN36),1,0) | GU36: 33 | GZ36: =HD35 | HD36: =IF(AND(GY36:HC36),1,0) | HK36: 33 | HP36: =HT37 | HT36: =IF(AND(HO36:HS36),1,0) | IL36: 33 | IN36: RAD/ S2 | IQ36: ='Mode Logic'!Q18 | IU36: =IF(AND(IP36:IT36),1,0) | IX36: 33 | IZ36: FAD M | JC36: =JJ12 | JG36: =IF(AND(JB36:JF36),1,0) | JN36: 33 | JP36: FADR6 | JS36: =JJ23 | JT36: =JW35 | JW36: =IF(AND(JR36:JV36),1,0) | KP36: 33 | KU36: 1 | KY36: =IF(AND(KT36:KX36),1,0) | LB36: 33 | LG36: =LK35 | LK36: =IF(AND(LF36:LJ36),1,0) | LM36: APS 1 | LN36: 1 | LR36: 33 | LW36: =MA35 | MA36: =IF(AND(LV36:LZ36),1,0) | MH36: 33 | MM36: =MQ35 | MQ36: =IF(AND(ML36:MP36),1,0)
A37: 34 | F37: =J36 | J37: =IF(AND(E37:I37),1,0) | P37: 34 | U37: =Y36 | Y37: =IF(AND(T37:X37),1,0) | AA37: APS 2 | AB37: 1 | AF37: 34 | AK37: =AO36 | AO37: =IF(AND(AJ37:AN37),1,0) | BI37: 34 | BN37: =BR36 | BR37: =IF(AND(BM37:BQ37),1,0) | BX37: 34 | CC37: =CG36 | CG37: =IF(AND(CB37:CF37),1,0) | CI37: 34 | CK37: TCR6-E | CN37: =CU5 | CR37: =IF(AND(CM37:CQ37),1,0) | DK37: 34 | DM37: HTC | DP37: =DW15 | DT37: =IF(AND(DO37:DS37),1,0) | DZ37: 34 | EE37: =EI36 | EI37: =IF(AND(ED37:EH37),1,0) | EO37: 34 | ET37: =EX36 | EX37: =IF(AND(ES37:EW37),1,0) | FE37: 34 | FJ37: =FN36 | FN37: =IF(AND(FI37:FM37),1,0) | FT37: 34 | FV37: PPR1 | FY37: =FQ10 | FZ37: =GC36 | GC37: =IF(AND(FX37:GB37),1,0) | GF37: 34 | GK37: =GO36 | GO37: =IF(AND(GJ37:GN37),1,0) | GU37: 34 | GZ37: =HD8 | HD37: =IF(AND(GY37:HC37),1,0) | HK37: 34 | HP37: =HT38 | HT37: =IF(AND(HO37:HS37),1,0) | IL37: 34 | IQ37: =HW17 | IU37: =IF(AND(IP37:IT37),1,0) | IX37: 34 | IZ37: FRESH AIR DAMPER | JC37: =JJ12 | JG37: =IF(AND(JB37:JF37),1,0) | JN37: 34 | JS37: =JW36 | JW37: =IF(AND(JR37:JV37),1,0) | KP37: 34 | KU37: =KY38 | KY37: =IF(AND(KT37:KX37),1,0) | LB37: 34 | LG37: =LK101 | LK37: =IF(AND(LF37:LJ37),1,0) | LM37: APS 2 | LN37: 1 | LR37: 34 | LW37: =MA36 | MA37: =IF(AND(LV37:LZ37),1,0) | MH37: 34 | MM37: 1 | MQ37: =IF(AND(ML37:MP37),1,0)
A38: 35 | F38: =J37 | J38: =IF(AND(E38:I38),1,0) | P38: 35 | Q38: HA/24.E5 | U38: =AB36 | Y38: =IF(AND(T38:X38),1,0) | AF38: 35 | AK38: =AO37 | AO38: =IF(AND(AJ38:AN38),1,0) | AT38: GC.K66_+14.35 | AU38: HCR9-O | BI38: 35 | BN38: =BR37 | BR38: =IF(AND(BM38:BQ38),1,0) | BX38: 35 | CC38: =CG37 | CG38: =IF(AND(CB38:CF38),1,0) | CI38: 35 | CN38: =IF(OR(CR37,CR20),1,0) | CR38: =IF(AND(CM38:CQ38),1,0) | DK38: 35 | DP38: =DT37 | DT38: =IF(AND(DO38:DS38),1,0) | DZ38: 35 | EA38: X4 | EB38: TX+ | EE38: 1 | EI38: =IF(AND(ED38:EH38),1,0) | EO38: 35 | EQ38: PPR2 | ET38: =FA11 | EU38: =EX37 | EX38: =IF(AND(ES38:EW38),1,0) | FE38: 35 | FG38: PPR2 | FJ38: =FA11 | FK38: =FN37 | FN38: =IF(AND(FI38:FM38),1,0) | FT38: 35 | FY38: =GC37 | GC38: =IF(AND(FX38:GB38),1,0) | GF38: 35 | GH38: SFC OFF | GK38: =GR15 | GL38: =GO37 | GO38: =IF(AND(GJ38:GN38),1,0) | GU38: 35 | GZ38: =HD37 | HD38: =IF(AND(GY38:HC38),1,0) | HK38: 35 | HM38: EMR | HP38: =HW13 | HT38: =IF(AND(HO38:HS38),1,0) | IL38: 35 | IQ38: =IU37 | IU38: =IF(AND(IP38:IT38),1,0) | JN38: 35 | JS38: =JW36 | JW38: =IF(AND(JR38:JV38),1,0) | KP38: 35 | KU38: 1 | KY38: =IF(AND(KT38:KX38),1,0) | LB38: 35 | LG38: =LK103 | LK38: =IF(AND(LF38:LJ38),1,0) | LR38: 35 | LW38: =MA37 | MA38: =IF(AND(LV38:LZ38),1,0) | MH38: 35 | MM38: =HVAC_IOs!D43 | MQ38: =IF(AND(ML38:MP38),1,0)
A39: 36 | F39: =J38 | J39: =IF(AND(E39:I39),1,0) | P39: 36 | U39: =Y38 | Y39: =IF(AND(T39:X39),1,0) | AF39: 36 | AG39: -HA/24.E5 | AK39: 1 | AO39: =IF(AND(AJ39:AN39),1,0) | BI39: 36 | BN39: =BR35 | BR39: =IF(AND(BM39:BQ39),1,0) | BX39: 36 | CC39: =CG35 | CG39: =IF(AND(CB39:CF39),1,0) | CI39: 36 | CJ39: UD .X14.05-F-A 9 +14.10 | CN39: =CR38 | CR39: =IF(AND(CM39:CQ39),1,0) | DK39: 36 | DM39: FROM APS 415 VAC(PE) | DP39: 1 | DT39: =IF(AND(DO39:DS39),1,0) | DZ39: 36 | EE39: =EI38 | EI39: =IF(AND(ED39:EH39),1,0) | EO39: 36 | ET39: =EX38 | EX39: =IF(AND(ES39:EW39),1,0) | FE39: 36 | FJ39: =FN38 | FN39: =IF(AND(FI39:FM39),1,0) | FT39: 36 | FV39: PPR2 | FY39: =FQ11 | FZ39: =GC38 | GC39: =IF(AND(FX39:GB39),1,0) | GF39: 36 | GK39: =GO38 | GO39: =IF(AND(GJ39:GN39),1,0) | GU39: 36 | GZ39: =HD38 | HD39: =IF(AND(GY39:HC39),1,0) | HK39: 36 | HM39: 110V DC | HP39: =HW18 | HT39: =IF(AND(HO39:HS39),1,0) | IL39: 36 | IQ39: =IU38 | IU39: =IF(AND(IP39:IT39),1,0) | JN39: 36 | JP39: HVAC CAR 1 | JS39: =JW12 | JW39: =IF(AND(JR39:JV39),1,0) | KP39: 36 | KU39: =IF(OR(KY40,KY42,KY44,KY46,KY48,KY50,KY52,KY54,KY56),1,0) | KY39: =IF(AND(KT39:KX39),1,0) | LB39: 36 | LD39: COMPRESSOR 1 Pa=7,5kW p.f.=0,75 | LG39: ='DATA TRANSFER'!AT15 | LH39: =LK38 | LI39: =LK77 | LJ39: =LK104 | LK39: =IF(AND(LF39:LJ39),1,0) | LR39: 36 | LW39: =MA38 | MA39: =IF(AND(LV39:LZ39),1,0) | MH39: 36 | MM39: =MQ15 | MQ39: =IF(AND(ML39:MP39),1,0)
A40: 37 | C40: TERMOSTAT 1 | F40: =M14 | G40: =J39 | J40: =IF(AND(E40:I40),1,0) | P40: 37 | U40: =Y39 | Y40: =IF(AND(T40:X40),1,0) | AF40: 37 | AK40: =AO39 | AO40: =IF(AND(AJ40:AN40),1,0) | AT40: LA.S02 _+14.30 | AU40: SRRB | BI40: 37 | BN40: =BR39 | BR40: =IF(AND(BM40:BQ40),1,0) | BX40: 37 | CC40: =CG39 | CG40: =IF(AND(CB40:CF40),1,0) | CI40: 37 | CN40: =CR38 | CR40: =IF(AND(CM40:CQ40),1,0) | DK40: 37 | DP40: =DT39 | DT40: =IF(AND(DO40:DS40),1,0) | DZ40: 37 | EA40: X4 | EB40: RX+ | EE40: 1 | EI40: =IF(AND(ED40:EH40),1,0) | EO40: 37 | EQ40: TMR2 | ET40: =FA12 | EU40: =EX39 | EX40: =IF(AND(ES40:EW40),1,0) | FE40: 37 | FG40: TMR2 | FJ40: =FA12 | FK40: =FN39 | FN40: =IF(AND(FI40:FM40),1,0) | FT40: 37 | FY40: =GC39 | GC40: =IF(AND(FX40:GB40),1,0) | GF40: 37 | GH40: FADR3 | GK40: =GR11 | GL40: =GO39 | GO40: =IF(AND(GJ40:GN40),1,0) | GU40: 37 | GZ40: 1 | HD40: =IF(AND(GY40:HC40),1,0) | HK40: 37 | HM40: APS1 | HP40: =HW6 | HT40: =IF(AND(HO40:HS40),1,0) | IL40: 37 | IQ40: =IU39 | IU40: =IF(AND(IP40:IT40),1,0) | JN40: 37 | JP40: HVAC CAR 2 | JS40: =IF(OR(JW8,JW15),1,0) | JW40: =IF(AND(JR40:JV40),1,0) | KP40: 37 | KU40: =KY42 | KY40: =IF(AND(KT40:KX40),1,0) | LB40: 37 | LG40: 1 | LK40: =IF(AND(LF40:LJ40),1,0) | LR40: 37 | LW40: =MA39 | MA40: =IF(AND(LV40:LZ40),1,0) | MH40: 37 | MJ40: SMRR | MM40: =IF(OR(MT11=1,MT12=1),0,1) | MQ40: =IF(AND(ML40:MP40),1,0)
A41: 38 | C41: HTC | F41: =M14 | G41: =J40 | J41: =IF(AND(E41:I41),1,0) | P41: 38 | Q41: -HA/24.E5 | U41: =AB36 | Y41: =IF(AND(T41:X41),1,0) | AF41: 38 | AK41: =AO40 | AO41: =IF(AND(AJ41:AN41),1,0) | BI41: 38 | BN41: =BR40 | BR41: =IF(AND(BM41:BQ41),1,0) | BX41: 38 | CC41: =CG40 | CG41: =IF(AND(CB41:CF41),1,0) | CI41: 38 | CJ41: -UD .X63.21-F 9 +63.20 | CN41: =CR40 | CR41: =IF(AND(CM41:CQ41),1,0) | DK41: 38 | DP41: =DT40 | DT41: =IF(AND(DO41:DS41),1,0) | DZ41: 38 | EE41: =EI40 | EI41: =IF(AND(ED41:EH41),1,0) | EO41: 38 | ET41: =EX40 | EX41: =IF(AND(ES41:EW41),1,0) | FE41: 38 | FJ41: =FN40 | FN41: =IF(AND(FI41:FM41),1,0) | FT41: 38 | FV41: TMR2 | FY41: =FQ12 | FZ41: =GC40 | GC41: =IF(AND(FX41:GB41),1,0) | GF41: 38 | GK41: =GO64 | GO41: =IF(AND(GJ41:GN41),1,0) | GU41: 38 | GZ41: =HD40 | HD41: =IF(AND(GY41:HC41),1,0) | HK41: 38 | HP41: =HT40 | HT41: =IF(AND(HO41:HS41),1,0) | IL41: 38 | IQ41: =IU40 | IU41: =IF(AND(IP41:IT41),1,0) | JN41: 38 | JP41: HVAC CAR 3 | JS41: =IF(OR(JW10,JW18),1,0) | JW41: =IF(AND(JR41:JV41),1,0) | KP41: 38 | KR41: 110 VDC | KU41: =KL16 | KY41: =IF(AND(KT41:KX41),1,0) | LB41: 38 | LG41: =LK35 | LK41: =IF(AND(LF41:LJ41),1,0) | LR41: 38 | LW41: 1 | MA41: =IF(AND(LV41:LZ41),1,0) | MH41: 38 | MM41: =MQ25 | MQ41: =IF(AND(ML41:MP41),1,0)
A42: 39 | F42: =J41 | J42: =IF(AND(E42:I42),1,0) | P42: 39 | U42: =Y41 | Y42: =IF(AND(T42:X42),1,0) | AF42: 39 | AG42: HA/24.E5 | AK42: 1 | AO42: =IF(AND(AJ42:AN42),1,0) | BI42: 39 | BN42: =BR33 | BR42: =IF(AND(BM42:BQ42),1,0) | BX42: 39 | CC42: =CG33 | CG42: =IF(AND(CB42:CF42),1,0) | CI42: 39 | CN42: =CR40 | CR42: =IF(AND(CM42:CQ42),1,0) | DK42: 39 | DM42: FROM APS 415 VAC(L1) | DP42: 1 | DT42: =IF(AND(DO42:DS42),1,0) | DZ42: 39 | EA42: X4 | EB42: TX- | EE42: 1 | EI42: =IF(AND(ED42:EH42),1,0) | EO42: 39 | ET42: =EX41 | EX42: =IF(AND(ES42:EW42),1,0) | FE42: 39 | FJ42: =FN38 | FN42: =IF(AND(FI42:FM42),1,0) | FT42: 39 | FY42: =GC41 | GC42: =IF(AND(FX42:GB42),1,0) | GF42: 39 | GK42: =GO40 | GO42: =IF(AND(GJ42:GN42),1,0) | GU42: 39 | GZ42: =HD41 | HD42: =IF(AND(GY42:HC42),1,0) | HK42: 39 | HP42: =HT27 | HT42: =IF(AND(HO42:HS42),1,0) | IL42: 39 | IQ42: =IF(OR(IU41,IU36),1,0) | IU42: =IF(AND(IP42:IT42),1,0) | JN42: 39 | JS42: =JW5 | JW42: =IF(AND(JR42:JV42),1,0) | KP42: 39 | KU42: =KY43 | KY42: =IF(AND(KT42:KX42),1,0) | LB42: 39 | LG42: =LK106 | LK42: =IF(AND(LF42:LJ42),1,0) | LR42: 39 | LW42: =MA41 | MA42: =IF(AND(LV42:LZ42),1,0) | MH42: 39 | MJ42: SMDR | MM42: =IF(OR('DATA TRANSFER'!M12),1,0) | MQ42: =IF(AND(ML42:MP42),1,0)
A43: 40 | B43: HA/08.D6 | F43: 1 | J43: =IF(AND(E43:I43),1,0) | P43: 40 | U43: =Y42 | Y43: =IF(AND(T43:X43),1,0) | AF43: 40 | AK43: =AO42 | AO43: =IF(AND(AJ43:AN43),1,0) | AT43: UD.X14.03-F _+14.10 | BI43: 40 | BK43: EMR | BN43: =BU8 | BO43: =BR42 | BR43: =IF(AND(BM43:BQ43),1,0) | BX43: 40 | BZ43: EMR | CC43: =BU8 | CD43: =CG42 | CG43: =IF(AND(CB43:CF43),1,0) | CI43: 40 | CN43: =CR42 | CR43: =IF(AND(CM43:CQ43),1,0) | DK43: 40 | DP43: =DT42 | DT43: =IF(AND(DO43:DS43),1,0) | DZ43: 40 | EE43: =EI42 | EI43: =IF(AND(ED43:EH43),1,0) | EO43: 40 | ET43: =EX42 | EX43: =IF(AND(ES43:EW43),1,0) | FE43: 40 | FJ43: =FN42 | FN43: =IF(AND(FI43:FM43),1,0) | FT43: 40 | FY43: =GC39 | GC43: =IF(AND(FX43:GB43),1,0) | GF43: 40 | GK43: =GO20 | GO43: =IF(AND(GJ43:GN43),1,0) | GU43: 40 | GZ43: =HD42 | HD43: =IF(AND(GY43:HC43),1,0) | HK43: 40 | HP43: =HT32 | HT43: =IF(AND(HO43:HS43),1,0) | IL43: 40 | IQ43: =IF(OR(IU42,IU41,IU35,IU29,IU23),1,0) | IU43: =IF(AND(IP43:IT43),1,0) | KP43: 40 | KR43: 0 VDC | KU43: 1 | KY43: =IF(AND(KT43:KX43),1,0) | LB43: 40 | LG43: =LK108 | LK43: =IF(AND(LF43:LJ43),1,0) | LR43: 40 | LW43: =MA42 | MA43: =IF(AND(LV43:LZ43),1,0) | MH43: 40 | MM43: =MQ29 | MQ43: =IF(AND(ML43:MP43),1,0)
A44: 41 | F44: =J5 | J44: =IF(AND(E44:I44),1,0) | P44: 41 | R44: PPR2 | U44: =AB34 | V44: =Y34 | W44: =Y37 | X44: =Y40 | Y44: =IF(AND(T44:X44),1,0) | AF44: 41 | AK44: =AO43 | AO44: =IF(AND(AJ44:AN44),1,0) | BI44: 41 | BN44: =BR43 | BR44: =IF(AND(BM44:BQ44),1,0) | BX44: 41 | CC44: =CG43 | CG44: =IF(AND(CB44:CF44),1,0) | CI44: 41 | CJ44: UD .X63.22-F 1 +63.20 | CN44: =CR43 | CR44: =IF(AND(CM44:CQ44),1,0) | DK44: 41 | DL44: LA.F08(49.10) | DM44: CACPN | DP44: =DW19 | DQ44: =DT43 | DT44: =IF(AND(DO44:DS44),1,0) | DZ44: 41 | EA44: X4 | EB44: RX- | EE44: 1 | EI44: =IF(AND(ED44:EH44),1,0) | EO44: 41 | ET44: =EX43 | EX44: =IF(AND(ES44:EW44),1,0) | FE44: 41 | FJ44: =FN43 | FN44: =IF(AND(FI44:FM44),1,0) | FT44: 41 | FV44: SAFC1 | FY44: =FQ21 | FZ44: =GC43 | GC44: =IF(AND(FX44:GB44),1,0) | GF44: 41 | GK44: =GO43 | GO44: =IF(AND(GJ44:GN44),1,0) | GU44: 41 | GZ44: =HD54 | HD44: =IF(AND(GY44:HC44),1,0) | HK44: 41 | HP44: =HT45 | HT44: =IF(AND(HO44:HS44),1,0) | IL44: 41 | IU44: 0 | KP44: 41 | KU44: =KY45 | KY44: =IF(AND(KT44:KX44),1,0) | LB44: 41 | LD44: COMPRESSOR 2 Pa=7,5kW p.f.=0,75 | LG44: =LN18 | LH44: =LK43 | LI44: =LK81 | LJ44: =LK109 | LK44: =IF(AND(LF44:LJ44),1,0) | LR44: 41 | LW44: =MA7 | MA44: =IF(AND(LV44:LZ44),1,0) | MH44: 41 | MM44: =MT23 | MQ44: =IF(AND(ML44:MP44),1,0)
A45: 42 | F45: =J44 | J45: =IF(AND(E45:I45),1,0) | P45: 42 | U45: =Y34 | Y45: =IF(AND(T45:X45),1,0) | AF45: 42 | AH45: PPR 1 | AK45: =AB33 | AL45: =AO35 | AM45: =AO38 | AN45: =AO41 | AO45: =IF(AND(AJ45:AN45),1,0) | AT45: UD.X11.02-F_+11.52 | BI45: 42 | BN45: =BR44 | BR45: =IF(AND(BM45:BQ45),1,0) | BX45: 42 | CC45: =CG44 | CG45: =IF(AND(CB45:CF45),1,0) | CI45: 42 | CN45: =CR43 | CR45: =IF(AND(CM45:CQ45),1,0) | DK45: 42 | DP45: =DT44 | DT45: =IF(AND(DO45:DS45),1,0) | DZ45: 42 | EE45: =EI44 | EI45: =IF(AND(ED45:EH45),1,0) | EO45: 42 | EQ45: TMR1 | ET45: =FA13 | EX45: =IF(AND(ES45:EW45),1,0) | FE45: 42 | FG45: TMR1 | FJ45: =FA13 | FK45: =FN44 | FN45: =IF(AND(FI45:FM45),1,0) | FT45: 42 | FY45: =GC44 | GC45: =IF(AND(FX45:GB45),1,0) | GF45: 42 | GH45: SFC OFF | GK45: =GR15 | GL45: =GO44 | GO45: =IF(AND(GJ45:GN45),1,0) | GU45: 42 | GZ45: =HD44 | HD45: =IF(AND(GY45:HC45),1,0) | HK45: 42 | HM45: EMR | HP45: =HW13 | HQ45: =HT46 | HR45: =HT39 | HT45: =IF(AND(HO45:HS45),1,0) | KP45: 42 | KR45: SMRR 110 V DC | KU45: =KL19 | KY45: =IF(AND(KT45:KX45),1,0) | LB45: 42 | LG45: 1 | LK45: =IF(AND(LF45:LJ45),1,0) | LR45: 42 | LW45: =MA44 | MA45: =IF(AND(LV45:LZ45),1,0) | MH45: 42 | MM45: =MQ25 | MQ45: =IF(AND(ML45:MP45),1,0)
A46: 43 | F46: =J45 | J46: =IF(AND(E46:I46),1,0) | P46: 43 | R46: CMPB1 _13A | U46: =AB17 | V46: =Y45 | W46: =Y50 | X46: =Y53 | Y46: =IF(AND(T46:X46),1,0) | AF46: 43 | AK46: =AO35 | AO46: =IF(AND(AJ46:AN46),1,0) | BI46: 43 | BN46: =BR54 | BO46: =BR45 | BR46: =IF(AND(BM46:BQ46),1,0) | BX46: 43 | CC46: =CG54 | CD46: =CG45 | CG46: =IF(AND(CB46:CF46),1,0) | CI46: 43 | CN46: =CR42 | CR46: =IF(AND(CM46:CQ46),1,0) | DK46: 43 | DP46: =DT45 | DT46: =IF(AND(DO46:DS46),1,0) | DZ46: 43 | EA46: X4 | EB46: GND | EE46: 1 | EI46: =IF(AND(ED46:EH46),1,0) | EO46: 43 | ET46: =EX45 | EX46: =IF(AND(ES46:EW46),1,0) | FE46: 43 | FJ46: =FN45 | FN46: =IF(AND(FI46:FM46),1,0) | FT46: 43 | FV46: TMR1 | FY46: =FQ13 | FZ46: =GC45 | GC46: =IF(AND(FX46:GB46),1,0) | GF46: 43 | GK46: =GO45 | GO46: =IF(AND(GJ46:GN46),1,0) | GU46: 43 | GZ46: =HD45 | HD46: =IF(AND(GY46:HC46),1,0) | HK46: 43 | HM46: 110 V DC | HP46: =HW18 | HT46: =IF(AND(HO46:HS46),1,0) | KP46: 43 | KU46: =KY47 | KY46: =IF(AND(KT46:KX46),1,0) | LB46: 43 | LG46: =LK45 | LK46: =IF(AND(LF46:LJ46),1,0) | LR46: 43 | LW46: =MA45 | MA46: =IF(AND(LV46:LZ46),1,0) | MH46: 43 | MJ46: TCR 6 | MM46: =MT17 | MQ46: =IF(AND(ML46:MP46),1,0)
A47: 44 | F47: =J46 | J47: =IF(AND(E47:I47),1,0) | P47: 44 | U47: =Y46 | Y47: =IF(AND(T47:X47),1,0) | AF47: 44 | AH47: CMPB1 _13A | AK47: =AB7 | AL47: =AO46 | AO47: =IF(AND(AJ47:AN47),1,0) | BI47: 44 | BK47: ESAFC | BN47: =BU10 | BO47: =BR46 | BR47: =IF(AND(BM47:BQ47),1,0) | BX47: 44 | BZ47: ESAFC | CC47: =BU10 | CD47: =CG46 | CG47: =IF(AND(CB47:CF47),1,0) | CI47: 44 | CJ47: UD .X63.22-F 1 +63.20 | CN47: =CR46 | CR47: =IF(AND(CM47:CQ47),1,0) | DK47: 44 | DP47: =DT45 | DQ47: =DT46 | DT47: =IF(AND(DO47:DS47),1,0) | DZ47: 44 | EE47: =EI46 | EI47: =IF(AND(ED47:EH47),1,0) | EO47: 44 | ET47: =EX34 | EX47: =IF(AND(ES47:EW47),1,0) | FE47: 44 | FJ47: =FN34 | FN47: =IF(AND(FI47:FM47),1,0) | FT47: 44 | FY47: =GC46 | GC47: =IF(AND(FX47:GB47),1,0) | GF47: 44 | GH47: FADR4 | GK47: =GR12 | GL47: =GO46 | GO47: =IF(AND(GJ47:GN47),1,0) | GU47: 44 | GZ47: =HD46 | HD47: =IF(AND(GY47:HC47),1,0) | HK47: 44 | HM47: APS 1 | HP47: =HW6 | HT47: =IF(AND(HO47:HS47),1,0) | KP47: 44 | KR47: SMDR 110 V DC | KU47: =KL20 | KY47: =IF(AND(KT47:KX47),1,0) | LB47: 44 | LG47: =LK111 | LK47: =IF(AND(LF47:LJ47),1,0) | LR47: 44 | LW47: =MA46 | MA47: =IF(AND(LV47:LZ47),1,0) | MH47: 44 | MM47: =MQ46 | MQ47: =IF(AND(ML47:MP47),1,0)
A48: 45 | F48: =J47 | J48: =IF(AND(E48:I48),1,0) | P48: 45 | R48: CMPC1 16A | U48: =AB17 | V48: =Y47 | W48: =Y51 | X48: =Y54 | Y48: =IF(AND(T48:X48),1,0) | AF48: 45 | AK48: =AO47 | AO48: =IF(AND(AJ48:AN48),1,0) | AT48: LA.S01_+11.30 | AU48: SMDRB | BI48: 45 | BK48: EMO1- | BN48: =BR47 | BR48: =IF(AND(BM48:BQ48),1,0) | BX48: 45 | BZ48: EMO1- | CC48: =CG47 | CG48: =IF(AND(CB48:CF48),1,0) | CI48: 45 | CN48: =CR46 | CR48: =IF(AND(CM48:CQ48),1,0) | DK48: 45 | DP48: =DT63 | DQ48: =DT47 | DT48: =IF(AND(DO48:DS48),1,0) | DZ48: 45 | EE48: =EI47 | EI48: =IF(AND(ED48:EH48),1,0) | EO48: 45 | EQ48: TMR1_60 SEC | ET48: =FA13 | EU48: =EX47 | EX48: =IF(AND(ES48:EW48),1,0) | FE48: 45 | FJ48: =FN47 | FN48: =IF(AND(FI48:FM48),1,0) | FT48: 45 | FY48: =GC47 | GC48: =IF(AND(FX48:GB48),1,0) | GF48: 45 | GK48: =GO64 | GO48: =IF(AND(GJ48:GN48),1,0) | GU48: 45 | GZ48: =HD47 | HD48: =IF(AND(GY48:HC48),1,0) | HK48: 45 | HP48: =HT47 | HT48: =IF(AND(HO48:HS48),1,0) | KP48: 45 | KU48: =KY49 | KY48: =IF(AND(KT48:KX48),1,0) | LB48: 45 | LG48: =LK47 | LK48: =IF(AND(LF48:LJ48),1,0) | LR48: 45 | LW48: =MA47 | MA48: =IF(AND(LV48:LZ48),1,0) | MH48: 45 | MJ48: FADR | MM48: =MT13 | MQ48: =IF(AND(ML48:MP48),1,0)
A49: 46 | C49: PE | F49: 1 | J49: =IF(AND(E49:I49),1,0) | P49: 46 | U49: =Y48 | V49: =Y48 | Y49: =IF(AND(T49:X49),1,0) | AF49: 46 | AH49: CMPC1 16A | AK49: =AB11 | AL49: =AO48 | AO49: =IF(AND(AJ49:AN49),1,0) | BI49: 46 | BK49: EMO2- | BN49: =BR48 | BR49: =IF(AND(BM49:BQ49),1,0) | BX49: 46 | BZ49: EMO2- | CC49: =CG48 | CG49: =IF(AND(CB49:CF49),1,0) | CI49: 46 | CN49: 1 | CR49: =IF(AND(CM49:CQ49),1,0) | DK49: 46 | DP49: =DT48 | DT49: =IF(AND(DO49:DS49),1,0) | DZ49: 46 | EA49: X5 | EB49: RS 485+ | EE49: 1 | EI49: =IF(AND(ED49:EH49),1,0) | EO49: 46 | ET49: =EX48 | EX49: =IF(AND(ES49:EW49),1,0) | FE49: 46 | FJ49: =FN48 | FN49: =IF(AND(FI49:FM49),1,0) | FT49: 46 | FV49: TMR1 | FY49: =FQ13 | FZ49: =GC48 | GC49: =IF(AND(FX49:GB49),1,0) | GF49: 46 | GK49: =GO47 | GO49: =IF(AND(GJ49:GN49),1,0) | GU49: 46 | GZ49: =IF(OR(HD11,HD16,HD25,HD26),1,0) | HD49: =IF(AND(GY49:HC49),1,0) | HK49: 46 | HP49: =HT27 | HT49: =IF(AND(HO49:HS49),1,0) | KP49: 46 | KR49: SMDR 110 V DC | KU49: =KL21 | KY49: =IF(AND(KT49:KX49),1,0) | LB49: 46 | LD49: COMPRESSOR 3 Pa=7,5kW p.f.=0,75 | LG49: =LN19 | LH49: =LK48 | LI49: =LK83 | LJ49: =LK114 | LK49: =IF(AND(LF49:LJ49),1,0) | LR49: 46 | LT49: SMRR | LW49: =MD11 | MA49: =IF(AND(LV49:LZ49),1,0) | MH49: 46 | MJ49: SFC OFF | MM49: =MT15 | MQ49: =IF(AND(ML49:MP49),1,0)
A50: 47 | C50: GROUND | F50: 1 | J50: =IF(AND(E50:I50),1,0) | P50: 47 | U50: =Y37 | Y50: =IF(AND(T50:X50),1,0) | AF50: 47 | AK50: =AO49 | AO50: =IF(AND(AJ50:AN50),1,0) | BI50: 47 | BN50: =BR12 | BR50: =IF(AND(BM50:BQ50),1,0) | BX50: 47 | CC50: =CG12 | CG50: =IF(AND(CB50:CF50),1,0) | CI50: 47 | CN50: =CR49 | CR50: =IF(AND(CM50:CQ50),1,0) | DK50: 47 | DM50: HEATING P=1.5W | DP50: =DW16 | DT50: =IF(AND(DO50:DS50),1,0) | DZ50: 47 | EE50: =EI49 | EI50: =IF(AND(ED50:EH50),1,0) | EO50: 47 | ET50: =EX34 | EX50: =IF(AND(ES50:EW50),1,0) | FE50: 47 | FJ50: =FN34 | FN50: =IF(AND(FI50:FM50),1,0) | FT50: 47 | FY50: =GC49 | GC50: =IF(AND(FX50:GB50),1,0) | GF50: 47 | GK50: =GO20 | GO50: =IF(AND(GJ50:GN50),1,0) | GU50: 47 | GW50: M DAMPER (FRESH AIR DAMPER 1 RAD 1) | GZ50: =HG13 | HA50: =HD13 | HB50: =HD11 | HD50: =IF(AND(GY50:HC50),1,0) | HK50: 47 | HP50: =HT49 | HT50: =IF(AND(HO50:HS50),1,0) | KP50: 47 | KU50: =KY51 | KY50: =IF(AND(KT50:KX50),1,0) | LB50: 47 | LG50: 1 | LK50: =IF(AND(LF50:LJ50),1,0) | LR50: 47 | LT50: SMDR 1 | LW50: =MD12 | MA50: =IF(AND(LV50:LZ50),1,0) | MH50: 47 | MM50: 1 | MQ50: =IF(AND(ML50:MP50),1,0)
A51: 48 | F51: 1 | J51: =IF(AND(E51:I51),1,0) | P51: 48 | U51: =Y46 | Y51: =IF(AND(T51:X51),1,0) | AF51: 48 | AK51: =AO38 | AO51: =IF(AND(AJ51:AN51),1,0) | AT51: UD.X11.02-F_+11.52 | BI51: 48 | BK51: EMR | BN51: =BU8 | BO51: =BR50 | BR51: =IF(AND(BM51:BQ51),1,0) | BX51: 48 | BZ51: EMR | CC51: =BU8 | CD51: =CG50 | CG51: =IF(AND(CB51:CF51),1,0) | CI51: 48 | CN51: =CR49 | CR51: =IF(AND(CM51:CQ51),1,0) | DK51: 48 | DM51: HEATING P=1.5W | DP51: =DW16 | DT51: =IF(AND(DO51:DS51),1,0) | DZ51: 48 | EA51: X5 | EB51: RS 485- | EE51: 1 | EI51: =IF(AND(ED51:EH51),1,0) | EO51: 48 | ET51: =EX50 | EX51: =IF(AND(ES51:EW51),1,0) | FE51: 48 | FJ51: =FN50 | FN51: =IF(AND(FI51:FM51),1,0) | FT51: 48 | FY51: =GC35 | GC51: =IF(AND(FX51:GB51),1,0) | GF51: 48 | GK51: =GO50 | GO51: =IF(AND(GJ51:GN51),1,0) | GU51: 48 | GZ51: =HD25 | HD51: =IF(AND(GY51:HC51),1,0) | HK51: 48 | HP51: =IF(OR(HW10:HW11),1,0) | HT51: =IF(AND(HO51:HS51),1,0) | KP51: 48 | KR51: FADR 110 V DC | KU51: =KL22 | KY51: =IF(AND(KT51:KX51),1,0) | LB51: 48 | LG51: =LK35 | LK51: =IF(AND(LF51:LJ51),1,0) | LR51: 48 | LT51: SMDR 2 | LW51: =MD12 | MA51: =IF(AND(LV51:LZ51),1,0) | MH51: 48 | MM51: =MQ50 | MQ51: =IF(AND(ML51:MP51),1,0)
A52: 49 | F52: =J51 | J52: =IF(AND(E52:I52),1,0) | P52: 49 | U52: =Y48 | V52: =Y51 | Y52: =IF(AND(T52:X52),1,0) | AF52: 49 | AK52: =AO47 | AL52: =AO51 | AO52: =IF(AND(AJ52:AN52),1,0) | BI52: 49 | BN52: =BR51 | BR52: =IF(AND(BM52:BQ52),1,0) | BX52: 49 | CC52: =CG51 | CG52: =IF(AND(CB52:CF52),1,0) | CI52: 49 | CN52: =CR51 | CR52: =IF(AND(CM52:CQ52),1,0) | DK52: 49 | DM52: FROM APS 415 VAC(L2) | DP52: 1 | DT52: =IF(AND(DO52:DS52),1,0) | DZ52: 49 | EE52: =EI51 | EI52: =IF(AND(ED52:EH52),1,0) | EO52: 49 | EQ52: SMOKE DETECTOR | ET52: =FA20 | EX52: =IF(AND(ES52:EW52),1,0) | FE52: 49 | FJ52: =FN51 | FN52: =IF(AND(FI52:FM52),1,0) | FT52: 49 | FY52: =GC51 | GC52: =IF(AND(FX52:GB52),1,0) | GF52: 49 | GH52: SFC OFF | GK52: =GR15 | GL52: =GO51 | GO52: =IF(AND(GJ52:GN52),1,0) | GU52: 49 | GZ52: =IF(OR(HD36,HD39,HD21,HD43,HD44),1,0) | HD52: =IF(AND(GY52:HC52),1,0) | HK52: 49 | HP52: =HT27 | HT52: =IF(AND(HO52:HS52),1,0) | KP52: 49 | KU52: =KY51 | KY52: =IF(AND(KT52:KX52),1,0) | LB52: 49 | LG52: =LK116 | LK52: =IF(AND(LF52:LJ52),1,0) | LR52: 49 | LT52: FADR | LW52: =MD14 | MA52: =IF(AND(LV52:LZ52),1,0) | MH52: 49 | MM52: =MQ51 | MQ52: =IF(AND(ML52:MP52),1,0)
A53: 50 | C53: GROUND | F53: =J52 | J53: =IF(AND(E53:I53),1,0) | P53: 50 | U53: =Y40 | Y53: =IF(AND(T53:X53),1,0) | AF53: 50 | AK53: =AO49 | AL53: =AO52 | AO53: =IF(AND(AJ53:AN53),1,0) | BI53: 50 | BN53: =BR52 | BR53: =IF(AND(BM53:BQ53),1,0) | BX53: 50 | CC53: =CG52 | CG53: =IF(AND(CB53:CF53),1,0) | CI53: 50 | CN53: =CR51 | CR53: =IF(AND(CM53:CQ53),1,0) | DK53: 50 | DP53: =DT52 | DT53: =IF(AND(DO53:DS53),1,0) | DZ53: 50 | EA53: X5 | EB53: GND | EE53: 1 | EI53: =IF(AND(ED53:EH53),1,0) | EO53: 50 | ET53: =EX52 | EX53: =IF(AND(ES53:EW53),1,0) | FE53: 50 | FJ53: =FN52 | FN53: =IF(AND(FI53:FM53),1,0) | FT53: 50 | FY53: =GC52 | GC53: =IF(AND(FX53:GB53),1,0) | GF53: 50 | GK53: =GO52 | GO53: =IF(AND(GJ53:GN53),1,0) | GU53: 50 | GW53: M DAMPER (FRESH AIR DAMPER 2 RAD 2) | GZ53: =HG14 | HA53: =HD36 | HB53: =HD39 | HD53: =IF(AND(GY53:HC53),1,0) | HK53: 50 | HM53: 110 V DC | HP53: =HW18 | HT53: =IF(AND(HO53:HS53),1,0) | KP53: 50 | KR53: SFC OFF 110 VDC | KU53: 1 | KY53: =IF(AND(KT53:KX53),1,0) | LB53: 50 | LG53: =LK52 | LK53: =IF(AND(LF53:LJ53),1,0) | LR53: 50 | LT53: SFC OFF | LW53: =MD15 | MA53: =IF(AND(LV53:LZ53),1,0) | MH53: 50 | MM53: 1 | MQ53: =IF(AND(ML53:MP53),1,0)
A54: 51 | F54: 1 | J54: =IF(AND(E54:I54),1,0) | P54: 51 | U54: =Y46 | Y54: =IF(AND(T54:X54),1,0) | AF54: 51 | AK54: =AO41 | AO54: =IF(AND(AJ54:AN54),1,0) | BI54: 51 | BN54: =BU9 | BO54: =BR45 | BR54: =IF(AND(BM54:BQ54),1,0) | BX54: 51 | CC54: =BU9 | CD54: =CG45 | CG54: =IF(AND(CB54:CF54),1,0) | CI54: 51 | CN54: =CR53 | CR54: =IF(AND(CM54:CQ54),1,0) | DK54: 51 | DP54: =DT44 | DQ54: =DT53 | DT54: =IF(AND(DO54:DS54),1,0) | DZ54: 51 | EE54: =EI53 | EI54: =IF(AND(ED54:EH54),1,0) | EO54: 51 | EQ54: SMDR | ET54: =IF(OR(FA6,FA7),1,0) | EU54: =EX53 | EX54: =IF(AND(ES54:EW54),1,0) | FE54: 51 | FG54: SMDR | FJ54: 1 | FK54: =FN53 | FN54: =IF(AND(FI54:FM54),1,0) | FT54: 51 | FY54: =GC53 | GC54: =IF(AND(FX54:GB54),1,0) | GF54: 51 | GH54: FADR5 | GK54: =GR13 | GL54: =GO53 | GO54: =IF(AND(GJ54:GN54),1,0) | GU54: 51 | GZ54: =HD43 | HD54: =IF(AND(GY54:HC54),1,0) | HK54: 51 | HM54: PPR1 | HP54: =HW14 | HQ54: =HT53 | HT54: =IF(AND(HO54:HS54),1,0) | KP54: 51 | KU54: =KY55 | KY54: =IF(AND(KT54:KX54),1,0) | LB54: 51 | LG54: =LK53 | LK54: =IF(AND(LF54:LJ54),1,0) | LR54: 51 | LW54: 1 | MA54: =IF(AND(LV54:LZ54),1,0) | MH54: 51 | MM54: =MQ17 | MQ54: =IF(AND(ML54:MP54),1,0)
A55: 52 | F55: =J54 | J55: =IF(AND(E55:I55),1,0) | P55: 52 | U55: =Y48 | V55: =Y54 | Y55: =IF(AND(T55:X55),1,0) | AF55: 52 | AK55: =AO47 | AL55: =AO54 | AO55: =IF(AND(AJ55:AN55),1,0) | AT55: LA.S01_+11.30 | AU55: SMDRB | BI55: 52 | BN55: =BR54 | BR55: =IF(AND(BM55:BQ55),1,0) | BX55: 52 | CC55: =CG54 | CG55: =IF(AND(CB55:CF55),1,0) | CI55: 52 | CN55: =CR54 | CR55: =IF(AND(CM55:CQ55),1,0) | DK55: 52 | DP55: =DT54 | DT55: =IF(AND(DO55:DS55),1,0) | DZ55: 52 | EE55: =EI54 | EI55: =IF(AND(ED55:EH55),1,0) | EO55: 52 | ET55: =EX54 | EX55: =IF(AND(ES55:EW55),1,0) | FE55: 52 | FJ55: =FN54 | FN55: =IF(AND(FI55:FM55),1,0) | FT55: 52 | FV55: SMDR | FY55: =FQ20 | FZ55: =GC54 | GC55: =IF(AND(FX55:GB55),1,0) | GF55: 52 | GK55: =GO64 | GO55: =IF(AND(GJ55:GN55),1,0) | GU55: 52 | GZ55: =HD19 | HD55: =IF(AND(GY55:HC55),1,0) | HK55: 52 | HP55: =HT54 | HT55: =IF(AND(HO55:HS55),1,0) | KP55: 52 | KU55: 1 | KY55: =IF(AND(KT55:KX55),1,0) | LB55: 52 | LD55: COMPRESSOR 4 Pa=7,5kW p.f.=0,75 | LG55: =LN20 | LH55: =LK54 | LI55: =LK87 | LJ55: =LK121 | LK55: =IF(AND(LF55:LJ55),1,0) | LR55: 52 | LT55: ONLY FOR HVAC 2_24 V DC | LW55: =MD16 | MA55: =IF(AND(LV55:LZ55),1,0) | MH55: 52 | MJ55: SMDRB | MM55: =MT11 | MN55: =MQ54 | MQ55: =IF(AND(ML55:MP55),1,0)
A56: 53 | F56: =J55 | J56: =IF(AND(E56:I56),1,0) | P56: 53 | R56: COMPRESSOR 1 (3A) Pa=7.5kW P.f=0.75 | U56: =AB17 | V56: =Y49 | W56: =Y52 | X56: =Y55 | Y56: =IF(AND(T56:X56),1,0) | AF56: 53 | AK56: =AO49 | AL56: =AO55 | AO56: =IF(AND(AJ56:AN56),1,0) | BI56: 53 | BK56: ESAFC | BN56: =BU10 | BO56: =BR55 | BR56: =IF(AND(BM56:BQ56),1,0) | BX56: 53 | BZ56: ESAFC | CC56: =BU10 | CD56: =CG55 | CG56: =IF(AND(CB56:CF56),1,0) | CI56: 53 | CN56: =CR54 | CO56: =CR55 | CR56: =IF(AND(CM56:CQ56),1,0) | DK56: 53 | DP56: =DT63 | DQ56: =DT51 | DT56: =IF(AND(DO56:DS56),1,0) | DZ56: 53 | EE56: =IF(OR(EI5,EI7,EI9,EI11),1,0) | EI56: =IF(AND(ED56:EH56),1,0) | EO56: 53 | ET56: =EX34 | EX56: =IF(AND(ES56:EW56),1,0) | FE56: 53 | FJ56: =FN34 | FN56: =IF(AND(FI56:FM56),1,0) | FT56: 53 | FY56: =GC55 | GC56: =IF(AND(FX56:GB56),1,0) | GF56: 53 | GK56: =GO54 | GO56: =IF(AND(GJ56:GN56),1,0) | GU56: 53 | GW56: EMR | GZ56: =HG10 | HA56: =HD55 | HD56: =IF(AND(GY56:HC56),1,0) | HK56: 53 | HM56: PPR2 | HP56: =HW15 | HQ56: =HT55 | HT56: =IF(AND(HO56:HS56),1,0) | KP56: 53 | KU56: 1 | KY56: =IF(AND(KT56:KX56),1,0) | LB56: 53 | LG56: 1 | LK56: =IF(AND(LF56:LJ56),1,0) | LR56: 53 | LW56: =MA55 | MA56: =IF(AND(LV56:LZ56),1,0) | MH56: 53 | MM56: =MQ26 | MQ56: =IF(AND(ML56:MP56),1,0)
A57: 54 | C57: HTC | F57: =M14 | G57: =J56 | J57: =IF(AND(E57:I57),1,0) | P57: 54 | R57: GROUND | U57: 1 | Y57: =IF(AND(T57:X57),1,0) | AF57: 54 | AH57: COMPRESSOR 1 (3A) Pa=7.5kW P.f=0.75 | AK57: =AB17 | AL57: =AO56 | AO57: =IF(AND(AJ57:AN57),1,0) | BI57: 54 | BK57: EMO2+ | BN57: =BR56 | BR57: =IF(AND(BM57:BQ57),1,0) | BX57: 54 | BZ57: EMO2+ | CC57: =CG56 | CG57: =IF(AND(CB57:CF57),1,0) | CI57: 54 | CN57: =CR53 | CR57: =IF(AND(CM57:CQ57),1,0) | DK57: 54 | DM57: HEATING P=1.5W | DP57: =DW16 | DT57: =IF(AND(DO57:DS57),1,0) | DZ57: 54 | EE57: =IF(OR(EI13,EI15,EI17,EI19),1,0) | EI57: =IF(AND(ED57:EH57),1,0) | EO57: 54 | EQ57: SMTR | ET57: =FA14 | EU57: =EX56 | EX57: =IF(AND(ES57:EW57),1,0) | FE57: 54 | FG57: SMTR | FJ57: =FA14 | FK57: =FN56 | FN57: =IF(AND(FI57:FM57),1,0) | FT57: 54 | FY57: =GC35 | GC57: =IF(AND(FX57:GB57),1,0) | GF57: 54 | GK57: =IF(OR(GO18:GO19),1,0) | GO57: =IF(AND(GJ57:GN57),1,0) | GU57: 54 | GZ57: =HD56 | HD57: =IF(AND(GY57:HC57),1,0) | HK57: 54 | HP57: =HT56 | HT57: =IF(AND(HO57:HS57),1,0) | KP57: 54 | KU57: =KY56 | KY57: =IF(AND(KT57:KX57),1,0) | LB57: 54 | LG57: =LK35 | LK57: =IF(AND(LF57:LJ57),1,0) | LR57: 54 | LW57: =MA55 | MA57: =IF(AND(LV57:LZ57),1,0) | MH57: 54 | MJ57: DI RIO2 PCB 9(24))_I_FADFORCED OPN | MM57: =MT18 | MN57: =MQ56 | MQ57: =IF(AND(ML57:MP57),1,0)
A58: 55 | F58: =J57 | J58: =IF(AND(E58:I58),1,0) | P58: 55 | U58: =Y34 | Y58: =IF(AND(T58:X58),1,0) | AF58: 55 | AH58: GROUND | AK58: 1 | AO58: =IF(AND(AJ58:AN58),1,0) | BI58: 55 | BK58: EMO1+ | BN58: =BR57 | BR58: =IF(AND(BM58:BQ58),1,0) | BX58: 55 | BZ58: EMO1+ | CC58: =CG57 | CG58: =IF(AND(CB58:CF58),1,0) | CI58: 55 | CN58: =CR57 | CR58: =IF(AND(CM58:CQ58),1,0) | DK58: 55 | DM58: FROM APS 415 VAC(L3) | DP58: 1 | DT58: =IF(AND(DO58:DS58),1,0) | DZ58: 55 | EE58: =IF(OR(EI21,EI23,EI25,EI27,EI29,EI31,EI33,EI34,EI35,EI37,),1,0) | EI58: =IF(AND(ED58:EH58),1,0) | EO58: 55 | ET58: =EX57 | EX58: =IF(AND(ES58:EW58),1,0) | FE58: 55 | FJ58: =FN57 | FN58: =IF(AND(FI58:FM58),1,0) | FT58: 55 | FV58: SMTR | FY58: =FQ14 | FZ58: =GC57 | GC58: =IF(AND(FX58:GB58),1,0) | GF58: 55 | GK58: =GO57 | GO58: =IF(AND(GJ58:GN58),1,0) | GU58: 55 | GW58: TX/RX | GZ58: =HD57 | HD58: =IF(AND(GY58:HC58),1,0) | HK58: 55 | HM58: SAFC1 | HP58: =HW11 | HQ58: =HT57 | HT58: =IF(AND(HO58:HS58),1,0) | KP58: 55 | KU58: =KY57 | KY58: =IF(AND(KT58:KX58),1,0) | LB58: 55 | LG58: =LK123 | LK58: =IF(AND(LF58:LJ58),1,0) | LR58: 55 | LW58: =MA56 | MA58: =IF(AND(LV58:LZ58),1,0) | MH58: 55 | MJ58: DI RIO1 PCB 9(24)_I_FADFORCED OPN | MM58: =MT19 | MN58: =MQ56 | MQ58: =IF(AND(ML58:MP58),1,0)
A59: 56 | F59: =J58 | J59: =IF(AND(E59:I59),1,0) | P59: 56 | R59: CMPB2 _13A | U59: =AB18 | V59: =Y58 | W59: =Y63 | X59: =Y66 | Y59: =IF(AND(T59:X59),1,0) | AF59: 56 | AK59: =AO35 | AO59: =IF(AND(AJ59:AN59),1,0) | AT59: LA.S01_+11.30 | AU59: SMDRB | BI59: 56 | BK59: GROUND | BN59: 1 | BR59: =IF(AND(BM59:BQ59),1,0) | BX59: 56 | BZ59: GROUND | CC59: 1 | CG59: =IF(AND(CB59:CF59),1,0) | CI59: 56 | CN59: =CR57 | CO59: =CR58 | CR59: =IF(AND(CM59:CQ59),1,0) | DK59: 56 | DP59: =DT58 | DT59: =IF(AND(DO59:DS59),1,0) | DZ59: 56 | EE59: =IF(OR(EI39,EI41,EI43,EI45,EI48),1,0) | EI59: =IF(AND(ED59:EH59),1,0) | EO59: 56 | ET59: =EX58 | EX59: =IF(AND(ES59:EW59),1,0) | FE59: 56 | FJ59: =FN58 | FN59: =IF(AND(FI59:FM59),1,0) | FT59: 56 | FY59: =GC58 | GC59: =IF(AND(FX59:GB59),1,0) | GF59: 56 | GH59: SFC OFF | GK59: =GR15 | GL59: =GO58 | GO59: =IF(AND(GJ59:GN59),1,0) | GU59: 56 | GW59: 24V | GZ59: 1 | HD59: =IF(AND(GY59:HC59),1,0) | HK59: 56 | HM59: TMR1 | HP59: =HW16 | HQ59: =HT58 | HT59: =IF(AND(HO59:HS59),1,0) | KP59: 56 | KU59: =IF(AND(KY39,KY31,KY23,KY21,KY20),1,0) | KY59: =IF(AND(KT59:KX59),1,0) | LB59: 56 | LG59: =LK58 | LK59: =IF(AND(LF59:LJ59),1,0) | LR59: 56 | LW59: =MA5 | MA59: =IF(AND(LV59:LZ59),1,0) | MH59: 56 | MM59: =MQ29 | MQ59: =IF(AND(ML59:MP59),1,0)
A60: 57 | F60: =J59 | J60: =IF(AND(E60:I60),1,0) | P60: 57 | U60: =Y59 | V60: =Y59 | Y60: =IF(AND(T60:X60),1,0) | AF60: 57 | AH60: CMPB2 _13A | AK60: =AB19 | AL60: =AO59 | AO60: =IF(AND(AJ60:AN60),1,0) | BI60: 57 | BJ60: /06.F2 | BN60: 1 | BR60: =IF(AND(BM60:BQ60),1,0) | BX60: 57 | BY60: /06.F2 | CC60: 1 | CG60: =IF(AND(CB60:CF60),1,0) | CI60: 57 | CN60: =CR53 | CR60: =IF(AND(CM60:CQ60),1,0) | DK60: 57 | DP60: =DT44 | DT60: =IF(AND(DO60:DS60),1,0) | DZ60: 57 | EE60: =IF(OR(EI50,EI52,EI55),1,0) | EI60: =IF(AND(ED60:EH60),1,0) | EO60: 57 | ET60: =EX34 | EX60: =IF(AND(ES60:EW60),1,0) | FE60: 57 | FJ60: =FN34 | FN60: =IF(AND(FI60:FM60),1,0) | FT60: 57 | FY60: =GC59 | GC60: =IF(AND(FX60:GB60),1,0) | GF60: 57 | GK60: =GO59 | GO60: =IF(AND(GJ60:GN60),1,0) | GU60: 57 | GW60: 0V | GZ60: 1 | HD60: =IF(AND(GY60:HC60),1,0) | HK60: 57 | HP60: =HT59 | HT60: =IF(AND(HO60:HS60),1,0) | LB60: 57 | LD60: CONDENSER MOTOR 1 Pa=2,5kW p.f.=0,75 | LG60: =LN22 | LH60: =LK59 | LI60: =LK90 | LJ60: =LK126 | LK60: =IF(AND(LF60:LJ60),1,0) | LR60: 57 | LT60: EMR | LW60: =MD7 | LX60: =MA59 | MA60: =IF(AND(LV60:LZ60),1,0) | MH60: 57 | MM60: =IF(OR(MQ76,MQ94),1,0) | MQ60: =IF(AND(ML60:MP60),1,0)
A61: 58 | F61: =J60 | J61: =IF(AND(E61:I61),1,0) | P61: 58 | R61: CMPC2 16A | U61: =AB18 | V61: =Y60 | W61: =Y64 | X61: =Y67 | Y61: =IF(AND(T61:X61),1,0) | AF61: 58 | AK61: =AO60 | AO61: =IF(AND(AJ61:AN61),1,0) | BI61: 58 | BN61: =BR60 | BR61: =IF(AND(BM61:BQ61),1,0) | BX61: 58 | CC61: =CG60 | CG61: =IF(AND(CB61:CF61),1,0) | CI61: 58 | CN61: =CR60 | CR61: =IF(AND(CM61:CQ61),1,0) | DK61: 58 | DP61: =DT60 | DT61: =IF(AND(DO61:DS61),1,0) | DZ61: 58 | EB61: HVAC 1-2 CONTROL PANEL | EE61: =IF(OR(EI54:EI60),1,0) | EI61: =IF(AND(ED61:EH61),1,0) | EO61: 58 | EQ61: SMRR | ET61: =FA5 | EU61: =EX60 | EX61: =IF(AND(ES61:EW61),1,0) | FE61: 58 | FG61: SMRR | FJ61: =FQ5 | FK61: =FN60 | FN61: =IF(AND(FI61:FM61),1,0) | FT61: 58 | FY61: =GC35 | GC61: =IF(AND(FX61:GB61),1,0) | GF61: 58 | GH61: FADR 6 | GK61: =GR14 | GL61: =GO60 | GO61: =IF(AND(GJ61:GN61),1,0) | GU61: 58 | GZ61: 1 | HD61: =IF(AND(GY61:HC61),1,0) | HK61: 58 | HP61: =HT59 | HT61: =IF(AND(HO61:HS61),1,0) | LB61: 58 | LG61: 1 | LK61: =IF(AND(LF61:LJ61),1,0) | LR61: 58 | LW61: =MA60 | MA61: =IF(AND(LV61:LZ61),1,0) | MH61: 58 | MM61: =MQ29 | MQ61: =IF(AND(ML61:MP61),1,0)
A62: 59 | F62: =M14 | J62: =IF(AND(E62:I62),1,0) | P62: 59 | U62: =Y61 | Y62: =IF(AND(T62:X62),1,0) | AF62: 59 | AH62: CMPC2 16A | AK62: =AB19 | AL62: =AO61 | AO62: =IF(AND(AJ62:AN62),1,0) | BI62: 59 | BJ62: /06.F3 | BN62: 1 | BR62: =IF(AND(BM62:BQ62),1,0) | BX62: 59 | BY62: /06.F3 | CC62: 1 | CG62: =IF(AND(CB62:CF62),1,0) | CI62: 59 | CN62: =CR60 | CO62: =CR61 | CR62: =IF(AND(CM62:CQ62),1,0) | DK62: 59 | DP62: =DT72 | DQ62: =DT61 | DT62: =IF(AND(DO62:DS62),1,0) | EO62: 59 | ET62: =EX61 | EX62: =IF(AND(ES62:EW62),1,0) | FE62: 59 | FJ62: =FN61 | FN62: =IF(AND(FI62:FM62),1,0) | FT62: 59 | FV62: SMRR | FY62: =FQ15 | FZ62: =GC61 | GC62: =IF(AND(FX62:GB62),1,0) | GF62: 59 | GK62: =GO64 | GO62: =IF(AND(GJ62:GN62),1,0) | GU62: 59 | GW62: FADR STATUS | GZ62: =HG11 | HA62: =HD61 | HD62: =IF(AND(GY62:HC62),1,0) | HK62: 59 | HM62: 24 V DC | HP62: =HW17 | HT62: =IF(AND(HO62:HS62),1,0) | LB62: 59 | LG62: =LK61 | LK62: =IF(AND(LF62:LJ62),1,0) | LR62: 59 | LW62: =MA61 | MA62: =IF(AND(LV62:LZ62),1,0) | MH62: 59 | MM62: =IF(OR(MQ76,MQ94),1,0) | MQ62: =IF(AND(ML62:MP62),1,0)
A63: 60 | F63: =J62 | J63: =IF(AND(E63:I63),1,0) | P63: 60 | U63: =Y37 | Y63: =IF(AND(T63:X63),1,0) | AF63: 60 | AK63: =AO62 | AO63: =IF(AND(AJ63:AN63),1,0) | BI63: 60 | BN63: =BR62 | BR63: =IF(AND(BM63:BQ63),1,0) | BX63: 60 | CC63: =CG62 | CG63: =IF(AND(CB63:CF63),1,0) | CI63: 60 | CN63: 1 | CR63: =IF(AND(CM63:CQ63),1,0) | DK63: 60 | DM63: HTC | DP63: =DW15 | DT63: =IF(AND(DO63:DS63),1,0) | EO63: 60 | ET63: =EX62 | EX63: =IF(AND(ES63:EW63),1,0) | FE63: 60 | FJ63: =FN62 | FN63: =IF(AND(FI63:FM63),1,0) | FT63: 60 | FY63: =GC62 | GC63: =IF(AND(FX63:GB63),1,0) | GF63: 60 | GK63: =GO61 | GO63: =IF(AND(GJ63:GN63),1,0) | GU63: 60 | GZ63: =HD62 | HD63: =IF(AND(GY63:HC63),1,0) | HK63: 60 | HM63: TMR1 | HP63: =HW16 | HQ63: =HT62 | HT63: =IF(AND(HO63:HS63),1,0) | LB63: 60 | LG63: =LK62 | LK63: =IF(AND(LF63:LJ63),1,0) | LR63: 60 | LW63: 1 | MA63: =IF(AND(LV63:LZ63),1,0) | MH63: 60 | MM63: =MQ28 | MQ63: =IF(AND(ML63:MP63),1,0)
A64: 61 | F64: =J63 | J64: =IF(AND(E64:I64),1,0) | P64: 61 | U64: =Y59 | V64: =Y63 | Y64: =IF(AND(T64:X64),1,0) | AF64: 61 | AK64: =AO38 | AO64: =IF(AND(AJ64:AN64),1,0) | AT64: LA.S01_+11.30 | AU64: SMDRB | BI64: 61 | BJ64: /06.F6 | BN64: 1 | BR64: =IF(AND(BM64:BQ64),1,0) | BX64: 61 | BY64: /06.F6 | CC64: 1 | CG64: =IF(AND(CB64:CF64),1,0) | CI64: 61 | CN64: =CR63 | CR64: =IF(AND(CM64:CQ64),1,0) | DK64: 61 | DP64: =DT63 | DT64: =IF(AND(DO64:DS64),1,0) | EO64: 61 | ET64: =EX63 | EX64: =IF(AND(ES64:EW64),1,0) | FE64: 61 | FJ64: =FN63 | FN64: =IF(AND(FI64:FM64),1,0) | FT64: 61 | FY64: =GC63 | GC64: =IF(AND(FX64:GB64),1,0) | GF64: 61 | GL64: =GR7 | GO64: =IF(AND(GJ64:GN64),1,0) | GU64: 61 | GZ64: =HD63 | HD64: =IF(AND(GY64:HC64),1,0) | HK64: 61 | HP64: =HT63 | HT64: =IF(AND(HO64:HS64),1,0) | LB64: 61 | LG64: =LK63 | LK64: =IF(AND(LF64:LJ64),1,0) | LR64: 61 | LW64: =MA62 | MA64: =IF(AND(LV64:LZ64),1,0) | MH64: 61 | MM64: =MQ63 | MQ64: =IF(AND(ML64:MP64),1,0)
A65: 62 | C65: HTC | F65: =M14 | G65: =J64 | J65: =IF(AND(E65:I65),1,0) | P65: 62 | U65: =Y61 | Y65: =IF(AND(T65:X65),1,0) | AF65: 62 | AK65: =AO60 | AL65: =AO64 | AO65: =IF(AND(AJ65:AN65),1,0) | BI65: 62 | BN65: =BR64 | BR65: =IF(AND(BM65:BQ65),1,0) | BX65: 62 | CC65: =CG64 | CG65: =IF(AND(CB65:CF65),1,0) | CI65: 62 | CN65: =CR63 | CO65: =CR64 | CR65: =IF(AND(CM65:CQ65),1,0) | DK65: 62 | DP65: =IF(OR(DT64,DT57),1,0) | DT65: =IF(AND(DO65:DS65),1,0) | EO65: 62 | ET65: =EX64 | EX65: =IF(AND(ES65:EW65),1,0) | FE65: 62 | FJ65: =FN64 | FN65: =IF(AND(FI65:FM65),1,0) | FT65: 62 | FY65: =GC64 | GC65: =IF(AND(FX65:GB65),1,0) | GF65: 62 | GK65: =GO21 | GO65: =IF(AND(GJ65:GN65),1,0) | GU65: 62 | GZ65: =HD64 | HD65: =IF(AND(GY65:HC65),1,0) | HK65: 62 | HM65: SAFC2 | HP65: =HW10 | HQ65: =HT64 | HT65: =IF(AND(HO65:HS65),1,0) | LB65: 62 | LD65: SUPPLY AIR FAN 1 Pa=1,25kW p.f.=0,75 | LG65: =LN16 | LH65: =LK64 | LI65: =LK93 | LJ65: =LK136 | LK65: =IF(AND(LF65:LJ65),1,0) | LR65: 62 | LW65: =MA73 | MA65: =IF(AND(LV65:LZ65),1,0) | MH65: 62 | MJ65: 110 V DC | MM65: =MT6 | MQ65: =IF(AND(ML65:MP65),1,0)
A66: 63 | F66: =J65 | J66: =IF(AND(E66:I66),1,0) | P66: 63 | U66: =Y40 | Y66: =IF(AND(T66:X66),1,0) | AF66: 63 | AK66: =AO62 | AL66: =AO65 | AO66: =IF(AND(AJ66:AN66),1,0) | BI66: 63 | BJ66: /06.F4 | BN66: 1 | BR66: =IF(AND(BM66:BQ66),1,0) | BX66: 63 | BY66: /06.F4 | CC66: 1 | CG66: =IF(AND(CB66:CF66),1,0) | CI66: 63 | CN66: 1 | CR66: =IF(AND(CM66:CQ66),1,0) | DK66: 63 | DM66: HEATING P=1.5W | DP66: =DW16 | DT66: =IF(AND(DO66:DS66),1,0) | EO66: 63 | ET66: =EX65 | EX66: =IF(AND(ES66:EW66),1,0) | FE66: 63 | FJ66: =FN65 | FN66: =IF(AND(FI66:FM66),1,0) | FT66: 63 | FY66: =GC65 | GC66: =IF(AND(FX66:GB66),1,0) | GF66: 63 | GK66: =GO28 | GO66: =IF(AND(GJ66:GN66),1,0) | GU66: 63 | GZ66: =IF(OR(HD58,HD63,HD30),1,0) | HD66: =IF(AND(GY66:HC66),1,0) | HK66: 63 | HP66: =HT65 | HT66: =IF(AND(HO66:HS66),1,0) | LB66: 63 | LG66: =LK65 | LK66: =IF(AND(LF66:LJ66),1,0) | LR66: 63 | LW66: =MA73 | MA66: =IF(AND(LV66:LZ66),1,0) | MH66: 63 | MM66: =MQ65 | MQ66: =IF(AND(ML66:MP66),1,0)
A67: 64 | F67: =J66 | J67: =IF(AND(E67:I67),1,0) | P67: 64 | U67: =Y59 | V67: =Y66 | Y67: =IF(AND(T67:X67),1,0) | AF67: 64 | AK67: =AO41 | AO67: =IF(AND(AJ67:AN67),1,0) | BI67: 64 | BN67: =BR66 | BR67: =IF(AND(BM67:BQ67),1,0) | BX67: 64 | CC67: =CG66 | CG67: =IF(AND(CB67:CF67),1,0) | CI67: 64 | CN67: =CR66 | CR67: =IF(AND(CM67:CQ67),1,0) | DK67: 64 | DP67: =DT43 | DT67: =IF(AND(DO67:DS67),1,0) | EO67: 64 | ET67: =EX66 | EX67: =IF(AND(ES67:EW67),1,0) | FE67: 64 | FJ67: =FN66 | FN67: =IF(AND(FI67:FM67),1,0) | FT67: 64 | FY67: =GC66 | GC67: =IF(AND(FX67:GB67),1,0) | GF67: 64 | GK67: =GO36 | GO67: =IF(AND(GJ67:GN67),1,0) | GU67: 64 | GW67: 24 v dc | GZ67: =HG8 | HD67: =IF(AND(GY67:HC67),1,0) | HK67: 64 | HP67: =HT66 | HT67: =IF(AND(HO67:HS67),1,0) | LB67: 64 | LG67: =LK65 | LK67: =IF(AND(LF67:LJ67),1,0) | LR67: 64 | LW67: =MA73 | MA67: =IF(AND(LV67:LZ67),1,0) | MH67: 64 | MJ67: ACCP1N | MM67: =MT7 | MN67: =MQ66 | MQ67: =IF(AND(ML67:MP67),1,0)
A68: 65 | F68: =J67 | J68: =IF(AND(E68:I68),1,0) | P68: 65 | U68: =Y61 | Y68: =IF(AND(T68:X68),1,0) | AF68: 65 | AK68: =AO60 | AL68: =AO67 | AO68: =IF(AND(AJ68:AN68),1,0) | BI68: 65 | BJ68: /06.F7 | BN68: 1 | BR68: =IF(AND(BM68:BQ68),1,0) | BX68: 65 | BY68: /06.F7 | CC68: 1 | CG68: =IF(AND(CB68:CF68),1,0) | CI68: 65 | CN68: =CR66 | CO68: =CR67 | CR68: =IF(AND(CM68:CQ68),1,0) | DK68: 65 | DP68: =DT67 | DT68: =IF(AND(DO68:DS68),1,0) | EO68: 65 | ET68: =IF(OR(EX67,EX55,EX46,EX41),1,0) | EX68: =IF(AND(ES68:EW68),1,0) | FE68: 65 | FJ68: =IF(OR(FN67,FN55,FN46,FN41),1,0) | FN68: =IF(AND(FI68:FM68),1,0) | FT68: 65 | FY68: =GC67 | GC68: =IF(AND(FX68:GB68),1,0) | GF68: 65 | GK68: =GO43 | GO68: =IF(AND(GJ68:GN68),1,0) | GU68: 65 | GZ68: =HD67 | HD68: =IF(AND(GY68:HC68),1,0) | HK68: 65 | HM68: SAFC2 | HP68: =HW10 | HQ68: =HT67 | HT68: =IF(AND(HO68:HS68),1,0) | LB68: 65 | LG68: 1 | LK68: =IF(AND(LF68:LJ68),1,0) | LR68: 65 | LW68: =MA73 | MA68: =IF(AND(LV68:LZ68),1,0) | MH68: 65 | MM68: =MQ67 | MQ68: =IF(AND(ML68:MP68),1,0)
A69: 66 | F69: =M14 | J69: =IF(AND(E69:I69),1,0) | P69: 66 | R69: COMPRESSOR 2 (3A) Pa=7.5kW P.f=0.77 | U69: =AB18 | V69: =Y62 | W69: =Y65 | X69: =Y68 | Y69: =IF(AND(T69:X69),1,0) | AF69: 66 | AK69: =AO62 | AL69: =AO68 | AO69: =IF(AND(AJ69:AN69),1,0) | BI69: 66 | BN69: =BR68 | BR69: =IF(AND(BM69:BQ69),1,0) | BX69: 66 | CC69: =CG68 | CG69: =IF(AND(CB69:CF69),1,0) | CI69: 66 | CN69: 1 | CR69: =IF(AND(CM69:CQ69),1,0) | DK69: 66 | DP69: =DT68 | DT69: =IF(AND(DO69:DS69),1,0) | EO69: 66 | ET69: =IF(OR(EX26,EX21,EX8),1,0) | EX69: =IF(AND(ES69:EW69),1,0) | FE69: 66 | FJ69: =IF(OR(FN26,FN21,FN8),1,0) | FN69: =IF(AND(FI69:FM69),1,0) | FT69: 66 | FY69: =IF(OR(GC68,GC56,GC47,GC42),1,0) | GC69: =IF(AND(FX69:GB69),1,0) | GF69: 66 | GK69: =GO50 | GO69: =IF(AND(GJ69:GN69),1,0) | GU69: 66 | GZ69: =HD67 | HD69: =IF(AND(GY69:HC69),1,0) | HK69: 66 | HP69: =HT68 | HT69: =IF(AND(HO69:HS69),1,0) | LB69: 66 | LG69: =LK35 | LK69: =IF(AND(LF69:LJ69),1,0) | LR69: 66 | LW69: =MA42 | MA69: =IF(AND(LV69:LZ69),1,0) | MH69: 66 | MM69: =MQ68 | MQ69: =IF(AND(ML69:MP69),1,0)
A70: 67 | F70: =J69 | J70: =IF(AND(E70:I70),1,0) | P70: 67 | R70: GROUND | U70: 1 | Y70: =IF(AND(T70:X70),1,0) | AF70: 67 | AH70: COMPRESSOR 2 (3A) Pa=7.5kW P.f=0.75 | AK70: =AB19 | AL70: =AO63 | AM70: =AO66 | AN70: =AO69 | AO70: =IF(AND(AJ70:AN70),1,0) | BI70: 67 | BN70: 1 | BR70: =IF(AND(BM70:BQ70),1,0) | BX70: 67 | CC70: 1 | CG70: =IF(AND(CB70:CF70),1,0) | CI70: 67 | CN70: =CR69 | CR70: =IF(AND(CM70:CQ70),1,0) | DK70: 67 | DP70: =DT69 | DT70: =IF(AND(DO70:DS70),1,0) | FT70: 67 | FY70: =IF(OR(GC22,GC8,GC27),1,0) | GC70: =IF(AND(FX70:GB70),1,0) | GF70: 67 | GK70: =GO57 | GO70: =IF(AND(GJ70:GN70),1,0) | GU70: 67 | GZ70: =HD69 | HD70: =IF(AND(GY70:HC70),1,0) | HK70: 67 | HP70: =HT69 | HT70: =IF(AND(HO70:HS70),1,0) | LB70: 67 | LG70: =LK141 | LK70: =IF(AND(LF70:LJ70),1,0) | LR70: 67 | LW70: =MA69 | MA70: =IF(AND(LV70:LZ70),1,0) | MH70: 67 | MM70: 1 | MQ70: =IF(AND(ML70:MP70),1,0)
A71: 68 | F71: =J70 | G71: =J80 | J71: =IF(AND(E71:I71),1,0) | P71: 68 | U71: =Y34 | Y71: =IF(AND(T71:X71),1,0) | AF71: 68 | AH71: GROUND | AK71: 1 | AO71: =IF(AND(AJ71:AN71),1,0) | BI71: 68 | BN71: 1 | BR71: =IF(AND(BM71:BQ71),1,0) | BX71: 68 | CC71: 1 | CG71: =IF(AND(CB71:CF71),1,0) | CI71: 68 | CN71: =CR69 | CO71: =CR70 | CR71: =IF(AND(CM71:CQ71),1,0) | DK71: 68 | DM71: THR2 | DP71: ='DATA TRANSFER'!AT18 | DQ71: =DT70 | DT71: =IF(AND(DO71:DS71),1,0) | GF71: 68 | GK71: =GO6 | GO71: =IF(AND(GJ71:GN71),1,0) | GU71: 68 | GW71: 24 v dc | GZ71: =HG8 | HD71: =IF(AND(GY71:HC71),1,0) | LB71: 68 | LG71: =LK143 | LK71: =IF(AND(LF71:LJ71),1,0) | LR71: 68 | LW71: =MA61 | MA71: =IF(AND(LV71:LZ71),1,0) | MH71: 68 | MJ71: ACCP1N | MM71: =MT7 | MN71: =MQ70 | MQ71: =IF(AND(ML71:MP71),1,0)
A72: 69 | C72: HTC | F72: =M14 | G72: =J71 | J72: =IF(AND(E72:I72),1,0) | P72: 69 | R72: CMPB3 _13A | U72: =AB22 | V72: =Y71 | W72: =Y76 | X72: =Y79 | Y72: =IF(AND(T72:X72),1,0) | AF72: 69 | AK72: =AO35 | AO72: =IF(AND(AJ72:AN72),1,0) | BI72: 69 | BN72: =BR71 | BR72: =IF(AND(BM72:BQ72),1,0) | BX72: 69 | CC72: =CG71 | CG72: =IF(AND(CB72:CF72),1,0) | CI72: 69 | DK72: 69 | DP72: =DT71 | DT72: =IF(AND(DO72:DS72),1,0) | GF72: 69 | GK72: =GO10 | GO72: =IF(AND(GJ72:GN72),1,0) | GU72: 69 | GW72: TMR2 | GZ72: =HG15 | HA72: =HD71 | HD72: =IF(AND(GY72:HC72),1,0) | LB72: 69 | LG72: =LN32 | LH72: =LK71 | LK72: =IF(AND(LF72:LJ72),1,0) | LR72: 69 | LW72: =MA70 | MA72: =IF(AND(LV72:LZ72),1,0) | MH72: 69 | MM72: =MQ71 | MQ72: =IF(AND(ML72:MP72),1,0)
A73: 70 | F73: =J72 | J73: =IF(AND(E73:I73),1,0) | P73: 70 | U73: =Y72 | V73: =Y72 | Y73: =IF(AND(T73:X73),1,0) | AF73: 70 | AH73: CMPB3 _13A | AK73: =AB20 | AL73: =AO72 | AO73: =IF(AND(AJ73:AN73),1,0) | BI73: 70 | BN73: =BR72 | BR73: =IF(AND(BM73:BQ73),1,0) | BX73: 70 | CC73: =CG72 | CG73: =IF(AND(CB73:CF73),1,0) | CI73: 70 | DK73: 70 | DP73: =IF(OR(DT68,DT44),1,0) | DT73: =IF(AND(DO73:DS73),1,0) | GF73: 70 | GK73: =GO14 | GO73: =IF(AND(GJ73:GN73),1,0) | GU73: 70 | GZ73: =HD72 | HD73: =IF(AND(GY73:HC73),1,0) | LB73: 70 | LC73: X1 | LD73: APS 1_415 VAC _V2 | LG73: =LN36 | LK73: =IF(AND(LF73:LJ73),1,0) | LR73: 70 | LT73: ESAFC | LW73: =MD9 | LX73: =MA64 | LY73: =MA72 | MA73: =IF(AND(LV73:LZ73),1,0) | MH73: 70 | MJ73: SMRR | MM73: =IF(OR(MT11=1,MT12=1),0,1) | MQ73: =IF(AND(ML73:MP73),1,0)
A74: 71 | F74: =J73 | J74: =IF(AND(E74:I74),1,0) | P74: 71 | R74: CMPC3 16A | U74: =AB22 | V74: =Y73 | W74: =Y77 | X74: =Y80 | Y74: =IF(AND(T74:X74),1,0) | AF74: 71 | AK74: =AO73 | AO74: =IF(AND(AJ74:AN74),1,0) | BI74: 71 | BN74: =BU11 | BR74: =IF(AND(BM74:BQ74),1,0) | BX74: 71 | CC74: =BU11 | CG74: =IF(AND(CB74:CF74),1,0) | DK74: 71 | DL74: X6 | DP74: =IF(OR(DT12,DT20,DT28,DT34),1,0) | DT74: =IF(AND(DO74:DS74),1,0) | GU74: 71 | GZ74: =HD73 | HD74: =IF(AND(GY74:HC74),1,0) | LB74: 71 | LG74: =LK73 | LK74: =IF(AND(LF74:LJ74),1,0) | LR74: 71 | LW74: =MD10 | MA74: =IF(AND(LV74:LZ74),1,0) | MH74: 71 | MM74: 1 | MQ74: =IF(AND(ML74:MP74),1,0)
A75: 72 | F75: =J74 | J75: =IF(AND(E75:I75),1,0) | P75: 72 | U75: =Y74 | Y75: =IF(AND(T75:X75),1,0) | AF75: 72 | AH75: CMPC3 16A | AK75: =AB20 | AL75: =AO74 | AO75: =IF(AND(AJ75:AN75),1,0) | BI75: 72 | BN75: =BR74 | BR75: =IF(AND(BM75:BQ75),1,0) | BX75: 72 | CC75: =CG74 | CG75: =IF(AND(CB75:CF75),1,0) | DK75: 72 | DL75: X7 | DP75: =IF(OR(DT41,DT46,DT54,DT60,DT69),1,0) | DT75: =IF(AND(DO75:DS75),1,0) | GU75: 72 | GZ75: =HD74 | HD75: =IF(AND(GY75:HC75),1,0) | LB75: 72 | LG75: =LK74 | LK75: =IF(AND(LF75:LJ75),1,0) | LR75: 72 | LW75: =MA74 | MA75: =IF(AND(LV75:LZ75),1,0) | MH75: 72 | MM75: =MQ76 | MQ75: =IF(AND(ML75:MP75),1,0)
A76: 73 | F76: =M14 | J76: =IF(AND(E76:I76),1,0) | P76: 73 | U76: =Y37 | Y76: =IF(AND(T76:X76),1,0) | AF76: 73 | AK76: =AO75 | AO76: =IF(AND(AJ76:AN76),1,0) | BI76: 73 | BN76: =BR75 | BR76: =IF(AND(BM76:BQ76),1,0) | BX76: 73 | CC76: =CG75 | CG76: =IF(AND(CB76:CF76),1,0) | GU76: 73 | GW76: 24 V (HEC) | GZ76: =HG16 | HD76: =IF(AND(GY76:HC76),1,0) | LB76: 73 | LG76: =LK101 | LK76: =IF(AND(LF76:LJ76),1,0) | LR76: 73 | LW76: =MA75 | MA76: =IF(AND(LV76:LZ76),1,0) | MH76: 73 | MJ76: SMDR | MM76: =IF(OR('DATA TRANSFER'!M12),1,0) | MQ76: =IF(AND(ML76:MP76),1,0)
A77: 74 | F77: =J76 | J77: =IF(AND(E77:I77),1,0) | P77: 74 | U77: =Y72 | V77: =Y76 | Y77: =IF(AND(T77:X77),1,0) | AF77: 74 | AK77: =AO38 | AO77: =IF(AND(AJ77:AN77),1,0) | BI77: 74 | BN77: =BR76 | BR77: =IF(AND(BM77:BQ77),1,0) | BX77: 74 | CC77: =CG76 | CG77: =IF(AND(CB77:CF77),1,0) | GU77: 74 | GZ77: =HD76 | HD77: =IF(AND(GY77:HC77),1,0) | LB77: 74 | LG77: =LK103 | LK77: =IF(AND(LF77:LJ77),1,0) | LR77: 74 | LW77: =MA76 | MA77: =IF(AND(LV77:LZ77),1,0) | MH77: 74 | MM77: 1 | MQ77: =IF(AND(ML77:MP77),1,0)
A78: 75 | F78: =J77 | J78: =IF(AND(E78:I78),1,0) | P78: 75 | U78: =Y74 | Y78: =IF(AND(T78:X78),1,0) | AF78: 75 | AK78: =AO73 | AL78: =AO77 | AO78: =IF(AND(AJ78:AN78),1,0) | BI78: 75 | BN78: =BU11 | BR78: =IF(AND(BM78:BQ78),1,0) | BX78: 75 | CC78: =BU11 | CG78: =IF(AND(CB78:CF78),1,0) | GU78: 75 | GZ78: =HD77 | HD78: =IF(AND(GY78:HC78),1,0) | LB78: 75 | LG78: =LK74 | LK78: =IF(AND(LF78:LJ78),1,0) | LR78: 75 | LW78: =MA77 | MA78: =IF(AND(LV78:LZ78),1,0) | MH78: 75 | MJ78: SMDR | MM78: =IF(OR('DATA TRANSFER'!M12),1,0) | MQ78: =IF(AND(ML78:MP78),1,0)
A79: 76 | C79: TERMOSTAT 2 | F79: =M12 | G79: =J78 | J79: =IF(AND(E79:I79),1,0) | P79: 76 | U79: =Y40 | Y79: =IF(AND(T79:X79),1,0) | AF79: 76 | AK79: =AO75 | AL79: =AO78 | AO79: =IF(AND(AJ79:AN79),1,0) | BI79: 76 | BN79: =BR78 | BR79: =IF(AND(BM79:BQ79),1,0) | BX79: 76 | CC79: =CG78 | CG79: =IF(AND(CB79:CF79),1,0) | GU79: 76 | GZ79: =HD78 | HD79: =IF(AND(GY79:HC79),1,0) | LB79: 76 | LG79: =LK106 | LK79: =IF(AND(LF79:LJ79),1,0) | LR79: 76 | LW79: =MA78 | MA79: =IF(AND(LV79:LZ79),1,0) | MH79: 76 | MM79: =MQ78 | MQ79: =IF(AND(ML79:MP79),1,0)
A80: 77 | F80: =J79 | J80: =IF(AND(E80:I80),1,0) | P80: 77 | U80: =Y72 | V80: =Y79 | Y80: =IF(AND(T80:X80),1,0) | AF80: 77 | AK80: =AO41 | AO80: =IF(AND(AJ80:AN80),1,0) | BI80: 77 | BN80: =BR79 | BR80: =IF(AND(BM80:BQ80),1,0) | BX80: 77 | CC80: =CG79 | CG80: =IF(AND(CB80:CF80),1,0) | GU80: 77 | GZ80: =HD79 | HD80: =IF(AND(GY80:HC80),1,0) | LB80: 77 | LG80: =LK106 | LK80: =IF(AND(LF80:LJ80),1,0) | LR80: 77 | LW80: =MA79 | MA80: =IF(AND(LV80:LZ80),1,0) | MH80: 77 | MJ80: FADR | MM80: =MT13 | MQ80: =IF(AND(ML80:MP80),1,0)
P81: 78 | U81: =Y74 | Y81: =IF(AND(T81:X81),1,0) | AF81: 78 | AK81: =AO73 | AL81: =AO80 | AO81: =IF(AND(AJ81:AN81),1,0) | BI81: 78 | BN81: =BR80 | BR81: =IF(AND(BM81:BQ81),1,0) | BX81: 78 | CC81: =CG80 | CG81: =IF(AND(CB81:CF81),1,0) | GU81: 78 | GZ81: =HD80 | HD81: =IF(AND(GY81:HC81),1,0) | LB81: 78 | LG81: =LK80 | LK81: =IF(AND(LF81:LJ81),1,0) | LR81: 78 | LT81: RETURN AIR DAMPER | LW81: =MD10 | LX81: =MA75 | LY81: =MA76 | LZ81: =MA77 | MA81: =IF(AND(LV81:LZ81),1,0) | MH81: 78 | MJ81: SFC OFF | MM81: =MT15 | MQ81: =IF(AND(ML81:MP81),1,0)
